-829 +149 +487
-854 +147 +382
-838 +208 +550
-826 +226 +543
-811 +249 +545
-784 +350 +554
-750 +365 +530
-637 +328 +342
-328 +276 -178
-247 +286 -268
-079 +301 -282
+180 +196 +276
+143 +033 +828
-058 +024 +260
-374 +130 +794
-447 +199 +917
-526 +260 +979
-598 +462 +040
-529 +452 +040
-383 +391 +040
-078 +240 +508
-037 +131 +240
-022 -095 +780
-048 -188 -402
-052 -139 -488
-041 -132 -445
+016 -008 -200
+021 -007 -094
+017 +049 +075
+018 +132 +512
+008 +098 +548
+035 +175 +813
-122 +052 +770
-181 +066 +905
-317 +048 +973
-538 -030 +040
-488 -007 +040
-418 -012 +016
-212 +152 +582
-173 +177 +386
-158 +103 +181
-242 -204 +794
-217 -076 +712
-191 +066 +597
-212 +012 +524
-224 +047 +483
-276 +037 +403
-426 -012 +392
-455 -002 +438
-510 +076 +518
-506 +614 +162
-630 +066 +928
-689 -006 +735
-752 -176 +874
-730 -120 +925
-695 -108 +899
-666 +086 +790
-645 +098 +803
-645 +076 +844
-668 -006 +850
-662 +042 +811
-664 +013 +827
-654 +044 +788
-640 +048 +785
-441 +303 +898
-456 +288 +869
-506 +360 +788
-485 +304 +845
-474 +279 +851
-432 +334 +840
-435 +315 +871
-434 +274 +856
-318 +330 +892
-367 +345 +933
-396 +355 +912
-418 +398 +830
-419 +412 +837
-419 +408 +829
-444 +280 +808
-443 +275 +875
-432 +288 +918
-422 +440 +902
-414 +450 +882
-415 +372 +902
-416 +352 +834
-405 +345 +807
-380 +370 +831
-348 +432 +932
-319 +457 +893
-293 +508 +866
-260 +504 +940
-262 +520 +886
-247 +594 +845
-242 +674 +922
-269 +568 +938
-324 +390 +846
-378 +144 +806
-328 +147 +889
-247 +214 +117
-260 +018 +246
-253 +067 +144
-229 +239 +987
-230 +444 +838
-235 +450 +916
-215 +493 +915
-172 +698 +030
-193 +716 +013
-237 +573 +991
-282 +318 +852
-266 +403 +829
-245 +504 +782
-260 +592 +672
-285 +550 +654
-299 +533 +655
-288 +594 +704
-290 +593 +764
-285 +592 +818
-290 +642 +762
-297 +619 +739
-289 +622 +741
-288 +606 +750
-284 +608 +772
-280 +604 +781
-274 +572 +774
-276 +579 +771
-275 +599 +776
-266 +602 +724
-271 +608 +749
-271 +606 +759
-280 +598 +804
-281 +620 +797
-282 +621 +777
-286 +620 +778
-283 +623 +803
-279 +625 +803
-276 +612 +728
-280 +595 +737
-283 +587 +761
-284 +572 +782
-281 +582 +777
-284 +600 +781
-278 +644 +770
-285 +624 +783
-284 +629 +791
-284 +596 +740
-283 +579 +749
-286 +588 +765
-294 +606 +748
-296 +609 +772
-291 +633 +807
-298 +662 +814
-300 +637 +773
-300 +608 +747
-294 +508 +706
-277 +472 +683
-221 +437 +604
-026 +250 +320
-004 +111 +241
+050 -120 +074
+298 +012 -552
+519 +506 +362
+530 +931 +201
+454 +040 +040
+476 +040 +991
+477 +712 +693
+638 +848 +398
+647 +408 +105
+565 -151 +590
+244 -862 -234
+234 -771 -329
+100 -907 -620
+082 -898 -822
+504 -448 -362
+982 +392 -048
+050 +732 +040
+768 +386 +040
+568 +713 +040
+362 +270 +094
+361 +059 +261
+393 +746 +389
+498 +056 +030
+387 -166 +759
+169 -362 +409
-264 -596 -442
-359 -393 -350
-429 -145 -185
-538 +382 +576
-603 +280 +641
-662 +246 +701
-630 +630 +980
-634 +642 +931
-659 +553 +802
-656 +388 +564
-645 +387 +618
-614 +401 +681
-612 +304 +686
-620 +338 +689
-629 +398 +701
-674 +394 +806
-655 +382 +804
-635 +366 +801
-616 +280 +608
-651 +342 +667
-635 +439 +718
-626 +414 +736
-636 +343 +731
-636 +352 +700
-608 +404 +590
-596 +356 +651
-623 +329 +621
-616 +392 +760
-600 +424 +750
-614 +394 +761
-636 +384 +566
-642 +377 +704
-650 +313 +721
-608 +454 +504
-619 +402 +692
-611 +412 +665
-614 +466 +792
-632 +356 +721
-623 +387 +723
-610 +364 +784
-622 +442 +760
-626 +411 +715
-618 +392 +664
-630 +357 +681
-639 +347 +692
-606 +570 +730
-617 +453 +716
-621 +445 +695
-652 +284 +652
-629 +332 +695
-626 +426 +714
-612 +340 +726
-617 +416 +730
-623 +413 +688
-634 +344 +700
-629 +373 +697
-439 +385 +873
-439 +462 +705
-418 +600 +768
-423 +520 +801
-431 +439 +832
-444 +304 +916
-439 +328 +930
-440 +364 +928
-448 +398 +924
-461 +369 +893
-451 +377 +910
-426 +376 +866
-431 +344 +849
-427 +335 +850
-430 +372 +846
-447 +354 +832
-445 +372 +842
-434 +392 +880
-428 +384 +872
-423 +384 +840
-416 +410 +812
-424 +408 +777
-422 +388 +727
-402 +338 +684
-386 +329 +696
-360 +282 +728
-254 +282 +622
-228 +249 +373
-123 +295 +350
-030 +092 +066
-043 +192 +199
-040 +297 +142
-042 +422 +158
-059 +388 +252
-075 +431 +399
-140 +536 +868
-142 +523 +782
-154 +497 +736
-090 +404 +652
-067 +391 +638
-049 +298 +475
-054 +224 +238
-080 +156 +184
-129 +072 +114
-224 +004 +684
-250 +015 +636
-267 +044 +548
-358 -058 +362
-363 +005 +307
-367 -016 +202
-404 -080 +152
-403 -114 +209
-359 +043 +347
-334 -084 +472
-326 +024 +593
-254 +216 +609
-160 +238 +536
-130 +284 +640
-130 +391 +154
-336 +466 +004
-330 +623 +020
-347 +625 +930
-312 +546 +594
-273 +521 +550
-207 +439 +487
-172 +104 +274
-121 +182 +244
-114 +113 +249
-196 -228 +042
-239 -180 +977
-296 -142 +868
-458 -166 +732
-469 -071 +713
-506 -085 +630
-586 -034 +450
-585 -024 +384
-606 +005 +375
-654 +134 +524
-662 +124 +526
-672 +124 +520
-694 +022 +596
-717 +016 +625
-740 +069 +697
-738 +332 +746
-735 +308 +736
-754 +198 +728
-738 +108 +702
-726 +067 +722
-721 +030 +779
-744 +040 +936
-715 +164 +866
-724 +165 +783
-764 +156 +648
-728 +201 +606
-715 +145 +548
-806 +638 +852
-842 +343 +818
-820 +217 +759
-740 +164 +734
-753 +168 +546
-748 +053 +504
-706 +428 +066
-721 +271 +781
-729 +258 +814
-770 +172 +544
-767 +116 +684
-752 +192 +575
-744 +114 +730
-749 +156 +728
-744 +176 +652
-758 +082 +742
-352 +220 +985
-384 +244 +807
-410 +212 +806
-376 +324 +910
-352 +448 +943
-352 +486 +944
-382 +468 +974
-396 +539 +154
-342 +598 +610
-304 +515 +529
-246 +387 +245
-114 +116 +494
-097 +105 +248
-039 +063 -015
+100 -008 -338
+206 -073 -342
+360 -155 +052
+694 +606 +490
+618 +112 +765
+415 +240 +903
+236 +806 +040
+385 +036 +040
+596 +830 +784
+726 -324 +586
+611 -447 +319
+451 -523 +022
+134 -924 -524
+045 -984 -897
+270 -751 -988
+208 +492 +566
+175 +153 +303
+732 +137 +672
-034 +108 +040
+068 +354 +040
+175 +074 +038
+562 +520 +648
+647 +172 +360
+617 -309 +895
+252 -990 -124
+067 -851 -244
-134 -687 -195
-314 +058 +344
-298 +281 +673
-327 +473 +997
-444 +400 +294
-461 +297 +184
-432 +317 +110
-354 +456 +042
-363 +360 +006
-381 +260 +965
-362 +270 +934
-359 +339 +948
-367 +360 +988
-372 +266 +004
-353 +263 +964
-360 +231 +917
-414 +268 +188
-410 +276 +070
-380 +218 +615
-384 +172 +110
-372 +144 +998
-358 +259 +960
-354 +442 +066
-356 +398 +960
-367 +308 +995
-312 +364 +922
-537 +417 +504
-484 +391 +642
-422 +390 +848
-423 +352 +877
-422 +311 +905
-428 +288 +944
-430 +290 +931
-436 +273 +913
-474 +216 +920
-452 +336 +996
-439 +376 +020
-444 +202 +942
-451 +156 +875
-418 +340 +936
-380 +588 +084
-397 +459 +947
-406 +313 +789
-298 +600 +942
-300 +467 +905
-290 +384 +832
-326 +282 +800
-318 +281 +846
-332 +248 +855
-298 +566 +936
-315 +554 +877
-341 +482 +766
-378 +560 +724
-374 +528 +892
-366 +459 +945
-354 +492 +898
-365 +416 +842
-381 +400 +887
-394 +492 +000
-374 +529 +004
-363 +539 +923
-334 +594 +980
-315 +595 +984
-306 +553 +872
-288 +552 +674
-311 +463 +723
-346 +437 +829
-350 +544 +760
-366 +543 +741
-379 +546 +799
-376 +592 +750
-366 +566 +814
-368 +503 +836
-378 +392 +678
-370 +452 +627
-384 +481 +651
-448 +492 +760
-453 +498 +800
-457 +519 +823
-466 +502 +818
-470 +482 +825
-467 +504 +849
-472 +478 +794
-475 +478 +763
-466 +524 +752
-544 +528 +818
-572 +548 +931
-660 +665 +002
-712 +082 +044
-743 +046 +069
-697 +890 +143
-522 +878 +822
-422 +856 +618
-354 +602 +443
-260 -020 +052
-278 -051 -020
-269 -002 -067
-290 -124 -344
-365 -307 -273
-334 -196 -168
-140 +516 +052
-082 +519 +062
-144 +614 +310
-194 +710 +076
-342 +616 +249
-555 +828 +545
-754 +040 +040
-659 +823 +040
-554 +254 +821
-280 +628 +322
-205 +523 +102
-143 +197 +807
-048 -400 +062
-076 -616 -079
-149 -022 -332
-036 +244 -214
-123 +142 -391
-168 +053 -412
-176 +062 -060
-205 +384 +476
-284 +778 +781
-470 +386 +164
-460 +588 +031
-508 +373 +247
-500 +280 +772
-466 +392 +838
-427 +204 +612
-348 +744 +086
-330 +648 +098
-288 +566 +121
-292 +272 +884
-297 +161 +761
-382 +089 +605
-460 +180 +268
-515 +066 +263
-572 +048 +146
-688 +300 +052
-708 +204 +062
-742 +123 +101
-714 +274 +238
-731 +285 +310
-712 +339 +378
-714 +314 +376
-726 +293 +476
-711 +335 +473
-768 +418 +626
-732 +512 +567
-757 +457 +557
-784 +360 +466
-812 +448 +584
-789 +556 +632
-798 +516 +554
-790 +485 +597
-646 +925 +580
-694 +710 +760
-820 +167 +722
-746 +315 +610
-666 +480 +508
-680 +302 +598
-671 +315 +651
-664 +534 +688
-717 +458 +629
-715 +452 +601
-694 +438 +700
-702 +340 +640
-687 +436 +653
-692 +348 +628
-684 +447 +561
-685 +453 +604
-801 +420 +447
-799 +563 +334
-894 +518 +492
-887 +531 +592
-870 +555 +643
-866 +440 +556
-857 +470 +631
-868 +500 +749
-860 +382 +794
-834 +353 +728
-808 +370 +600
-726 +534 +288
-671 +473 +229
-638 +322 +145
-476 +170 -400
-367 +219 -617
-212 +132 -906
-010 -386 -858
+096 -259 -665
+155 +220 +001
+080 +924 +040
-277 +513 +040
-482 +477 +040
-610 +122 +040
-524 +954 +824
-401 +707 +480
-222 +114 +554
-271 -028 +288
-326 -062 +104
-376 -216 -766
-409 -264 -894
-408 -263 -844
-330 -116 -986
-253 -074 -747
-191 +047 -303
-080 +424 +366
-155 +712 +815
-355 +033 +428
-812 +074 +040
-786 +310 +040
-609 +442 +040
-154 +224 +720
-145 -062 +262
-155 -417 +660
-404 -866 -564
-525 -124 -599
-596 -752 -058
-498 +216 +068
-621 +982 -318
-765 +653 -391
-940 +392 -014
-909 +522 +170
-926 +497 +340
-958 +178 +410
-938 +163 +401
-915 +147 +402
-922 +146 +430
-926 +179 +364
-925 +233 +326
-924 +384 +340
-947 +306 +370
-931 +318 +366
-916 +252 +368
-913 +242 +366
-917 +215 +378
-890 +254 +388
-899 +259 +322
-910 +215 +292
-942 +194 +256
-931 +243 +266
-923 +311 +253
-900 +716 +536
-939 +480 +381
-940 +377 +402
-908 +258 +214
-925 +222 +209
-923 +233 +263
-912 +256 +266
-901 +291 +288
-931 +302 +290
-944 +188 +238
-935 +299 +238
-931 +381 +217
-938 +268 +324
-920 +177 +539
-933 +206 +476
-844 +446 +434
-872 +417 +441
-907 +414 +443
-954 +376 +466
-956 +347 +426
-948 +322 +438
-878 +386 +576
-833 +370 +581
-726 +345 +428
-348 +354 -284
-266 +222 -533
-127 +102 -794
+198 -156 -998
+292 +164 -536
+277 +334 +509
-270 +822 +040
-445 +944 +040
-528 +393 +040
-456 +510 +040
-272 +325 +905
-061 +011 +483
+252 +164 +698
+243 -148 +373
+098 -542 -311
-178 -834 -310
-200 -697 -304
-136 -399 -905
+088 +226 +248
+118 +302 +362
+160 +728 +695
+188 +882 +880
+023 +289 +960
-182 +281 +000
-250 +906 +040
-158 +031 +831
-044 +771 +703
+146 -012 +836
+082 -045 +719
-021 -221 +572
-290 -676 -026
-410 -522 -261
-553 -195 -283
-724 +414 +182
-786 +335 +200
-843 +265 +268
-892 +452 +316
-911 +449 +307
-926 +399 +364
-912 +220 +460
-892 +276 +458
-890 +310 +404
-868 +308 +262
-872 +301 +263
-859 +304 +305
-884 +264 +326
-896 +285 +322
-900 +312 +335
-894 +270 +388
-896 +259 +387
-884 +435 +557
-904 +158 +282
-900 +282 +288
-894 +245 +440
-884 +200 +324
-885 +210 +378
-873 +260 +459
-902 +214 +316
-903 +262 +364
-895 +292 +348
-888 +298 +330
-891 +303 +371
-272 +237 +966
-245 +300 +852
-236 +306 +164
-259 +311 +228
-297 +327 +270
-332 +492 +588
-319 +531 +506
-288 +531 +387
-204 +446 +178
-169 +335 +068
-135 +170 +858
-094 -140 +130
-059 -133 -145
-022 -136 -525
+278 -200 -958
+520 -071 -943
+010 +172 +002
+244 -198 +040
+769 -388 +040
+488 -199 +040
+170 +152 +524
+145 +178 +782
+200 +146 +839
+360 +076 +636
+406 -009 +366
+376 -159 +972
+226 -392 -144
+127 -377 -382
+051 -332 -693
-018 -202 -290
+149 -122 -044
+504 +051 -750
+282 +132 +752
+233 +093 +396
+757 -161 +718
+166 +244 +040
+150 +287 +040
+227 +290 +040
+422 -130 +870
+496 -208 +568
+519 -298 +073
+280 -544 +094
+085 -616 -154
-102 -476 -251
-434 +040 -150
-465 +227 +137
-529 +229 +472
-630 +190 +034
-625 +142 +945
-614 +129 +837
-600 +138 +820
-602 +210 +889
-600 +296 +880
-608 +352 +820
-599 +332 +835
-591 +287 +822
-584 +218 +832
-573 +231 +843
-549 +262 +763
-596 +258 +390
-584 +219 +078
-564 +217 +780
-584 +170 +138
-581 +157 +980
-573 +277 +831
-598 +126 +014
-584 +151 +889
-574 +165 +856
-552 +206 +888
-550 +254 +782
-558 +257 +799
-582 +138 +862
-553 +247 +849
-550 +307 +806
-552 +254 +862
-557 +223 +831
-531 +226 +981
-324 +278 +979
-322 +252 +997
-348 +158 +944
-321 +217 +898
-302 +296 +887
-272 +416 +942
-302 +329 +953
-333 +299 +997
-410 +286 +088
-407 +334 +120
-406 +374 +093
-384 +374 +064
-384 +359 +099
-359 +325 +092
-304 +162 +850
-302 +116 +730
-274 +054 +571
-180 -128 +126
-146 -129 +065
-034 -077 -054
+332 +102 -568
+602 +260 +016
+656 +110 +028
+244 +664 +040
+168 +667 +040
+091 +526 +848
+122 +520 +940
+175 +351 +799
+258 +118 +384
+262 -416 +364
+162 -494 +269
+098 -552 +103
-048 -588 -418
+012 -552 -509
+174 -397 -615
+724 +294 +340
+766 +659 +187
+569 +908 +614
+204 +748 +040
+191 +577 +040
+206 +455 +942
+344 +248 +440
+354 +008 +262
+283 -424 +885
+052 -868 +348
-069 -833 +193
-198 -611 +122
-438 -110 +276
-468 -080 +344
-505 -010 +577
-606 +020 +888
-634 +001 +886
-644 -007 +857
-632 +040 +902
-636 +009 +905
-633 -044 +866
-624 -120 +804
-617 -087 +838
-612 -036 +856
-598 +034 +836
-609 +038 +833
-608 +063 +852
-622 +080 +830
-609 +078 +833
-616 +030 +809
-636 -048 +848
-630 -006 +873
-626 +002 +871
-610 -034 +824
-610 -036 +803
-611 -045 +771
-604 +214 +048
-632 +118 +974
-635 -023 +841
-580 +096 +604
-602 +008 +790
-610 -050 +758
-626 +040 +904
-616 +033 +866
-631 +024 +793
-642 -028 +904
-635 -015 +843
-685 +380 +657
-703 +449 +683
-804 +480 +840
-829 +469 +898
-837 +524 +910
-844 +504 +794
-835 +448 +748
-823 +380 +765
-768 +402 +764
-775 +319 +641
-769 +284 +654
-660 +312 +874
-645 +251 +789
-624 +152 +552
-590 +086 +210
-575 +091 +165
-538 +091 +053
-402 +146 -304
-330 +133 -392
-239 +038 -518
+196 +328 -768
+466 +498 -365
+595 +299 +735
+240 +494 +040
+072 +820 +040
-086 +904 +040
-182 +768 +948
-071 +826 +994
+000 +175 +435
+124 +148 +436
+044 +061 +202
-082 -112 -038
-420 -216 -206
-466 -193 -217
-498 -136 -308
-508 -086 -400
-430 -053 -286
-312 +045 -199
+126 +518 +198
+199 +499 +602
+051 +273 +231
-188 +512 +040
-280 +723 +040
-392 +763 +040
-492 +682 +040
-366 +572 +040
-257 +185 +835
-044 +104 +270
-010 +015 +087
-062 -141 +731
-258 -466 -144
-364 -314 -258
-445 -092 -314
-670 +138 -096
-675 +174 +040
-715 +201 +190
-848 +202 +492
-851 +246 +539
-867 +273 +460
-924 +194 +440
-905 +246 +470
-888 +313 +516
-866 +372 +472
-874 +319 +455
-889 +243 +432
-910 +098 +524
-889 +146 +529
-872 +190 +510
-850 +190 +418
-877 +175 +447
-872 +223 +481
-832 +290 +448
-848 +283 +410
-862 +257 +401
-892 +192 +392
-900 +183 +415
-892 +354 +587
-884 +236 +284
-870 +258 +406
-881 +259 +522
-852 +176 +410
-865 +225 +466
-868 +259 +388
-854 +252 +424
-298 +232 +958
-334 +167 +827
-322 +312 +950
-313 +371 +985
-312 +442 +936
-352 +462 +920
-356 +492 +934
-351 +505 +950
-318 +514 +110
-272 +538 +296
-214 +472 +412
-080 +280 +326
-068 +207 +181
-043 +080 +911
-098 -282 +082
-130 -362 -122
-093 -397 -413
+214 -124 -678
+907 -094 -468
+474 +638 +286
+352 +304 +040
+235 +071 +040
+205 +395 +824
+224 +034 +914
+339 +944 +976
+553 +597 +833
+776 -358 +686
+610 -537 +287
+392 -692 -166
-060 -748 -832
-105 -654 -962
+058 -502 -998
+988 -230 -214
+514 +365 +285
+301 +692 +163
+318 +100 +040
+151 -023 +040
+174 +509 +040
+434 +926 +040
+589 +579 +855
+748 +151 +554
-514 +350 +761
-502 +345 +688
-500 +342 +670
-503 +386 +655
-523 +491 +683
-582 +706 +924
-562 +659 +067
-512 +764 +221
-370 +040 +148
-367 +011 +075
-325 +917 +873
-246 +952 +588
-209 +917 +567
-203 +876 +503
-188 +810 +350
-194 +784 +282
-214 +769 +230
-256 +774 +168
-280 +765 +184
-334 +712 +223
-430 +682 +210
-436 +724 +204
-451 +727 +184
-458 +678 +092
-456 +599 +117
-461 +508 +125
-488 +254 +240
-495 +158 +263
-480 +021 +276
-492 -242 +398
-478 -306 +529
-481 -316 +694
-404 -158 +948
-387 -186 +994
-353 -223 +957
-238 -054 +910
-197 -058 +067
-167 -136 +129
-060 -106 +124
-003 -129 +135
-008 -260 +218
+224 -004 +410
+200 +033 +376
+223 -034 +393
+242 -096 +494
+300 +112 +498
+306 +161 +485
+360 +422 +490
+371 +465 +483
+381 +546 +438
+330 +682 +290
+322 +619 +341
+307 +561 +353
+296 +434 +210
+256 +387 +140
+218 +394 +079
+126 +432 +952
+093 +424 +869
+038 +414 +795
-122 +348 +752
-147 +358 +698
-192 +347 +666
-294 +336 +718
-311 +344 +643
-339 +311 +628
-418 +198 +648
-434 +229 +650
-461 +259 +691
-520 +346 +754
-521 +390 +725
-524 +403 +731
-548 +300 +762
-553 +285 +756
-561 +327 +799
-552 +388 +756
-543 +382 +734
-537 +367 +754
-544 +308 +782
-534 +322 +815
-551 +335 +900
-554 +348 +770
-544 +394 +578
-534 +436 +813
-524 +294 +708
-530 +350 +737
-524 +446 +770
-556 +250 +846
-540 +340 +827
-540 +413 +784
-428 +556 +832
-441 +456 +830
-480 +407 +709
-512 +454 +748
-535 +390 +794
-538 +382 +785
-536 +422 +828
-549 +357 +825
-530 +382 +811
-504 +512 +676
-521 +425 +776
-522 +407 +809
-520 +306 +734
-379 +254 +700
-466 +407 +679
-502 +408 +778
-540 +331 +902
-545 +366 +813
-572 +380 +708
-580 +331 +774
-588 +356 +730
-530 +380 +798
-528 +297 +864
-542 +321 +830
-552 +336 +854
-899 +295 +353
-929 +179 +467
-900 +266 +290
-894 +289 +265
-872 +333 +288
-846 +248 +324
-853 +254 +384
-856 +237 +404
-830 +278 +636
-828 +294 +645
-824 +280 +659
-798 +244 +718
-780 +227 +616
-756 +207 +506
-708 +258 +480
-695 +264 +516
-712 +248 +563
-822 +322 +730
-846 +333 +814
-829 +374 +885
-716 +476 +906
-652 +544 +804
-553 +664 +586
-310 +898 +086
-296 +866 -069
-273 +683 -069
-336 +180 +358
-304 +225 +395
-275 +203 +432
-270 -156 +456
-196 -182 +514
-149 -241 +670
+022 -266 +100
+023 -299 +121
+074 -403 +103
+162 -550 +166
+215 -504 +248
+303 -393 +282
+478 -420 +262
+496 -499 +389
+544 -537 +529
+630 -416 +664
+664 -268 +625
+666 -239 +638
+752 -088 +468
+819 +056 +424
+884 +341 +557
+822 +580 +818
+825 +533 +722
+772 +417 +529
+612 +160 +198
+568 +173 +112
+489 +155 +021
+350 +386 +924
+309 +454 +877
+222 +385 +694
-020 +108 +254
-050 +268 +343
-116 +322 +361
-254 +312 +464
-295 +338 +417
-353 +327 +401
-492 +240 +490
-569 +194 +617
-632 +203 +732
-732 +092 +686
-767 -010 +613
-795 -152 +590
-806 -164 +648
-776 -029 +672
-763 +069 +740
-750 +194 +700
-746 +213 +672
-762 +185 +635
-802 +102 +674
-786 +119 +683
-772 +160 +659
-762 +172 +656
-756 +197 +589
-750 +164 +615
-716 +280 +610
-750 +214 +657
-772 +171 +662
-776 +166 +636
-761 +226 +665
-756 +233 +661
-754 +078 +664
-763 +042 +648
-766 -012 +659
-782 +116 +668
-755 +255 +664
-770 +219 +640
-720 +378 +568
-745 +203 +667
-719 +288 +674
-832 +279 +338
-844 +232 +340
-808 +204 +466
-800 +136 +603
-804 +094 +596
-828 +124 +548
-861 +145 +623
-872 +218 +666
-830 +354 +706
-848 +369 +775
-803 +576 +768
-674 +068 +780
-663 +980 +689
-593 +875 +485
-432 +616 +068
-373 +570 +103
-316 +519 +126
-224 +426 +130
-236 +357 +128
-222 +275 +225
-220 -010 +546
-187 -073 +526
-139 -237 +595
-050 -552 +734
+019 -558 +824
+099 -483 +825
+350 -172 +108
+352 -299 +423
+357 -596 +582
+410 -886 +444
+546 -669 +530
+582 -468 +611
+788 -192 +594
+780 -144 +614
+829 -022 +603
+924 +084 +584
+963 +161 +473
+986 +351 +497
+972 +808 +584
+927 +802 +502
+862 +803 +388
+672 +610 +092
+606 +510 +062
+521 +435 +015
+304 +408 +774
+228 +376 +755
+150 +381 +649
-014 +424 +432
-057 +423 +453
-124 +437 +422
-260 +444 +326
-299 +416 +360
-353 +371 +397
-478 +310 +398
-519 +313 +418
-573 +249 +410
-788 -166 +622
-836 -231 +619
-845 -150 +649
-806 +050 +704
-795 +089 +700
-776 +161 +679
-744 +398 +582
-752 +372 +620
-767 +281 +639
-776 +232 +684
-763 +251 +646
-762 +244 +605
-742 +332 +460
-757 +309 +527
-758 +313 +555
-792 +200 +610
-791 +212 +633
-804 +241 +630
-768 +366 +574
-772 +294 +627
-778 +291 +637
-778 +244 +494
-785 +244 +429
-790 +241 +552
-702 +166 +852
-708 +311 +424
-754 +271 +546
-846 +172 +672
-828 +233 +495
-838 +271 +575
-810 +270 +650
-791 +314 +594
-795 +268 +566
-804 +360 +603
-793 +324 +555
-782 +258 +310
-800 +249 +365
-798 +292 +397
-850 +304 +608
-905 +386 +590
-940 +416 +631
-926 +554 +756
-866 +658 +714
-768 +772 +601
-584 +840 +202
-528 +828 +072
-434 +733 +066
-318 +510 +108
-287 +441 +162
-283 +334 +216
-258 +202 +418
-264 +142 +455
-266 +030 +543
-244 -248 +804
-198 -323 +844
-121 -322 +833
+072 -408 +004
+029 -436 +121
+137 -413 +075
+048 -100 +590
+151 -951 +553
+264 -555 +512
+456 -134 +738
+390 -234 +767
+384 -388 +847
+546 -308 +012
+672 +114 +764
+680 +464 +694
+678 +852 +836
+653 +700 +735
+655 +680 +596
+656 +836 +436
+570 +811 +333
+489 +820 +045
+216 +576 +558
+154 +554 +499
+088 +527 +470
-096 +444 +266
-126 +444 +166
-202 +395 +210
-368 +292 +590
-379 +322 +477
-451 +288 +461
-686 +170 +306
-715 +091 +263
-731 +014 +355
-746 -094 +830
-751 -036 +819
-763 +056 +760
-806 +074 +632
-790 +104 +663
-806 +068 +780
-816 +110 +750
-792 +187 +672
-787 +195 +670
-778 +270 +638
-774 +292 +584
-762 +287 +591
-808 +224 +506
-803 +250 +454
-790 +304 +494
-800 +374 +606
-790 +344 +612
-781 +341 +469
-828 +040 +414
-812 +059 +559
-773 +172 +627
-726 +452 +432
-747 +363 +555
-753 +324 +852
-798 +248 +614
-831 +158 +501
-845 +104 +514
-804 +154 +560
-767 +340 +553
-777 +262 +561
-768 +270 +572
-780 +289 +551
-784 +235 +621
-766 +250 +750
-794 +221 +516
-804 +245 +569
-806 +204 +692
-800 +216 +537
-790 +244 +579
-836 +140 +540
-825 +178 +529
-867 +223 +425
-881 +064 +432
-812 +152 +462
-802 +196 +471
-817 +188 +497
-886 +136 +548
-937 +187 +596
-945 +352 +602
-916 +620 +740
-883 +653 +697
-797 +753 +575
-588 +926 +192
-551 +852 +088
-515 +744 -081
-310 +552 -060
-299 +449 +092
-287 +312 +277
-318 -036 +398
-299 -104 +353
-262 -205 +412
-178 -354 +636
-100 -362 +765
-116 -416 +926
-038 -454 +390
-041 -374 +348
+014 -464 +409
+060 -294 +292
+160 -256 +300
+206 -322 +403
+390 -124 +652
+401 -167 +739
+429 -169 +710
+514 +186 +738
+583 +510 +712
+592 +641 +724
+634 +076 +704
+612 +076 +625
+571 +036 +555
+528 +004 +222
+499 +016 +152
+445 +950 +040
+296 +540 +740
+207 +438 +763
+126 +404 +571
-052 +510 +112
-113 +456 +181
-186 +407 +315
-348 +438 +326
-390 +357 +346
-454 +307 +285
-540 +220 +250
-590 +167 +291
-657 +093 +373
-788 -026 +478
-807 -054 +523
-816 -075 +585
-788 -016 +718
-782 +038 +771
-794 +070 +825
-844 +080 +664
-856 +093 +689
-838 +125 +720
-812 +082 +710
-785 +161 +648
-762 +232 +572
-762 +206 +426
-782 +162 +472
-792 +137 +465
-824 +180 +634
-825 +295 +676
-830 +254 +581
-784 +238 +476
-789 +181 +550
-808 +137 +735
-778 +398 +276
-850 +165 +313
-832 +321 +428
-818 +006 +690
-773 +192 +671
-788 +274 +570
-785 +264 +230
-815 +264 +406
-822 +170 +628
-822 +209 +530
-839 +233 +467
-880 +262 +426
-890 +209 +466
-876 +305 +493
-886 +500 +688
-861 +515 +670
-814 +652 +542
-620 +930 +120
-588 +774 +092
-564 +619 +081
-468 +440 +112
-473 +359 +151
-451 +281 +196
-364 +088 +172
-276 +060 +238
-190 +015 +326
+022 -238 +630
+041 -369 +772
+018 -675 +105
+064 -710 +404
+085 -633 +387
+166 -483 +322
+326 -034 +342
+331 -120 +325
+364 -236 +433
+502 -196 +484
+479 -235 +578
+534 -033 +610
+466 -196 +916
+569 +092 +924
+648 +383 +807
+690 +626 +650
+707 +924 +554
+629 +989 +474
+458 +720 +320
+453 +744 +112
+422 +820 +112
+330 +746 +012
+302 +741 +781
+222 +701 +657
+030 +616 +488
-017 +614 +449
-082 +584 +373
-254 +460 +398
-295 +409 +365
-360 +353 +375
-502 +198 +374
-524 +148 +327
-583 +050 +370
-688 -074 +386
-703 -051 +404
-740 -013 +517
-790 +174 +722
-802 +136 +652
-832 +056 +654
-826 +134 +568
-827 +102 +621
-817 +120 +583
-798 +206 +676
-808 +261 +623
-813 +258 +609
-924 -048 +530
-870 +085 +491
-836 +165 +557
-778 +340 +618
-772 +353 +568
-788 +302 +521
-808 +124 +592
-830 +116 +596
-837 +194 +596
-832 +180 +588
-833 +217 +519
-820 +113 +553
-800 +330 +380
-817 +284 +491
-852 +162 +469
-824 +312 +530
-859 +351 +482
-827 +272 +430
-844 +208 +392
-831 +288 +406
-851 +305 +473
-906 +422 +592
-909 +516 +548
-844 +674 +493
-706 +828 +358
-646 +804 +291
-596 +692 +236
-412 +642 +100
-401 +617 +146
-385 +550 +199
-424 +134 +396
-428 +007 +368
-412 -010 +366
-236 +002 +566
-206 -058 +588
-239 -313 +857
-252 -354 +010
-202 -292 +110
-174 -280 +095
+048 -066 +968
+049 -136 +019
+113 -218 +066
+288 -332 +332
+346 -342 +303
+392 -405 +289
+518 -318 +480
+584 -334 +502
+671 -337 +645
+760 -234 +804
+809 -089 +663
+818 +021 +663
+896 +026 +508
+814 +778 +498
+780 +610 +416
+746 +948 +318
+686 +819 +331
+662 +803 +163
+538 +830 +976
+473 +713 +783
+365 +585 +785
+130 +348 +582
+059 +379 +469
-022 +433 +432
-192 +494 +188
-221 +517 +291
-257 +524 +315
-408 +448 +410
-454 +456 +422
-489 +461 +404
-612 +362 +458
-619 +344 +459
-660 +276 +460
-698 +204 +474
-714 +148 +489
-736 -001 +533
-826 -346 +650
-807 -238 +651
-811 -157 +702
-826 -016 +694
-830 +040 +690
-814 +085 +662
-892 -116 +878
-814 +058 +722
-830 -004 +621
-828 +140 +424
-840 +136 +500
-826 +200 +454
-848 +080 +606
-834 +108 +590
-833 +149 +574
-846 +084 +570
-832 +144 +535
-816 +253 +535
-834 +156 +652
-855 +100 +629
-847 +114 +503
-896 +078 +366
-833 +188 +499
-835 +122 +601
-882 +192 +350
-888 +162 +405
-871 +117 +519
-842 +174 +532
-820 +291 +500
-834 +195 +571
-872 +203 +493
-868 +215 +495
-896 +114 +360
-883 +190 +393
-865 +183 +405
-812 +132 +520
-837 +134 +484
-891 +225 +450
-012 +162 +682
-963 +365 +664
-862 +597 +674
-768 +638 +472
-751 +646 +346
-690 +708 +175
-524 +682 +058
-510 +591 +069
-475 +472 +042
-446 +208 +250
-442 +161 +300
-428 +068 +413
-458 -104 +632
-430 -119 +557
-413 -156 +632
-316 -442 +862
-351 -491 +815
-317 -432 +854
-212 -256 +054
-194 -250 +011
-133 -347 +223
+032 -200 +222
+030 -153 +350
+008 -203 +521
+042 -198 +770
+030 -333 +764
+073 -380 +770
+326 +274 +040
+299 +220 +994
+298 +298 +844
+378 +110 +438
+309 +000 +444
+253 +942 +356
+180 +870 +822
+129 +882 +836
+058 +844 +802
-070 +640 +710
-128 +644 +652
-176 +599 +655
-264 +676 +404
-292 +640 +446
-323 +605 +468
-404 +518 +478
-443 +468 +402
-482 +500 +314
-564 +498 +250
-588 +415 +238
-650 +301 +214
-704 +352 +110
-718 +315 +085
-757 +175 +257
-772 +170 +470
-786 +055 +491
-831 -051 +361
-898 -042 +282
-909 -014 +367
-928 +013 +498
-878 +148 +458
-906 +085 +510
-901 +077 +469
-916 +138 +424
-907 +082 +416
-908 +051 +471
-848 +130 +456
-867 +105 +475
-864 +126 +453
-910 +014 +400
-897 -024 +524
-859 +053 +555
-882 +074 +352
-858 +187 +393
-882 +121 +476
-922 -008 +410
-922 +014 +384
-899 +075 +504
-890 +090 +402
-878 +122 +465
-864 +154 +480
-908 -028 +548
-898 +096 +506
-903 +130 +517
-880 +152 +394
-876 +142 +562
-869 +154 +551
-874 +243 +483
-912 +454 +390
-890 +484 +398
-885 +438 +504
-806 +460 +500
-801 +369 +440
-795 +281 +472
-676 +538 +390
-617 +616 +416
-610 +577 +398
-638 +352 +262
-624 +194 +352
-574 +030 +410
-512 -298 +592
-479 -198 +569
-420 -091 +521
-320 -104 +338
-363 -279 +463
-345 -334 +652
-272 -394 +832
-269 -421 +936
-207 -301 +121
-156 -036 +282
-152 -127 +282
-061 -187 +328
-046 -114 +346
-006 -126 +378
+041 -054 +508
+066 -066 +724
+062 +013 +661
+112 +267 +767
+086 +124 +040
+173 +204 +003
+240 +260 +889
+408 +826 +490
+309 +866 +328
+163 +837 +091
+166 +298 +620
+137 +137 +861
+070 +933 +733
-092 +606 +942
-122 +552 +839
-176 +555 +650
-308 +488 +372
-295 +508 +414
-329 +427 +526
-426 +312 +276
-435 +364 +199
-498 +332 +224
-632 +310 +328
-619 +422 +376
-634 +399 +341
-716 +224 +364
-733 +192 +367
-767 +075 +399
-856 -168 +448
-865 -101 +447
-857 -020 +427
-854 +088 +524
-876 +074 +565
-865 +088 +540
-850 +142 +548
-868 +122 +455
-893 +123 +501
-954 +314 +500
-955 +268 +536
-978 +175 +524
-884 +100 +500
-853 +149 +437
-839 +159 +493
-826 +198 +502
-839 +186 +419
-836 +171 +347
-840 +212 +514
-860 +419 +631
-912 +243 +525
-048 +028 +078
-946 +099 +249
-895 +106 +436
-880 +220 +346
-854 +175 +462
-871 +200 +442
-936 +038 +326
-916 +111 +328
-025 +057 +360
-856 +228 +534
-854 +251 +537
-910 +253 +484
-920 +224 +468
-914 +142 +280
-890 +224 +373
-866 +328 +376
-820 +546 +266
-800 +526 +314
-804 +503 +287
-662 +576 +164
-664 +504 +316
-623 +491 +319
-600 +258 +204
-574 +272 +179
-554 +233 +383
-490 +218 +546
-467 +153 +562
-432 +083 +620
-340 +006 +534
-307 -140 +599
-285 -369 +658
-188 -510 +708
-119 -490 +906
-082 -475 +078
-014 -380 +330
+013 -310 +294
+064 -261 +419
+178 -174 +600
+192 -259 +620
+213 -404 +647
+312 -364 +674
+397 -093 +685
+400 +095 +613
+482 +828 +658
+488 +924 +592
+391 +709 +605
+362 +912 +500
+320 +899 +380
+258 +951 +330
+302 +144 +814
+283 +110 +911
+190 +858 +830
-010 +398 +618
-066 +405 +491
-117 +427 +371
-268 +470 +382
-283 +515 +422
-337 +529 +461
-446 +474 +266
-487 +447 +378
-513 +448 +384
-578 +448 +264
-621 +339 +267
-667 +280 +316
-718 +246 +380
-753 +148 +404
-796 +040 +498
-796 +130 +420
-828 +022 +481
-853 +030 +488
-830 +294 +312
-869 +148 +512
-822 +245 +553
-868 -024 +664
-878 +072 +587
-830 +234 +500
-944 -034 +504
-903 +041 +564
-889 +066 +519
-842 +120 +286
-845 +208 +348
-806 +362 +282
-890 +024 +466
-891 +110 +505
-912 +060 +400
-046 +036 -404
-964 +185 +159
-903 +182 +356
-872 +022 +302
-861 +156 +418
-866 +178 +467
-840 +222 +356
-862 +178 +394
-878 +136 +459
-929 +272 +515
-968 +187 +564
-812 +618 +574
-792 +667 +536
-795 +597 +440
-732 +680 +192
-659 +721 +176
-576 +721 +103
-412 +528 +190
-388 +405 +278
-363 +277 +401
-312 +038 +368
-300 -022 +433
-285 -153 +519
-242 -260 +692
-236 -358 +866
-259 -489 +946
-256 -600 +096
-248 -555 +232
-221 -322 +326
-188 -286 +656
-218 -328 +529
-223 -307 +602
-178 -102 +522
-144 -046 +519
-137 -011 +630
-038 +322 +554
-046 +306 +602
-021 +427 +571
+040 +514 +660
+099 +820 +613
+068 +970 +449
-088 +842 +002
-058 +016 +996
-079 +995 +935
-112 +802 +980
-122 +766 +885
-177 +607 +783
-334 +314 +056
-350 +411 -006
-347 +384 +068
-416 +294 +114
-452 +273 +281
-477 +260 +326
-718 -252 +534
-741 -196 +572
-774 -122 +485
-896 -042 +442
-846 +082 +496
-816 +107 +609
-808 -108 +610
-812 -151 +638
-813 -092 +564
-858 -100 +564
-858 -017 +533
-833 +121 +510
-868 +142 +454
-845 +195 +420
-870 +237 +616
-904 +136 +300
-866 +123 +323
-854 +126 +491
-832 +178 +468
-841 +131 +456
-830 +394 +506
-936 +232 +426
-897 +211 +495
-875 +222 +469
-794 +272 +628
-822 +210 +476
-827 +266 +422
-892 +126 +566
-875 +200 +530
-857 +192 +478
-880 +208 +562
-846 +263 +550
-878 +061 +570
-924 +110 +420
-888 +331 +394
-921 +082 +476
-868 +246 +506
-831 +356 +418
-829 +283 +508
-836 +384 +496
-852 +278 +483
-910 +230 +464
-907 +210 +479
-972 -008 +442
-915 +249 +424
-865 +441 +407
-876 +512 +460
-846 +575 +464
-796 +677 +394
-674 +784 -178
-607 +637 -018
-538 +417 +113
-812 +387 +351
-860 +340 +402
-850 +370 +425
-848 +367 +450
-854 +342 +412
-884 +341 +400
-937 +464 +436
-036 +732 +456
-014 +773 +469
-977 +714 +413
-878 +444 +334
-832 +363 +364
-794 +189 +424
-702 +014 +402
-690 +001 +298
-646 +029 +257
-612 -018 +244
-615 -091 +302
-605 -144 +344
-482 -070 +488
-423 +015 +530
-341 +141 +586
-188 +418 +816
-140 +461 +895
-070 +594 +954
+040 +902 +120
+065 +954 +170
+085 +033 +144
+110 +222 +074
+119 +236 +019
+135 +277 +983
+188 +320 +916
+200 +241 +836
+223 +085 +801
+260 +766 +816
+247 +714 +798
+225 +630 +799
+164 +432 +868
+144 +417 +860
+102 +375 +900
+006 +288 +028
-018 +265 +024
-041 +263 +027
-082 +342 +044
-105 +320 +091
-130 +283 +134
-176 +224 +122
-193 +215 +117
-218 +210 +103
-238 +252 +046
-230 +287 +020
-223 +315 +989
-214 +378 +006
-207 +389 +957
-213 +391 +922
-218 +400 +882
-220 +429 +871
-234 +458 +846
-256 +426 +894
-257 +418 +911
-267 +414 +904
-238 +476 +910
-276 +477 +070
-287 +307 +913
-312 +368 +770
-319 +330 +872
-303 +387 +826
-306 +374 +836
-301 +356 +862
-304 +334 +860
-320 +284 +986
-874 +416 +320
-854 +474 +242
-774 +490 +410
-758 +477 +429
-766 +448 +394
-784 +350 +352
-780 +263 +374
-778 +143 +349
-704 -070 +276
-709 -046 +303
-650 +111 +434
-518 +466 +514
-500 +346 +567
-420 +235 +655
-270 +096 +880
-191 +158 +886
-079 +404 +903
+076 +090 +396
+074 +129 +350
+102 +189 +291
+150 +340 +044
+152 +368 +090
+166 +310 +997
+180 +022 +784
+185 +885 +760
+195 +722 +755
+216 +520 +766
+219 +526 +743
+215 +542 +769
+206 +524 +832
+191 +464 +877
+139 +366 +935
+004 +184 +126
-024 +227 +121
-085 +172 +179
-220 +072 +254
-232 +098 +250
-240 +125 +241
-238 +166 +106
-226 +202 +052
-208 +260 +983
-192 +316 +964
-191 +312 +920
-177 +344 +935
-160 +414 +938
-158 +418 +956
-154 +439 +964
-144 +490 +982
-155 +455 +978
-163 +431 +970
-156 +452 +922
-172 +422 +990
-198 +305 +973
-224 +288 +942
-226 +299 +972
-229 +327 +998
-226 +418 +870
-225 +383 +897
-237 +359 +935
-920 +466 +433
-888 +566 +342
-842 +516 +304
-817 +516 +370
-805 +511 +337
-794 +390 +286
-802 +260 +306
-803 +053 +303
-746 -320 +344
-692 -292 +358
-595 -177 +333
-418 +248 +312
-362 +328 +316
-332 +248 +503
-194 -148 +030
-066 -034 +158
+131 +472 +280
+400 +442 +980
+410 +536 +856
+399 +658 +815
+340 +752 +786
+325 +727 +772
+295 +595 +695
+260 +180 +436
+279 +067 +455
+322 +977 +508
+400 +780 +502
+404 +762 +583
+380 +658 +709
+294 +508 +944
+253 +484 +953
+208 +445 +025
+042 +240 +198
+006 +279 +173
-029 +334 +182
-140 +220 +264
-168 +234 +191
-195 +243 +170
-214 +328 +048
-216 +346 +015
-212 +352 +960
-200 +424 +914
-184 +481 +858
-185 +492 +863
-186 +496 +896
-200 +506 +883
-211 +519 +879
-132 +950 +796
-186 +591 +890
-211 +467 +811
-262 +408 +840
-267 +435 +872
-280 +459 +886
-274 +474 +876
-271 +464 +881
-278 +436 +903
-322 +446 +894
-773 +482 +425
-765 +443 +381
-738 +326 +430
-729 +347 +438
-724 +442 +433
-690 +578 +404
-701 +463 +351
-712 +284 +304
-696 -104 +408
-664 -191 +489
-581 -159 +525
-374 +100 +692
-320 +163 +699
-262 +143 +750
-054 +162 +004
+016 +388 +016
+094 +788 +099
+126 +302 +300
+135 +325 +184
+136 +388 +087
+132 +356 +808
+139 +310 +796
+140 +215 +735
+162 +848 +660
+170 +725 +719
+168 +665 +775
+196 +722 +858
+201 +693 +843
+202 +606 +830
+178 +408 +926
+158 +357 +002
+129 +280 +037
+070 +182 +124
+043 +161 +173
+001 +118 +195
-090 +076 +192
-100 +126 +175
-119 +134 +156
-170 +090 +028
-184 +099 +013
-204 +105 +006
-214 +158 +962
-223 +150 +980
-231 +174 +996
-232 +254 +986
-211 +314 +933
-157 +562 +797
-188 +336 +228
-178 +214 +115
-184 +206 +066
-184 +300 +964
-179 +262 +992
-179 +248 +014
-166 +302 +768
-174 +385 +963
-187 +298 +958
-210 +250 +980
-209 +249 +952
-215 +255 +972
-441 +505 -081
-598 +440 +006
-770 +260 +324
-772 +229 +356
-768 +207 +346
-760 +202 +416
-749 +135 +435
-705 +049 +417
-588 -088 +310
-541 -044 +435
-454 +111 +543
-286 +368 +670
-240 +407 +728
-157 +421 +799
-030 +512 +058
+021 +763 +146
+057 +134 +133
+086 +640 +960
+084 +573 +902
+115 +457 +772
+174 +206 +518
+198 +154 +557
+238 +088 +588
+294 +958 +706
+305 +876 +817
+288 +719 +923
+222 +350 +126
+191 +302 +147
+139 +236 +138
-018 +020 +220
-094 -032 +220
-170 -044 +212
-296 -054 +082
-291 +040 +028
-280 +132 +050
-266 +126 +084
-262 +166 +044
-254 +185 +020
-244 +218 +028
-236 +267 +977
-238 +328 +946
-236 +410 +982
-227 +424 +976
-223 +443 +938
-236 +400 +952
-230 +420 +947
-245 +355 +996
-228 +370 +656
-240 +355 +879
-242 +383 +895
-266 +250 +864
-266 +299 +929
-282 +312 +881
-867 +386 +391
-842 +419 +330
-744 +420 +442
-733 +398 +357
-732 +328 +288
-732 -032 +290
-732 -119 +327
-703 -163 +325
-596 -192 +296
-537 -082 +320
-423 +090 +421
-208 +196 +058
-151 +182 +106
-052 +298 +070
+202 +870 +302
+213 +180 +162
+217 +426 +918
+190 +560 +796
+168 +491 +788
+162 +450 +617
+184 +442 +508
+209 +408 +495
+248 +301 +511
+328 +012 +572
+334 +924 +579
+327 +785 +696
+300 +594 +970
+271 +527 +925
+211 +464 +007
+022 +308 +112
-043 +243 +168
-116 +240 +239
-236 +224 +284
-250 +227 +185
-267 +289 +016
-300 +348 +880
-306 +326 +916
-310 +340 +915
-310 +394 +904
-310 +399 +889
-303 +440 +870
-282 +530 +786
-279 +527 +825
-283 +541 +851
-292 +498 +762
-295 +522 +790
-296 +516 +806
-314 +606 +794
-306 +548 +835
-318 +472 +805
-340 +510 +900
-335 +498 +864
-320 +484 +815
-312 +504 +930
-827 +387 +343
-848 +303 +334
-816 +310 +364
-786 +368 +390
-760 +383 +359
-730 +202 +142
-733 +014 +229
-728 -232 +418
-588 -234 +764
-495 -009 +752
-357 +207 +813
-090 +390 +978
+016 +474 +897
+123 +548 +765
+346 +176 +834
+344 +442 +770
+314 +616 +667
+256 +738 +306
+256 +722 +227
+275 +669 +099
+306 +486 +118
+321 +364 +144
+330 +184 +187
+348 +920 +386
+340 +885 +446
+337 +892 +650
+252 +824 +978
+205 +780 +977
+140 +676 +963
+016 +512 +026
+014 +549 +966
-007 +535 +934
-062 +420 +914
-094 +456 +976
-140 +499 +025
-258 +454 +958
-284 +455 +946
-304 +456 +914
-348 +394 +738
-347 +419 +714
-338 +486 +693
-318 +616 +662
-312 +649 +647
-303 +671 +672
-290 +846 +716
-307 +649 +785
-323 +558 +808
-328 +570 +744
-319 +580 +754
-316 +550 +757
-306 +608 +820
-309 +575 +809
-317 +570 +812
-334 +560 +814
-329 +545 +800
-325 +541 +794
-316 +510 +844
-944 +735 +246
-871 +631 +266
-788 +532 +298
-784 +518 +276
-773 +477 +283
-764 +228 +316
-767 +150 +324
-747 +095 +381
-662 +014 +472
-606 +017 +486
-514 +085 +541
-318 +300 +588
-272 +380 +614
-201 +497 +682
-088 +722 +820
-044 +889 +862
+018 +113 +850
+108 +678 +668
+107 +652 +565
+111 +647 +424
+138 +550 +234
+160 +485 +243
+187 +349 +276
+252 +000 +386
+264 +919 +389
+269 +811 +462
+226 +586 +756
+190 +596 +917
+119 +512 +025
-026 +306 +224
-063 +283 +201
-106 +287 +188
-194 +344 +156
-178 +379 +143
-149 +424 +090
-132 +596 +888
-142 +535 +865
-158 +483 +911
-176 +470 +960
-174 +466 +943
-166 +492 +908
-148 +584 +796
-139 +587 +828
-141 +590 +883
-160 +596 +862
-151 +689 +744
-153 +718 +741
-188 +332 +038
-191 +345 +973
-193 +419 +927
-194 +590 +906
-153 +770 +557
-161 +728 +722
-150 +616 +828
-177 +580 +857
-192 +552 +858
-196 +486 +766
-716 +518 +259
-743 +548 +321
-766 +378 +368
-760 +416 +392
-745 +467 +367
-710 +414 +326
-703 +326 +335
-656 +149 +308
-552 -194 +438
-498 -219 +536
-456 -123 +570
-230 +446 +702
-216 +575 +720
-142 +600 +844
+084 +978 +944
+088 +037 +831
+092 +147 +841
+110 +622 +682
+106 +686 +632
+124 +678 +510
+174 +530 +352
+184 +444 +332
+189 +255 +328
+178 +848 +416
+167 +797 +460
+145 +745 +511
+102 +734 +742
+089 +689 +781
+075 +640 +817
+080 +600 +958
+066 +577 +958
+033 +557 +899
-024 +514 +986
-055 +440 +064
-090 +416 +071
-186 +386 +054
-189 +381 +108
-183 +398 +086
-172 +414 +898
-164 +445 +843
-163 +451 +834
-136 +506 +882
-138 +552 +878
-131 +617 +910
-142 +574 +880
-137 +545 +860
-135 +502 +836
-128 +488 +812
-122 +500 +838
-099 +561 +864
-166 +512 +938
-154 +514 +851
-144 +526 +890
-108 +582 +918
-119 +559 +919
-125 +536 +885
-138 +488 +894
-137 +503 +869
-140 +505 +880
-707 +543 +398
-720 +539 +436
-752 +422 +318
-737 +439 +402
-718 +478 +420
-690 +410 +432
-675 +323 +464
-651 +183 +460
-578 -016 +476
-541 +012 +519
-477 +109 +519
-288 +426 +648
-272 +415 +762
-219 +471 +786
-080 +758 +840
-045 +835 +825
+020 +025 +772
+084 +582 +624
+049 +482 +711
+040 +396 +621
+044 +260 +572
+061 +234 +598
+104 +184 +570
+162 +996 +550
+173 +942 +500
+181 +878 +491
+190 +738 +614
+180 +719 +651
+148 +665 +696
+078 +500 +872
+058 +449 +985
+028 +421 +062
-062 +414 +228
-078 +401 +239
-103 +408 +186
-122 +434 +092
-123 +396 +076
-119 +413 +021
-128 +432 +972
-122 +454 +952
-121 +485 +900
-112 +498 +896
-114 +492 +892
-125 +490 +857
-148 +494 +828
-148 +493 +814
-142 +629 +910
-166 +358 +828
-178 +346 +838
-176 +419 +890
-166 +338 +912
-155 +458 +890
-120 +659 +742
-124 +510 +888
-141 +508 +932
-154 +505 +896
-695 +573 +268
-715 +607 +295
-786 +302 +194
-758 +413 +301
-725 +467 +357
-666 +404 +348
-671 +256 +360
-662 +120 +396
-544 +110 +500
-485 +191 +526
-392 +299 +551
-248 +390 +608
-199 +319 +751
-099 +334 +836
+238 +784 +744
+269 +953 +722
+307 +244 +666
+318 +810 +502
+305 +822 +400
+285 +754 +334
+278 +588 +240
+289 +491 +220
+291 +340 +242
+284 +918 +358
+286 +869 +384
+290 +826 +396
+278 +778 +568
+269 +761 +633
+252 +731 +696
+160 +644 +836
+135 +615 +894
+095 +551 +997
+008 +454 +098
-004 +467 +109
-037 +470 +094
-084 +456 +018
-100 +444 +038
-114 +455 +024
-156 +476 +894
-150 +492 +896
-150 +500 +905
-154 +512 +830
-152 +514 +810
-145 +514 +811
-140 +592 +774
-131 +595 +775
-118 +677 +717
-158 +710 +968
-169 +630 +922
-183 +554 +870
-184 +516 +716
-186 +556 +832
-186 +552 +857
-196 +562 +836
-205 +555 +843
-212 +539 +798
-220 +510 +840
-688 +708 +493
-698 +680 +468
-750 +522 +454
-736 +538 +482
-709 +560 +435
-686 +408 +392
-672 +355 +431
-670 +277 +440
-618 +094 +370
-590 +112 +402
-544 +214 +420
-442 +494 +450
-417 +488 +493
-380 +512 +526
-296 +692 +502
-219 +626 +619
-122 +592 +775
+098 +132 +704
+117 +356 +716
+147 +573 +581
+136 +686 +426
+152 +619 +417
+154 +419 +482
+148 +982 +488
+182 +029 +431
+238 +013 +369
+272 +784 +306
+261 +801 +378
+249 +793 +453
+262 +778 +722
+262 +826 +818
+215 +720 +974
+026 +412 +246
-023 +386 +271
-073 +376 +329
-154 +358 +158
-166 +352 +133
-169 +426 +001
-180 +514 +856
-187 +453 +821
-201 +471 +824
-214 +516 +760
-211 +518 +790
-193 +553 +810
-150 +724 +818
-190 +663 +820
-215 +542 +822
-232 +472 +864
-198 +483 +769
-194 +512 +974
-304 +550 +820
-303 +519 +854
-286 +385 +972
-134 +774 +548
-125 +645 +717
-655 +497 +431
-656 +581 +346
-618 +698 +506
-619 +635 +464
-618 +538 +449
-602 +142 +566
-601 +034 +544
-566 -013 +502
-396 -066 +602
-307 +153 +559
-222 +442 +518
-076 +782 +586
-025 +782 +469
+063 +888 +607
+232 +202 +768
+268 +345 +687
+309 +424 +585
+348 +456 +264
+367 +564 +241
+360 +600 +198
+312 +298 +208
+311 +265 +179
+323 +167 +188
+388 +884 +140
+388 +896 +200
+371 +885 +200
+330 +782 +400
+310 +776 +528
+278 +806 +608
+202 +812 +846
+150 +736 +849
+070 +706 +852
-088 +666 +080
-099 +623 +086
-108 +668 +994
-082 +656 +724
-070 +607 +729
-043 +674 +889
-020 +880 +834
-025 +798 +672
-047 +695 +647
-048 +572 +668
-047 +665 +748
-051 +763 +695
-056 +826 +574
-074 +765 +570
-099 +704 +609
-144 +644 +724
-156 +930 +871
-154 +739 +836
-194 +510 +984
-195 +613 +914
-198 +601 +874
-196 +574 +720
-194 +563 +723
-187 +605 +765
-720 +610 +361
-718 +643 +325
-718 +524 +382
-711 +542 +240
-709 +578 +134
-782 +392 +368
-760 +319 +476
-692 +214 +537
-518 -042 +696
-438 -015 +659
-349 +093 +460
-156 +524 +452
-120 +645 +484
-036 +767 +565
+214 +252 +426
+234 +484 +262
+249 +585 +141
+296 +770 +066
+308 +756 -123
+291 +754 -220
+192 +526 -298
+178 +392 -212
+176 +181 -045
+144 +708 +396
+122 +713 +481
+118 +780 +489
+130 +928 +470
+135 +916 +455
+133 +876 +510
+100 +770 +638
+079 +741 +682
+048 +688 +776
-046 +598 +960
-074 +594 +953
-117 +615 +953
-190 +650 +052
-189 +630 +056
-185 +639 +985
-166 +604 +888
-167 +581 +886
-191 +563 +820
-222 +520 +722
-227 +514 +742
-234 +498 +748
-232 +510 +768
-225 +506 +886
-244 +441 +901
-294 +402 +846
-281 +452 +879
-274 +442 +897
-282 +390 +702
-279 +437 +771
-276 +475 +877
-270 +478 +896
-745 +480 +244
-750 +461 +280
-768 +112 +386
-780 +094 +411
-776 +089 +451
-646 -084 +578
-556 -113 +682
-397 -101 +801
-022 +022 +832
+092 +281 +722
+204 +701 +560
+332 +480 +592
+319 +536 +498
+309 +627 +337
+296 +930 -060
+285 +863 -180
+269 +740 -142
+272 +396 -304
+288 +337 -196
+300 +192 -026
+296 +838 +220
+301 +861 +337
+281 +904 +469
+226 +850 +750
+181 +789 +781
+145 +760 +813
+026 +672 +904
+009 +602 +912
-044 +577 +000
-150 +546 +924
-176 +544 +949
-204 +561 +952
-236 +610 +780
-216 +655 +781
-204 +635 +832
-184 +592 +872
-183 +568 +829
-183 +613 +766
-164 +726 +654
-157 +711 +669
-161 +693 +686
-176 +902 +716
-186 +768 +759
-210 +606 +823
-210 +654 +650
-215 +691 +729
-215 +660 +721
-216 +666 +778
-215 +658 +785
-219 +639 +762
-224 +640 +758
-219 +624 +747
-221 +619 +761
-666 +529 +363
-682 +537 +394
-626 +606 +354
-613 +641 +390
-614 +590 +437
-632 +434 +604
-634 +328 +540
-611 +278 +541
-532 +256 +556
-481 +239 +558
-378 +288 +531
-226 +564 +566
-202 +667 +539
-164 +804 +478
+002 +188 +454
+024 +252 +480
+065 +318 +365
+148 +498 +082
+146 +518 +004
+131 +506 +040
+124 +424 +168
+129 +346 +121
+146 +264 +110
+226 +028 +172
+240 +990 +205
+249 +937 +235
+236 +824 +406
+216 +779 +503
+169 +714 +728
+070 +500 +054
+043 +465 +070
+008 +423 +050
-102 +264 +094
-116 +212 +134
-150 +166 +147
-178 +200 +166
-187 +220 +142
-184 +249 +117
-180 +262 +016
-179 +278 +985
-175 +321 +975
-176 +394 +920
-168 +421 +926
-144 +535 +864
-160 +460 +948
-172 +372 +902
-186 +358 +927
-228 +266 +960
-236 +309 +950
-237 +275 +949
-212 +430 +952
-209 +356 +975
-217 +348 +993
-860 +380 +414
-793 +378 +418
-720 +128 +442
-717 +074 +447
-685 +024 +504
-586 -142 +616
-533 -044 +686
-451 +061 +727
-240 +274 +736
-167 +414 +747
-107 +515 +870
-008 +734 +852
+018 +782 +880
+082 +883 +896
+240 +272 +594
+243 +407 +518
+253 +535 +396
+274 +566 +232
+280 +463 +358
+291 +339 +441
+296 +080 +516
+298 +965 +576
+291 +813 +652
+238 +534 +690
+227 +500 +768
+198 +544 +821
+166 +590 +960
+141 +552 +001
+107 +494 +973
+012 +348 +122
-041 +302 +138
-099 +285 +142
-168 +358 +232
-156 +366 +213
-142 +390 +133
-106 +408 +996
-100 +445 +961
-104 +445 +903
-132 +372 +002
-132 +368 +978
-142 +393 +934
-160 +368 +962
-162 +415 +924
-165 +438 +900
-178 +444 +896
-174 +465 +880
-179 +459 +881
-176 +426 +942
-185 +388 +915
-178 +360 +884
-196 +448 +010
-202 +443 +975
-202 +393 +931
-212 +332 +016
-720 +554 +343
-722 +505 +336
-644 +514 +438
-653 +492 +436
-655 +420 +423
-646 +150 +460
-621 +095 +510
-555 +093 +532
-376 +242 +612
-311 +346 +609
-240 +427 +694
-040 +588 +056
+027 +730 +886
+097 +991 +709
+156 +772 +478
+127 +717 +457
+115 +628 +383
+154 +478 +322
+174 +417 +322
+194 +341 +358
+220 +038 +390
+215 +934 +413
+201 +815 +472
+162 +634 +630
+158 +631 +736
+136 +573 +899
+040 +416 +012
+026 +447 +030
-015 +401 +078
-108 +266 +212
-125 +285 +233
-145 +322 +250
-190 +318 +166
-197 +303 +051
-196 +298 +004
-188 +402 +980
-515 +412 +716
-507 +488 +721
-512 +516 +668
-503 +515 +711
-508 +510 +710
-522 +462 +732
-517 +472 +746
-492 +497 +736
-438 +696 +652
-393 +946 +534
-323 +268 +402
-112 +540 +136
-040 +325 +017
+025 +849 +003
+078 -152 +344
+065 -163 +413
+101 -016 +426
+274 +476 +544
+338 +617 +716
+448 +751 +902
+540 +942 +426
+479 +948 +733
+332 +745 +877
-016 +416 +538
-061 +496 +445
-087 +541 +361
-092 +458 +288
-081 +346 +046
-059 +428 +832
-020 +424 +650
-032 +467 +649
+003 +447 +576
+016 +284 +510
+043 +280 +513
+065 +191 +593
+090 +084 +688
+075 +155 +664
+129 +290 +611
+210 +138 +822
+204 +255 +921
+231 +400 +143
+232 +974 +548
+228 +028 +609
+178 +811 +726
+064 +236 +040
+007 +153 +951
-047 +168 +607
-182 +402 +926
-234 +378 +867
-302 +280 +783
-474 -022 +500
-482 -060 +554
-472 -053 +617
-444 -054 +780
-431 -101 +672
-428 -146 +605
-366 -100 +712
-352 -063 +837
-303 -063 +958
-182 +162 +210
-138 +205 +263
-089 +310 +259
-018 +350 +268
+022 +456 +160
+056 +593 +062
+120 +088 +846
+118 +225 +822
+112 +458 +744
+054 +672 +590
+045 +639 +544
+004 +514 +442
-042 +286 +354
-075 +127 +228
-155 +034 +265
-264 +772 +310
-326 +615 +312
-403 +511 +345
-458 +478 +474
-403 +478 +681
-402 +318 +926
-512 -136 +174
-592 -286 +197
-673 -401 +116
-782 -568 +670
-763 -358 +756
-742 -379 +964
-864 -230 +116
-808 -123 +368
-780 -115 +892
-682 -432 +722
-654 -463 +656
-605 -404 +649
-504 -026 +594
-500 +119 +604
-486 +230 +607
-440 +458 +614
-395 +552 +585
-325 +757 +557
-270 +828 +568
-242 +873 +472
-216 +909 +347
-134 +770 +174
-118 +712 +168
-035 +705 +173
+184 +654 +164
+253 +757 +315
+286 +870 +577
+324 +420 +194
+313 +321 +196
+377 +314 +149
+460 +002 +108
+526 +874 +232
+561 +753 +263
+588 +548 +260
+576 +389 +317
+536 +155 +388
+414 -336 +168
+343 -444 +102
+221 -489 +106
-064 -518 +152
-082 -570 +151
-086 -471 +182
+060 -018 +064
+085 -091 +069
+155 -084 +192
+424 +204 +150
+507 +367 +042
+613 +558 +912
+762 +922 +614
+740 +987 +514
+691 +114 +643
+666 +040 +650
+744 +988 +781
+871 +989 +900
+126 +718 +172
+108 +569 +166
+020 +399 +139
+778 +042 +336
+709 -130 +377
+628 -332 +340
+512 -316 +320
+519 -218 +369
+571 -107 +267
+642 +150 +948
+617 +252 +989
+559 +390 +873
+388 +484 +962
+371 +454 +981
+406 +486 +839
+418 +046 +238
+369 +226 +193
+341 +347 +449
+366 +128 +024
+386 +971 +003
+385 +848 +932
+458 +680 +992
+464 +610 +979
+454 +509 +045
+376 +244 +138
+356 +215 +132
+317 +094 +167
+116 -222 +188
+155 -228 +212
+109 -262 +400
-030 -510 +608
-027 -535 +473
-048 -584 +306
-066 -720 +988
-021 -640 +941
+074 -442 +889
+256 +098 +986
+292 +208 +036
+330 +308 +079
+410 +518 +136
+394 +587 +134
+346 +660 +038
+254 +644 +790
+183 +668 +731
+154 +670 +701
+108 +838 +726
+156 +905 +722
+180 +080 +652
+110 +340 +562
+066 +340 +580
+033 +292 +646
-010 +094 +800
-029 +981 +806
-062 +850 +814
-124 +576 +742
-149 +542 +719
-188 +499 +727
-236 +370 +804
-268 +284 +809
-309 +097 +840
-444 -508 +170
-546 -576 +308
-577 -597 +266
-610 -478 +104
-596 -500 +076
-593 -487 +092
-592 -182 +136
-570 -073 +122
-538 +000 +999
-506 +108 +724
-513 +158 +664
-511 +207 +593
-494 +340 +310
-472 +300 +246
-419 +317 +265
-272 +292 +382
-214 +271 +402
-094 +259 +402
+258 +548 +412
+379 +775 +429
+429 +018 +374
+466 +322 +208
+513 +303 +330
+589 +318 +524
+646 +418 +806
+627 +490 +820
+587 +415 +778
+520 +164 +872
+510 +097 +967
+489 +029 +054
+414 +840 +032
+390 +798 +074
+388 +761 +007
+342 +578 +984
+305 +568 +963
+278 +499 +868
+180 +290 +584
+112 +111 +558
+007 -025 +586
-070 +030 +538
-080 +109 +535
-056 +189 +567
+076 +494 +616
+115 +502 +626
+200 +607 +619
+386 +842 +726
+410 +912 +797
+452 +960 +864
+520 +014 +986
+527 +957 +056
+542 +946 +153
+572 +922 +310
+556 +851 +221
+545 +729 +126
+396 +582 +174
+352 +525 +192
+276 +392 +213
+110 +056 +070
+051 +106 +057
-013 +093 +037
-042 +298 +884
-015 +316 +913
-054 +190 +997
-100 +024 +100
-061 +135 +063
-014 +263 +018
+052 +470 +024
+067 +449 +024
+093 +442 +984
+128 +526 +808
+153 +507 +765
+159 +544 +678
+200 +504 +710
+199 +573 +735
+238 +569 +782
+374 +654 +844
+429 +654 +819
+469 +759 +808
+540 +998 +830
+527 +087 +774
+506 +093 +694
+444 +032 +624
+431 +014 +568
+402 +957 +482
+330 +736 +316
+330 +682 +289
+282 +741 +270
+206 +032 +298
+183 +117 +305
+170 +174 +349
+222 +106 +404
+226 +039 +439
+246 +010 +586
+244 +884 +932
+205 +856 +932
+151 +846 +901
+022 +778 +926
-004 +713 +890
-047 +578 +950
-134 +114 +154
-188 +019 +192
-257 -052 +219
-334 -042 +946
-315 +017 +777
-263 +057 +568
-006 +176 +278
+127 +228 +339
+309 +406 +562
+532 +924 +946
+540 +947 +904
+560 +876 +881
+608 +770 +856
+600 +752 +816
+601 +691 +798
+586 +564 +670
+592 +586 +665
+602 +605 +647
+666 +540 +624
+695 +548 +559
+713 +540 +507
+676 +414 +640
+725 +301 +650
+779 +274 +668
+810 +228 +694
+869 +190 +722
+920 +139 +787
+020 +202 +232
+013 +225 +325
+999 +166 +316
+898 +262 +276
+897 +370 +161
+892 +587 +112
+790 +882 +164
+838 +910 +207
+752 +872 +225
+442 +492 +916
+335 +429 +812
+168 +488 +717
-080 +504 +558
-157 +523 +468
-240 +510 +445
-388 +458 +576
-424 +393 +529
-476 +242 +515
-556 -108 +592
-541 -108 +622
-506 -077 +601
-416 +220 +568
-371 +201 +515
-309 +298 +541
-220 +504 +588
-169 +553 +694
-096 +629 +761
+098 +868 +860
+113 +084 +723
+112 +275 +609
+052 +486 +506
+054 +423 +535
+035 +420 +534
+008 +432 +406
-015 +360 +362
-042 +246 +341
-128 +954 +264
-151 +969 +202
-188 +934 +084
-328 +754 -050
-369 +695 -038
-413 +680 +001
-522 +724 +036
-534 +747 +106
-555 +807 +074
-580 +854 -106
-593 +784 -136
-618 +653 -135
-680 +462 -110
-703 +423 -099
-734 +345 -082
-796 +234 -012
-805 +302 -034
-803 +385 -044
-778 +538 +076
-762 +481 +130
-726 +557 +233
-606 +654 +216
-569 +673 +322
-536 +592 +498
-548 +396 +912
-565 +388 +884
-569 +361 +818
-500 +340 +624
-492 +371 +630
-493 +411 +669
-490 +480 +874
-464 +457 +863
-449 +484 +845
-324 +688 +836
-328 +697 +827
-333 +810 +822
-320 +850 +840
-325 +824 +832
-293 +870 +764
-222 +904 +718
-203 +045 +650
-178 +149 +566
-150 +314 +394
-147 +280 +400
-152 +243 +404
-170 +166 +370
-192 +150 +369
-221 +142 +324
-270 +072 +146
-278 +993 +099
-322 +883 -005
-438 +688 -180
-479 +610 -198
-547 +473 -193
-664 +418 -040
-677 +410 +010
-685 +436 +040
-678 +424 -042
-677 +388 -033
-671 +393 -046
-676 +380 +020
-675 +445 +035
-665 +543 +069
-646 +790 +180
-649 +931 +357
-633 +052 +554
-606 +086 +866
-605 +016 +891
-595 +892 +863
-584 +626 +782
-591 +605 +774
-604 +536 +715
-594 +386 +486
-578 +378 +422
-554 +340 +360
-444 +406 +162
-410 +421 +104
-359 +475 +070
-242 +620 +044
-201 +697 +052
-192 +795 +066
-114 +898 +170
-102 +884 +188
-054 +884 +169
+104 +984 +162
+158 +035 +158
+232 +167 +171
+360 +458 +214
+377 +488 +316
+384 +505 +449
+344 +438 +650
+306 +389 +653
+271 +264 +645
+160 +950 +824
+133 +864 +880
+083 +746 +942
-002 +526 +964
-049 +486 +937
-098 +498 +823
-128 +502 +568
-126 +458 +499
-098 +460 +462
-024 +444 +420
+007 +458 +490
+063 +487 +543
+232 +754 +542
+274 +814 +564
+334 +921 +578
+448 +004 +526
+477 +046 +487
+464 +084 +424
+390 +008 +440
+385 +945 +451
+384 +905 +466
+406 +920 +588
+411 +884 +622
+442 +897 +609
+550 +950 +466
+560 +968 +393
+562 +067 +310
+626 +894 +282
+626 +912 +333
+623 +895 +376
+594 +870 +456
+592 +762 +478
+573 +705 +469
+512 +636 +542
+514 +654 +536
+529 +661 +532
+550 +608 +730
+537 +607 +721
+499 +608 +730
+470 +380 +562
+479 +273 +632
+414 +167 +755
+330 +122 +672
+321 +127 +695
+322 +096 +725
+326 +138 +778
+372 +243 +877
+421 +253 +938
+488 +112 +862
+529 +170 +903
+593 +228 +047
+678 +188 +162
+678 +130 +188
+724 +024 +198
+830 +004 +030
+852 +110 +070
+895 +253 +176
+014 +518 +264
+007 +489 +190
+015 +463 +060
+914 +334 +772
+875 +299 +953
+844 +377 +069
+754 +522 +028
+726 +480 +949
+662 +467 +817
+504 +544 +740
+492 +515 +733
+445 +498 +751
+350 +602 +800
+319 +637 +822
+253 +612 +828
+052 +440 +772
-019 +435 +679
-093 +470 +509
-260 +620 +418
-296 +597 +386
-345 +593 +372
-408 +614 +436
-430 +591 +355
-438 +658 +331
-460 +750 +296
-466 +769 +368
-480 +732 +384
-528 +626 +466
-548 +559 +490
-574 +499 +555
-630 +316 +686
-650 +267 +676
-673 +244 +679
-676 +216 +712
-673 +240 +700
-661 +235 +697
-616 +204 +640
-615 +156 +628
-622 +095 +644
-628 -128 +654
-637 -188 +700
-627 -222 +798
-546 -098 +852
-524 -049 +827
-487 -016 +879
-396 +068 +964
-374 +045 +025
-367 +111 +077
-258 +306 +202
-254 +317 +165
-240 +286 +105
-196 +222 +924
-160 +180 +988
-109 +206 +034
-016 +264 +070
-013 +259 +000
+047 +315 +961
+210 +650 +870
+225 +776 +895
+241 +876 +922
+276 +914 +862
+270 +894 +793
+268 +892 +747
+202 +930 +938
+240 +835 +914
+264 +737 +903
+306 +552 +004
+317 +506 +038
+323 +456 +091
+324 +370 +180
+323 +297 +167
+300 +237 +150
+276 +022 +062
+243 -006 +060
+192 -068 +087
+076 -220 +988
+060 -120 +945
+047 -043 +070
+010 -030 +116
+001 -026 +025
-008 -007 +009
+022 +018 +852
+033 -057 +803
+056 -092 +793
+160 +022 +906
+182 +089 +959
+235 +110 +052
+310 +158 +338
+326 +138 +399
+319 +133 +427
+344 +126 +378
+339 +175 +228
+348 +163 +150
+310 +280 +060
+295 +209 +039
+268 +184 +032
+190 +076 +954
+177 +088 +007
+178 +189 +957
+222 +388 +822
+203 +482 +846
+187 +485 +913
+130 +368 +962
+096 +316 +983
+097 +194 +991
+058 +186 +056
+053 +197 +021
+058 +183 +987
+118 +164 +970
+129 +225 +993
+132 +298 +977
+164 +360 +966
+164 +385 +956
+137 +443 +942
+030 +374 +838
+051 +361 +831
+059 +414 +858
+146 +758 +882
+155 +804 +941
+183 +812 +004
+246 +802 +170
+236 +756 +223
+216 +711 +171
+154 +686 +944
+132 +697 +976
+099 +674 +960
-006 +604 +842
-037 +503 +756
-093 +514 +718
-180 +702 +694
-191 +727 +647
-230 +681 +556
-358 +496 +360
-407 +476 +407
-442 +517 +448
-470 +738 +572
-441 +818 +611
-403 +928 +641
-336 +964 +506
-342 +856 +474
-367 +793 +397
-416 +670 +224
-448 +632 +226
-499 +572 +216
-570 +404 +162
-590 +361 +190
-596 +293 +308
-618 +284 +560
-607 +283 +526
-598 +300 +571
-542 +208 +628
-531 +279 +634
-475 +335 +613
-348 +434 +758
-326 +442 +765
-283 +476 +720
-164 +642 +634
-136 +664 +668
-073 +670 +716
+080 +680 +796
+120 +689 +879
+172 +703 +950
+254 +756 +006
+241 +806 +054
+221 +792 +228
+190 +678 +366
+189 +633 +439
+207 +638 +517
+234 +734 +582
+237 +695 +511
+229 +658 +428
+180 +690 +252
+153 +593 +083
+136 +562 +956
+054 +514 +714
+011 +517 +615
-048 +498 +527
-184 +470 +368
-226 +477 +337
-289 +450 +329
-430 +414 +318
-442 +469 +338
-465 +565 +374
-492 +576 +382
-505 +574 +381
-517 +549 +387
-552 +516 +518
-550 +514 +554
-555 +493 +539
-546 +358 +526
-543 +308 +579
-554 +224 +622
-570 +108 +628
-566 +087 +621
-551 +027 +662
-508 -104 +842
-477 -081 +891
-444 -057 +995
-342 -112 +984
-326 -147 +028
-287 -195 +074
-202 -140 +212
-159 -086 +271
-125 -058 +270
-070 -120 +150
-072 -259 +155
-003 -263 +202
+136 +030 +276
+158 -013 +343
+189 +108 +401
+150 +004 +372
+153 +038 +328
+166 +068 +208
+166 +056 +252
+159 +073 +149
+163 +097 +074
+136 +270 +006
+119 +243 +992
+121 +109 +964
+208 +038 +832
+223 +241 +845
+248 +389 +838
+308 +758 +804
+337 +759 +711
+341 +824 +730
+288 +954 +904
+280 +914 +896
+254 +791 +942
+198 +296 +982
+165 +321 +027
+131 +323 +039
+106 +310 +002
+096 +303 +971
+116 +308 +952
+106 +340 +958
+127 +368 +965
+151 +334 +941
+204 +238 +914
+206 +206 +931
+207 +194 +920
+184 +066 +950
+250 +127 +909
+307 +151 +936
+364 +102 +952
+359 +097 +963
+399 +104 +855
+480 +068 +864
+501 +068 +882
+504 +072 +949
+540 +022 +918
+538 -011 +884
+535 -059 +740
+548 -238 +588
+609 -268 +563
+654 -298 +637
+774 -258 +846
+790 -264 +923
+803 -273 +926
+828 -268 +958
+824 -230 +885
+852 -219 +800
+954 -188 +548
+993 -116 +552
+052 -007 +492
+158 +250 +650
+162 +282 +686
+177 +298 +591
+224 +364 +588
+204 +333 +621
+197 +291 +688
+228 +132 +658
+210 +065 +610
+172 +001 +578
+048 -138 +656
+021 -115 +610
+006 -064 +581
+970 +188 +534
+953 +232 +529
+928 +211 +594
+882 +058 +752
+860 +040 +725
+836 +012 +672
+770 +016 +610
+759 +076 +580
+735 +119 +530
+718 +222 +526
+704 +224 +554
+691 +231 +560
+684 +214 +542
+709 +229 +576
+751 +277 +573
+854 +428 +658
+834 +479 +745
+809 +431 +727
+784 +486 +670
+769 +498 +656
+757 +446 +616
+728 +498 +748
+734 +507 +704
+744 +525 +648
+700 +586 +614
+663 +597 +695
+614 +592 +780
+546 +666 +910
+536 +639 +953
+535 +649 +900
+454 +672 +822
+423 +695 +830
+382 +727 +822
+298 +744 +766
+261 +747 +778
+215 +738 +758
+102 +784 +726
+080 +780 +711
+044 +792 +676
-062 +804 +558
-095 +784 +548
-143 +756 +564
-276 +794 +596
-288 +778 +552
-328 +798 +429
-468 +810 +134
-443 +822 +266
-438 +697 +285
-478 +590 +000
-507 +585 +016
-561 +568 +131
-672 +318 +230
-693 +228 +209
-723 +122 +269
-824 -196 +360
-874 -303 +356
-929 -407 +350
-004 -510 +294
-004 -518 +295
-978 -511 +282
-934 -464 +274
-906 -414 +278
-867 -363 +312
-788 -258 +464
-789 -233 +516
-775 -176 +548
-754 -014 +624
-759 -018 +652
-760 -043 +716
-730 -020 +844
-701 -020 +813
-674 +014 +775
-606 +090 +734
-572 +142 +735
-543 +275 +721
-528 +534 +630
-539 +524 +581
-546 +451 +548
-542 +296 +544
-528 +290 +556
-504 +309 +631
-444 +336 +706
-400 +363 +724
-381 +417 +779
-292 +422 +878
-267 +393 +878
-238 +388 +944
-174 +486 +260
-176 +434 +293
-174 +377 +289
-212 +264 +170
-221 +247 +181
-243 +217 +136
-274 +148 +096
-278 +127 +106
-286 +101 +099
-312 +188 +056
-312 +209 +030
-297 +211 +014
-264 +288 +984
-265 +308 +030
-275 +278 +955
-274 +344 +034
-278 +350 +028
-292 +342 +956
-306 +374 +918
-303 +381 +947
-306 +358 +953
-348 +264 +938
-352 +288 +921
-344 +345 +902
-336 +318 +930
-339 +338 +934
-495 -177 +887
-484 -164 +862
-460 -222 +824
-453 -246 +860
-433 -269 +866
-426 -294 +810
-423 -273 +824
-401 -258 +880
-408 -194 +986
-390 -178 +034
-379 -200 +063
-328 -252 +140
-314 -293 +143
-310 -339 +107
-312 -490 +100
-320 -500 +113
-313 -484 +086
-364 -530 +942
-340 -441 +983
-307 -337 +971
-320 -254 +000
-329 -259 +993
-335 -264 +927
-326 -228 +780
-343 -258 +756
-376 -346 +773
-434 -518 +804
-453 -631 +746
-487 -766 +693
-554 -094 +542
-556 -110 +546
-530 -048 +563
-468 -764 +610
-460 -686 +566
-474 -609 +510
-522 -444 +460
-536 -462 +507
-549 -484 +565
-538 -544 +774
-517 -527 +824
-501 -535 +828
-456 -438 +832
-453 -440 +782
-449 -405 +791
-446 -308 +816
-445 -291 +907
-475 -202 +047
-522 +022 +230
-542 +004 +165
-588 +000 +108
-656 -060 +038
-659 -059 +032
-638 +017 +039
-578 +334 +920
-569 +406 +875
-549 +464 +823
-568 +332 +714
-607 +276 +716
-642 +206 +732
-732 +046 +654
-737 +016 +619
-739 -040 +610
-780 -200 +570
-776 -198 +538
-774 -185 +503
-780 -254 +444
-789 -335 +430
-827 -427 +382
-870 -530 +280
-889 -541 +235
-915 -466 +251
-908 -162 +406
-898 -199 +415
-900 -306 +444
-876 -776 +376
-863 -766 +413
-834 -576 +448
-808 -146 +524
-823 -159 +490
-844 -194 +439
-912 -204 +428
-908 -145 +443
-912 -050 +472
-896 +016 +458
-865 -040 +438
-865 -118 +409
-840 -256 +378
-808 -232 +395
-762 -203 +421
-684 -168 +514
-651 -111 +583
-621 -016 +697
-558 +202 +926
-573 +224 +962
-577 +287 +971
-618 +206 +810
-605 +141 +723
-576 +055 +605
-518 -002 +644
-482 -023 +625
-457 -008 +649
-432 +000 +770
-400 -041 +808
-342 -026 +907
-244 +090 +026
+856 -782 +854
+684 -870 +391
+226 -832 -152
-544 -424 -678
-590 -264 -566
-620 -081 -315
-698 +180 +370
-726 +252 +583
-794 +259 +703
-854 +312 +658
-874 +234 +598
-850 +226 +633
-810 +126 +574
-804 +131 +580
-800 +145 +580
-788 +238 +686
-796 +237 +637
-798 +242 +606
-796 +186 +598
-802 +189 +598
-805 +192 +627
-798 +156 +636
-799 +156 +647
-788 +168 +644
-784 +226 +540
-783 +233 +524
-805 +290 +604
-874 -004 +226
-817 +169 +374
-810 +164 +472
-822 +086 +690
-819 +157 +658
-810 +165 +640
-848 +248 +508
-829 +167 +501
-814 +171 +588
-794 +232 +600
-780 +274 +664
-797 +233 +638
-826 +154 +542
-804 +150 +532
-346 +294 +734
-365 +298 +803
-378 +270 +062
-406 +237 +065
-432 +235 +101
-456 +334 +114
-480 +263 +146
-481 +295 +212
-454 +360 +362
-482 +347 +376
-476 +404 +360
-284 +420 +300
-216 +290 +160
-145 +096 +862
-044 -234 +136
-028 -213 -084
+004 -155 -421
+198 +018 -282
+311 -040 -830
+467 +112 +297
+390 +542 +040
+207 +601 +040
-027 +594 +040
-292 +816 +040
-226 +795 +040
-071 +585 +040
+456 +370 +858
+513 +113 +376
+451 -199 +696
+198 -600 -560
+104 -597 -728
+023 -554 -902
+036 -376 -954
+155 -394 -981
+462 -086 -300
+702 +834 +982
+454 +501 +011
+165 +522 +026
-240 +844 +040
-244 +873 +040
-031 +874 +040
+356 -440 +036
+358 -678 +371
+342 -501 +936
+046 -476 +140
-026 -410 +092
-149 -258 -016
-522 -066 -256
-574 +001 -233
-633 +064 -197
-730 +168 +078
-759 +211 +270
-772 +285 +512
-778 +300 +646
-775 +222 +667
-776 +160 +719
-762 +174 +884
-777 +230 +821
-795 +305 +827
-802 +392 +654
-775 +373 +601
-771 +285 +669
-774 +104 +750
-773 +161 +711
-758 +239 +709
-754 +288 +696
-759 +276 +667
-750 +270 +631
-760 +248 +620
-764 +251 +636
-769 +252 +634
-752 +262 +672
-764 +228 +671
-761 +213 +643
-744 +276 +722
-746 +245 +692
-745 +213 +644
-748 +564 +746
-766 +361 +752
-766 +355 +655
-752 +128 +582
-771 +106 +592
-757 +235 +592
-748 +250 +714
-742 +236 +616
-344 +136 +977
-332 +213 +939
-330 +094 +952
-333 +145 +057
-344 +217 +125
-398 +278 +140
-422 +231 +136
-430 +196 +144
-420 +222 +272
-421 +235 +221
-429 +284 +099
-430 +332 +982
-418 +292 +979
-365 +253 +895
-244 +114 +600
-234 +055 +501
-218 +001 +330
-124 -112 -068
-083 -094 -236
+074 -001 -613
+812 +252 +000
+891 +422 +020
+533 +568 +530
-100 +230 +040
-167 +133 +800
-171 +118 +906
+024 +848 +040
+116 +586 +040
+257 +345 +807
+340 -222 +836
+284 -178 +662
+218 -168 +443
+022 -400 -190
-053 -475 -428
-128 -531 -740
+098 -496 -850
+302 -341 -470
+555 +144 +265
+660 +156 +040
+443 +697 +034
+215 +747 +037
-172 +174 +040
-124 +141 +017
+011 +089 +029
+288 +370 +040
+407 +197 +838
+494 +021 +466
+302 -620 +300
+135 -657 +054
-109 -585 -199
-474 -192 -172
-513 +012 +028
-566 +153 +366
-734 +206 +636
-762 +202 +588
-764 +288 +524
-834 +540 +536
-809 +472 +573
-796 +347 +644
-762 +202 +732
-758 +259 +692
-761 +280 +639
-754 +264 +626
-759 +269 +627
-756 +282 +613
-750 +290 +630
-763 +298 +651
-776 +188 +620
-750 +122 +666
-736 +191 +689
-729 +240 +676
-744 +348 +526
-761 +273 +643
-759 +232 +559
-748 +354 +608
-754 +376 +659
-762 +295 +675
-746 +288 +570
-741 +281 +643
-735 +260 +675
-742 +326 +624
-737 +274 +586
-745 +267 +608
-780 +198 +698
-771 +244 +691
-765 +238 +666
-263 +048 +928
-254 +199 +989
-340 +308 +100
-345 +410 +162
-344 +463 +210
-404 +314 +376
-401 +257 +354
-411 +265 +342
-330 +460 +544
-281 +405 +475
-210 +283 +214
-114 -026 +568
-050 -129 +433
-015 -361 +060
+116 -834 -780
+246 -722 -393
+847 -198 -489
+992 +514 +040
+075 +978 +040
+450 +932 +040
-204 +040 +040
-248 +002 +018
-139 +643 +837
+360 +764 +594
+468 +333 +350
+531 -106 +908
+438 -700 -036
+405 -663 -259
+260 -652 -670
-060 -672 -574
+133 -671 -389
+604 -386 -886
+656 +506 +040
+170 +611 +040
+495 +379 +040
-226 +502 +040
-024 +710 +040
+312 +467 +040
+910 +052 +392
+871 -246 +093
+649 -650 +692
+254 -686 -244
-009 -522 -526
-288 -263 -502
-632 +248 +080
-645 +308 +309
-727 +163 +353
-784 +128 +436
-768 +233 +447
-761 +381 +582
-762 +534 +718
-772 +470 +698
-787 +385 +642
-764 +380 +754
-746 +360 +718
-712 +362 +724
-686 +370 +772
-674 +392 +777
-680 +351 +711
-700 +348 +680
-703 +349 +700
-699 +382 +721
-676 +388 +776
-692 +314 +705
-699 +278 +673
-696 +322 +644
-686 +333 +669
-701 +401 +777
-704 +304 +970
-710 +271 +786
-703 +431 +659
-696 +200 +808
-681 +251 +677
-677 +311 +698
-690 +312 +626
-681 +296 +683
-702 +319 +668
-694 +352 +782
-695 +308 +749
-470 +386 +917
-611 +232 +703
-564 +402 +678
-564 +471 +800
-662 +442 +947
-826 +302 +248
-763 +346 +246
-709 +377 +152
-568 +392 +040
-538 +518 +124
-495 +487 +121
-460 +232 +850
-408 +199 +753
-339 +120 +604
-228 -178 +168
-234 -297 -069
-198 -327 -476
+074 -166 -866
+318 -109 -757
+645 -177 -448
+142 +048 +032
+708 +073 +036
+300 +420 +038
-284 +416 +040
-335 +060 +040
-159 +746 +040
+326 +060 +040
+389 -052 +724
+461 -068 +255
+472 -180 +230
+354 -313 +056
+187 -457 -197
-112 -468 -824
-171 -464 -187
-036 -414 -276
+724 +142 -150
+945 -006 -001
+000 +181 +020
+286 +006 +040
+093 +280 +040
-128 +586 +040
-360 +818 +040
-238 +805 +040
-018 +494 +040
+430 -098 +500
+456 -217 +226
+340 -406 +809
+082 -568 -056
-114 -484 -205
-292 -299 -232
-652 -080 +006
-656 -016 +101
-709 +050 +232
-780 +240 +454
-825 +215 +468
-852 +250 +444
-866 +300 +438
-863 +232 +493
-874 +111 +544
-874 +086 +548
-862 +176 +588
-861 +234 +616
-842 +200 +594
-848 +166 +531
-858 +167 +525
-856 +182 +520
-842 +181 +526
-868 +162 +508
-870 +296 +474
-873 +324 +431
-878 +344 +483
-906 +172 +538
-875 +111 +505
-833 +302 +261
-868 +102 +552
-875 +052 +576
-826 +155 +576
-830 +456 +208
-841 +325 +452
-845 +339 +471
-872 +178 +312
-868 +245 +402
-867 +203 +408
-168 +183 +883
-184 +186 +859
-174 +350 +122
-198 +318 +209
-218 +292 +274
-210 +390 +274
-235 +374 +251
-290 +311 +279
-384 +286 +442
-364 +324 +459
-314 +331 +405
-162 +270 +126
-114 +216 +003
-079 +118 +759
-094 -132 -032
-098 -191 -276
-060 -204 -461
+252 -376 -686
+483 -169 -469
+734 +003 +224
+718 +064 +010
+563 +261 +025
+297 +554 +033
-158 +332 +040
-140 +469 +040
-012 +462 +040
+348 +136 +984
+505 +212 +786
+613 -032 +272
+508 -562 -146
+337 -563 -226
+191 -527 -321
-108 -530 -878
-123 -519 -043
+045 -486 -055
+790 -344 -704
+070 -047 +143
+145 +499 +092
+440 +870 +040
+185 +441 +040
+005 +494 +040
-104 +968 +040
+052 +790 +040
+368 +447 +040
+978 -320 +776
+940 -417 +350
+778 -433 +795
+324 -076 -048
+158 -171 -178
-089 -258 -378
-536 -242 -586
-605 -229 -558
-629 -071 -408
-722 +248 +054
-743 +270 +200
-784 +244 +278
-780 +130 +392
-790 +060 +483
-781 +106 +628
-808 +234 +926
-799 +174 +869
-792 +130 +746
-742 +134 +648
-773 +123 +722
-753 +194 +765
-776 +234 +712
-771 +235 +755
-729 +269 +740
-754 +296 +834
-723 +346 +851
-716 +359 +775
-702 +334 +738
-718 +285 +741
-735 +290 +778
-698 +400 +722
-706 +394 +642
-703 +358 +628
-696 +212 +668
-697 +186 +646
-708 +424 +929
-740 +176 +770
-718 +238 +460
-709 +290 +589
-694 +222 +808
-685 +208 +619
-690 +269 +714
-303 +257 +048
-323 +116 +976
-300 +160 +912
-292 +203 +931
-280 +239 +942
-318 +210 +068
-335 +191 +140
-375 +223 +203
-480 +298 +372
-467 +329 +445
-449 +357 +502
-310 +588 +514
-256 +584 +410
-199 +476 +174
-138 -004 +416
-160 -129 +180
-152 -203 -210
-058 -300 -972
+132 -171 -037
+502 -029 -785
+360 -108 +654
+207 -240 +347
+852 -154 +694
+144 +450 +040
+040 +402 +040
-006 +484 +040
+122 +260 +040
+219 +250 +997
+348 +173 +639
+484 -238 +566
+392 -298 +312
+270 -301 +104
+004 -454 -490
-079 -505 -685
-067 -564 -811
+372 -574 -540
+596 -425 -243
+821 +135 +709
+578 +364 +040
+345 +268 +040
+140 +585 +040
-264 +628 +040
-221 +688 +040
-039 +617 +040
+388 +018 +006
+471 -063 +744
+487 -283 +272
+268 -634 +162
+112 -582 -009
-093 -464 -158
-506 -182 -172
-547 -054 +053
-586 +038 +369
-754 +008 +608
-781 +057 +624
-796 +180 +601
-766 +498 +552
-779 +492 +572
-796 +352 +576
-826 +164 +664
-797 +236 +696
-785 +243 +665
-770 +192 +572
-783 +180 +578
-784 +206 +582
-776 +342 +564
-769 +343 +553
-785 +286 +529
-834 +192 +032
-847 +175 +700
-794 +166 +503
-764 +258 +484
-786 +348 +533
-843 +252 +440
-768 +204 +718
-768 +265 +617
-802 +295 +603
-804 +198 +540
-410 +265 +885
-391 +267 +814
-352 +432 +948
-362 +420 +951
-428 +402 +032
-484 +504 +174
-512 +516 +177
-532 +504 +235
-608 +466 +524
-593 +373 +520
-540 +318 +478
-298 +392 +164
-239 +390 +925
-185 +224 +508
-136 -224 -142
-137 -290 -180
-082 -278 -321
+174 -068 -630
+338 -186 -548
+542 -140 -191
+754 +282 +040
+418 +942 +040
+036 +729 +040
-314 +142 +040
-225 +800 +040
+126 +597 +040
+918 -072 +676
+901 -265 +024
+730 -428 +305
+250 -682 -822
+165 -662 -866
+073 -601 -067
+122 -188 -262
+386 -146 -033
+798 +172 -034
+760 +406 +040
+503 +500 +040
+136 +368 +040
-454 +936 +040
-319 +312 +040
-037 +040 +040
+630 +570 +876
+773 +253 +606
+696 -333 +955
+094 -206 -464
-102 -919 -588
-310 -510 -599
-650 +180 -322
-659 +264 -178
-733 +310 -007
-832 +418 +326
-850 +382 +328
-894 +307 +398
-894 +242 +554
-887 +262 +528
-890 +267 +545
-912 +246 +432
-904 +293 +370
-899 +354 +357
-944 +272 +540
-942 +264 +538
-911 +315 +528
-902 +200 +408
-909 +158 +435
-887 +222 +424
-850 +270 +328
-863 +248 +310
-860 +241 +320
-916 +144 +546
-947 -040 +442
-882 +089 +263
-832 +284 +492
-865 +241 +533
-878 +240 +507
-876 +310 +362
-897 +312 +355
-901 +290 +301
-852 +488 +564
-884 +269 +449
-881 +250 +422
-860 +318 +442
-872 +276 +433
-879 +232 +448
-872 +432 +332
-899 +299 +374
-304 +390 +000
-301 +391 +927
-342 +402 +974
-372 +415 +090
-399 +454 +155
-544 +320 +326
-513 +382 +477
-466 +454 +620
-294 +428 +534
-218 +381 +298
-148 +270 +900
+062 -122 -016
+023 -308 -550
+081 -373 -182
+728 -618 -714
+271 -149 -980
+522 +463 +530
+184 -364 +040
+090 +382 +040
-022 +919 +040
-190 +722 +040
+033 +740 +040
+285 +493 +842
+662 +118 +294
+717 -068 +902
+620 -382 +296
+268 -708 -914
+171 -638 -085
+083 -515 -414
+414 -182 -432
+850 -076 -056
+445 +162 -165
+628 -328 +040
+026 -056 +040
+414 +048 +040
-056 +578 +040
+100 +568 +040
+493 +406 +040
+964 -294 +472
+812 -191 +454
+608 -268 +262
+006 -484 -408
-118 -443 -515
-307 -293 -503
-640 -150 -308
-700 -179 -151
-734 -045 +062
-836 +244 +520
-878 +178 +490
-924 +142 +511
-928 +124 +566
-895 +185 +582
-861 +171 +525
-802 +132 +540
-791 +091 +525
-767 +066 +488
-810 +064 +682
-803 +117 +688
-780 +155 +629
-798 +252 +568
-804 +293 +656
-855 +296 +741
-844 +336 +792
-827 +291 +701
-831 +199 +726
-778 +274 +754
-763 +328 +695
-764 +306 +632
-758 +302 +570
-773 +304 +538
-779 +298 +521
-760 +336 +628
-786 +203 +672
-819 +221 +451
-722 +188 +534
-739 +175 +718
-773 +069 +652
-762 +336 +506
-781 +264 +596
-795 +174 +611
-784 +282 +620
-787 +258 +699
-796 +205 +615
-776 +198 +616
-451 +295 +901
-446 +325 +824
-460 +356 +764
-463 +340 +819
-460 +323 +913
-472 +260 +004
-491 +259 +046
-536 +285 +109
-614 +298 +340
-617 +303 +343
-588 +306 +286
-492 +396 +192
-481 +394 +178
-441 +330 +138
-346 +078 +884
-326 +046 +740
-292 +021 +478
-240 -042 -334
-167 -030 -668
-003 -098 -761
+466 -396 -656
+707 -349 -529
+980 +059 +671
+786 +520 +040
+506 +582 +040
+178 +497 +040
-148 +694 +040
-018 +596 +040
+200 +376 +040
+702 +034 +990
+804 -065 +504
+801 -191 +753
+414 -396 -774
+293 -348 -718
+185 -375 -737
-018 -418 -298
+106 -372 -212
+408 -174 -716
+798 +016 +590
+827 +385 +315
+544 +373 +678
-078 +024 +040
-098 +217 +040
-192 +129 +040
-146 -018 +040
+146 +227 +040
+423 +005 +040
+974 -328 +344
+890 -507 +793
+667 -414 +277
+068 -092 -342
-086 -147 -470
-279 -175 -559
-616 +048 -190
-662 +075 -047
-685 +171 +092
-804 +236 +328
-838 +202 +386
-892 +135 +449
-922 +134 +500
-907 +177 +532
-898 +184 +554
-906 +186 +474
-876 +279 +497
-872 +292 +568
-836 +284 +614
-849 +222 +554
-863 +210 +557
-866 +242 +648
-866 +200 +617
-848 +198 +629
-848 +204 +726
-846 +228 +649
-837 +287 +509
-804 +350 +400
-824 +279 +413
-824 +260 +493
-842 +220 +492
-835 +226 +515
-826 +237 +537
-838 +198 +488
-826 +404 +808
-870 +238 +631
-820 +082 +296
-809 +140 +371
-825 +141 +467
-826 +292 +318
-842 +255 +458
-835 +236 +472
-820 +254 +438
-834 +250 +446
-841 +370 +525
-864 +086 +466
-840 +241 +505
-482 +455 +894
-494 +496 +899
-600 +502 +240
-589 +530 +357
-564 +527 +448
-530 +436 +542
-468 +379 +452
-408 +294 +275
-246 +222 +814
-221 +150 +647
-199 +005 +320
-144 -154 -482
-063 -126 -689
+113 -155 -928
+838 -382 -432
+289 -347 -810
+602 +047 +615
+692 +214 +040
+263 +907 +040
+000 +876 +040
-124 +362 +040
-035 +021 +032
+133 +687 +857
+410 -130 +088
+422 -215 +810
+353 -356 +348
+190 -534 -656
+139 -542 -931
+174 -524 -091
+714 -600 -852
+003 -458 -195
+094 -160 +774
+732 +606 +040
+422 +312 +040
+196 +915 +040
+048 +026 +040
+197 +644 +040
+415 +111 +789
+730 -168 +212
+597 -389 +864
+362 -380 +507
-194 -358 -280
-304 -243 -280
-391 -099 -114
-528 +086 +384
-579 +028 +437
-640 +000 +482
-732 +234 +554
-745 +328 +540
-766 +380 +612
-806 +236 +658
-807 +184 +670
-817 +218 +665
-784 +366 +636
-786 +376 +692
-787 +337 +675
-778 +252 +576
-777 +245 +537
-778 +228 +533
-788 +154 +596
-774 +187 +645
-766 +199 +606
-760 +292 +640
-761 +292 +693
-769 +154 +656
-758 +272 +730
-759 +266 +656
-764 +239 +640
-732 +118 +612
-732 +290 +646
-737 +309 +616
-345 +435 +817
-408 +488 +894
-590 +376 +218
-608 +412 +423
-563 +454 +497
-438 +536 +310
-369 +567 +196
-289 +490 +999
-112 +140 +520
-024 -001 +277
-006 -287 -298
+062 -708 -600
+325 -615 -603
+938 -494 -172
+040 +062 +760
+637 +634 +900
+041 +220 +970
-004 +508 +040
-012 +500 +040
+114 +385 +040
+524 +612 +040
+614 +406 +762
+651 +064 +212
+536 -524 -058
+442 -568 -308
+285 -621 -682
+022 -686 -222
+166 -601 -094
+497 -425 -901
+528 +086 +366
+494 +623 +203
+991 +672 +622
-072 +464 +040
-168 +801 +040
-173 +823 +040
+280 +580 +040
+416 +208 +829
+492 -059 +334
+386 -306 +240
+252 -323 +059
+004 -296 -069
-376 +022 -140
-434 +078 +020
-487 +155 +261
-646 +254 +650
-693 +218 +614
-728 +259 +587
-776 +470 +594
-751 +493 +615
-747 +448 +646
-786 +258 +664
-777 +297 +687
-751 +314 +657
-754 +264 +634
-753 +263 +619
-754 +285 +550
-764 +288 +522
-773 +289 +608
-767 +298 +674
-738 +288 +618
-744 +263 +563
-717 +388 +709
-766 +202 +606
-758 +247 +570
-751 +276 +707
-760 +362 +606
-752 +402 +480
-752 +342 +590
-770 +262 +582
-759 +304 +574
-758 +334 +602
-754 +278 +588
-750 +281 +650
-571 +307 +958
-587 +425 +913
-710 +324 +904
-731 +325 +980
-748 +399 +099
-762 +540 +234
-767 +496 +150
-756 +467 +162
-580 +452 +140
-482 +392 +948
-359 +226 +615
-182 -114 -206
-159 -135 -450
-066 -235 -747
+312 -268 -032
+525 -321 -890
+767 -129 -019
+582 +570 +040
+218 +850 +040
-154 +194 +040
-516 +314 +040
-281 +192 +040
+016 +756 +915
+488 -216 +810
+433 -353 +353
+306 -410 -053
+074 -488 -822
+027 -465 -894
+052 -417 -944
+336 -074 -684
+528 +075 -416
+751 +239 +188
+904 +598 +018
+710 +732 +029
+270 +516 +035
-254 +006 +040
-115 -051 +040
+156 +064 +040
+634 -202 +540
+570 -364 +068
+420 -356 +618
+020 -086 -094
-098 -034 -116
-261 +001 -148
-538 +128 +108
-575 +143 +301
-626 +131 +446
-726 +310 +624
-734 +426 +635
-734 +469 +614
-766 +272 +500
-798 +215 +574
-804 +267 +626
-758 +424 +634
-764 +408 +557
-336 +282 +132
-331 +248 +182
-277 +205 +299
-174 -018 +516
-198 -161 +536
-230 -408 +874
-346 -734 +948
-297 -700 +149
-297 -612 +186
-220 -218 +294
-220 -063 +257
-200 -089 +313
-112 +186 +572
-123 +140 +566
-177 -069 +580
+032 +184 +754
-011 +191 +793
+046 +418 +764
+082 +664 +732
+079 +674 +797
+089 +731 +635
+062 +750 +370
+062 +888 +200
+018 +905 +057
-076 +806 +026
-089 +814 +974
-134 +733 +841
-154 +840 +588
-196 +690 +467
-266 +576 +428
-282 +548 +454
-320 +562 +386
-372 +538 +396
-504 +484 +056
-558 +324 +150
-591 +286 +357
-666 -064 +508
-718 -132 +463
-758 -176 +494
-794 -182 +428
-833 -178 +515
-853 -058 +461
-904 -032 +530
-859 -003 +494
-880 -038 +546
-912 -110 +378
-911 -014 +382
-883 +084 +400
-912 +140 +574
-879 +194 +548
-902 +111 +439
-878 +114 +286
-894 +107 +342
-882 +056 +480
-840 +092 +416
-848 +104 +429
-906 +222 +422
-948 +038 +466
-913 +027 +571
-899 +063 +340
-862 +332 +458
-854 +303 +426
-872 +220 +412
-890 +130 +520
-885 +231 +467
-945 +226 +392
-966 +264 +576
-951 +282 +527
-909 +392 +498
-830 +508 +582
-807 +492 +533
-755 +586 +396
-656 +692 +224
-613 +621 +206
-560 +511 +226
-502 +164 +108
-471 +108 +119
-413 +116 +219
-296 -020 +660
-293 -162 +820
-290 -301 +785
-252 -494 +430
-252 -517 +624
-215 -421 +969
-222 -104 +186
-176 -096 +169
-122 -192 +241
+092 +054 +438
+103 +087 +459
+095 -015 +570
+034 +266 +040
+118 +439 +932
+036 +270 +986
+244 +316 +018
+312 +358 +029
+430 +567 +901
+528 +134 +202
+450 +175 +083
+336 +121 +892
+074 +998 +970
+072 +059 +852
+029 +042 +772
-106 +758 +806
-098 +811 +654
-169 +664 +458
-312 +360 +308
-271 +519 +311
-302 +383 +410
-416 +320 +150
-469 +182 +478
-547 +120 +495
-570 +374 +252
-613 +236 +249
-677 +110 +359
-710 +032 +438
-717 +029 +428
-770 -052 +469
-814 +084 +360
-866 +035 +470
-872 +042 +564
-860 +138 +758
-876 +074 +684
-875 +100 +669
-790 +150 +546
-848 +082 +556
-820 +167 +485
-866 +098 +378
-868 +123 +367
-856 +161 +425
-818 +324 +442
-846 +294 +470
-837 +296 +536
-906 +044 +534
-871 +140 +522
-857 +068 +495
-848 +112 +528
-825 +223 +581
-852 +228 +550
-814 +418 +458
-838 +278 +418
-812 +331 +461
-936 +084 +560
-907 +144 +533
-848 +241 +548
-872 +232 +560
-852 +174 +488
-856 +139 +469
-816 +380 +324
-840 +314 +420
-962 +262 +453
-942 +460 +386
-920 +585 +356
-870 +662 +505
-770 +472 +568
-759 +433 +440
-670 +472 +141
-458 +304 +206
-407 +314 +403
-341 +297 +418
-350 +060 +264
-331 +001 +247
-289 -024 +352
-180 -154 +566
-172 -195 +840
-181 -287 +961
-084 -264 +310
-088 -145 +370
-053 -086 +474
-088 +100 +494
-015 +133 +387
-016 +063 +548
-124 -438 +988
+016 -005 +998
+110 +367 +889
-072 +484 +756
+049 +782 +658
+053 +782 +431
+004 +542 +330
+061 +662 +320
+062 +655 +274
+042 +842 +090
+012 +850 +064
-043 +796 +030
-028 +926 +016
-099 +747 +926
-157 +683 +737
-242 +630 +562
-279 +570 +482
-298 +569 +447
-356 +444 +198
-418 +320 +333
-431 +343 +288
-430 +476 -112
-521 +286 +014
-583 +177 +257
-750 -192 +526
-798 -211 +656
-807 -148 +678
-806 +014 +544
-836 -063 +623
-825 -008 +630
-858 -026 +598
-850 +035 +588
-847 +035 +578
-830 +070 +460
-838 +074 +536
-821 +173 +623
-814 +144 +546
-842 +120 +511
-839 +118 +555
-862 +034 +568
-820 +111 +608
-820 +106 +547
-806 +196 +460
-822 +163 +416
-857 +145 +564
-782 +458 +730
-825 +259 +578
-827 +235 +661
-808 +170 +428
-794 +227 +600
-834 +083 +457
-830 +294 +024
-853 +197 +519
-843 +192 +508
-892 +158 +504
-867 +163 +511
-862 +196 +473
-946 +216 +510
-967 +337 +568
-909 +518 +607
-828 +722 +448
-809 +613 +363
-740 +500 +373
-586 +354 +500
-546 +442 +267
-515 +485 +274
-500 +420 +484
-517 +321 +525
-559 +171 +548
-614 -172 +468
-541 -019 +485
-473 +114 +490
-464 -048 +824
-465 -021 +871
-446 -013 +954
-396 -114 +948
-408 -188 +012
-382 -135 +005
-334 -070 +184
-338 +017 +144
-303 +144 +309
-334 +404 +286
-319 +389 +334
-315 +382 +316
-388 +010 +260
-298 +222 +406
-234 +388 +488
-216 +332 +470
-193 +469 +389
-204 +417 +363
-140 +712 +192
-154 +790 +203
-201 +786 +145
-262 +792 +016
-296 +729 +996
-278 +729 +988
-288 +800 +730
-321 +647 +823
-309 +707 +817
-294 +816 +684
-358 +703 +683
-383 +675 +611
-530 +460 +582
-491 +617 +626
-462 +580 +556
-490 +334 +494
-507 +267 +343
-523 +284 +273
-492 +384 +530
-533 +267 +530
-603 +162 +472
-730 -084 +466
-727 -067 +445
-740 -065 +511
-756 +150 +534
-812 +121 +527
-821 +147 +488
-786 +194 +554
-825 +103 +548
-836 +114 +583
-824 +222 +586
-855 +156 +682
-854 +184 +682
-894 +106 +378
-878 +141 +517
-826 +235 +673
-756 +360 +590
-781 +310 +454
-792 +235 +409
-842 -060 +464
-817 +032 +554
-829 +025 +585
-850 +182 +664
-855 +150 +615
-866 +249 +568
-890 +098 +648
-860 +295 +490
-841 +192 +567
-826 -024 +444
-807 +200 +415
-837 +182 +521
-858 +002 +382
-866 +109 +407
-840 +215 +418
-836 +098 +688
-848 +150 +564
-850 +215 +476
-840 +238 +487
-822 +222 +444
-843 +181 +475
-853 +199 +475
-910 +372 +228
-896 +341 +388
-890 +381 +490
-876 +456 +570
-843 +447 +587
-795 +439 +450
-760 +330 +444
-713 +470 +342
-637 +545 +327
-596 +428 +444
-607 +389 +361
-604 +313 +473
-476 +350 +806
-471 +302 +644
-486 +181 +474
-424 +004 +654
-434 -036 +719
-456 -092 +809
-378 -024 +718
-367 -019 +722
-376 -053 +822
-324 -090 +054
-335 -112 +106
-332 -153 +137
-290 -156 +318
-254 -164 +394
-199 -028 +527
-224 +246 +414
-255 +174 +516
-211 +194 +528
-148 +268 +464
-098 +332 +376
-100 +425 +176
-098 +656 +306
-082 +772 +329
-119 +697 +476
-020 +978 +336
-041 +964 +284
-039 +967 +174
-082 +030 +792
-104 +975 +765
-126 +961 +793
-222 +718 +850
-269 +709 +624
-312 +665 +598
-370 +620 +460
-356 +664 +458
-404 +636 +515
-462 +598 +382
-489 +546 +453
-482 +528 +505
-598 +236 +442
-606 +213 +312
-613 +209 +330
-664 +072 +494
-649 +089 +560
-674 +059 +503
-752 -034 +472
-762 -040 +472
-792 -131 +438
-812 -102 +520
-792 -003 +498
-831 -034 +536
-842 +016 +560
-874 -009 +606
-885 -040 +551
-916 -138 +476
-875 -001 +541
-837 +046 +521
-916 -006 +612
-848 +113 +538
-854 +126 +551
-808 +094 +490
-862 +034 +630
-827 +101 +622
-898 -038 +502
-876 +004 +512
-843 +103 +494
-876 +222 +580
-857 +117 +591
-844 +112 +640
-836 +006 +412
-834 +068 +437
-860 +200 +574
-886 +292 +274
-849 +239 +413
-848 +147 +588
-880 +230 +322
-869 +200 +460
-884 +130 +452
-883 +178 +481
-891 +148 +503
-882 +070 +598
-882 +106 +499
-884 +245 +309
-846 +480 +410
-859 +425 +579
-871 +469 +503
-812 +448 +512
-801 +416 +548
-721 +468 +426
-568 +600 -056
-572 +516 +009
-558 +375 +164
-486 +290 +578
-478 +261 +577
-501 +140 +479
-506 +044 +422
-473 +016 +454
-443 -085 +568
-388 -132 +076
-458 -176 +088
-479 -089 +111
-452 +050 +994
-457 +019 +926
-431 +003 +949
-346 -014 +308
-360 -001 +296
-365 -001 +254
-346 -018 +692
-289 +065 +592
-262 +080 +454
-168 -076 +398
-185 -046 +501
-108 +215 +406
-074 +304 +278
-066 +185 +175
-079 +030 +508
+138 +458 +738
+067 +509 +504
-021 +509 +400
-098 +752 +306
-104 +771 +260
-149 +674 +149
-202 +584 +338
-206 +525 +160
-224 +502 +905
-240 +508 +072
-248 +476 +060
-278 +394 +994
-284 +432 +462
-290 +487 +496
-300 +555 +522
-414 +432 +456
-413 +422 +450
-448 +340 +454
-520 +260 +312
-513 +286 +309
-558 +221 +321
-638 +126 +502
-656 +086 +484
-718 -049 +567
-816 -144 +604
-802 -069 +555
-818 -095 +572
-758 +108 +776
-772 +034 +762
-811 +005 +713
-814 +116 +660
-819 +124 +592
-818 +124 +535
-906 -154 +720
-846 +012 +675
-825 +065 +620
-814 +190 +418
-832 +152 +537
-837 +156 +580
-844 +110 +588
-834 +141 +499
-809 +136 +517
-812 -008 +624
-824 +037 +637
-820 +197 +613
-888 +244 +632
-845 +136 +547
-825 +131 +527
-792 +232 +848
-818 +209 +658
-803 +223 +549
-834 +082 +566
-865 +036 +479
-841 +123 +540
-814 +308 +570
-836 +186 +574
-847 +215 +575
-887 +216 +505
-870 +298 +400
-832 +352 +445
-819 +398 +495
-742 +440 +506
-740 +412 +489
-702 +410 +391
-648 +574 +358
-653 +539 +356
-647 +406 +443
-612 +186 +576
-613 +176 +471
-610 +095 +404
-500 +104 +514
-464 +191 +565
-465 +115 +614
-488 -056 +790
-474 -081 +800
-468 -121 +852
-454 -208 +844
-424 -210 +879
-399 -209 +968
-356 -078 +946
-331 -114 +090
-281 -075 +252
-264 -176 +328
-235 -181 +204
-189 -106 +149
-122 -002 +238
-110 -029 +289
-069 +027 +348
-022 +170 +540
-011 +181 +515
-033 +164 +447
+036 +220 +500
+008 +222 +427
+016 +204 +330
+000 +292 +252
-004 +313 +287
-019 +315 +315
-024 +260 +450
-025 +266 +395
-054 +281 +186
-084 +420 +200
-099 +407 +177
-132 +429 +136
-264 +406 +948
-232 +464 +001
-250 +460 +863
-356 +414 +898
-350 +411 +993
-366 +398 +956
-440 +382 +824
-450 +421 +698
-477 +449 +516
-610 +056 +652
-581 +160 +621
-534 +361 +633
-502 +628 +512
-530 +550 +633
-556 +461 +629
-674 +144 +452
-709 +116 +409
-721 +169 +453
-708 +322 +412
-718 +298 +436
-715 +245 +406
-722 -074 +504
-735 -076 +459
-745 -050 +472
-730 +136 +446
-780 +053 +518
-808 +062 +527
-836 +088 +524
-849 +039 +504
-910 +037 +538
-766 +202 +488
-832 +109 +391
-843 +127 +547
-802 +304 +834
-757 +308 +749
-815 +164 +604
-812 +252 +530
-844 +173 +452
-852 +123 +542
-792 +256 +784
-788 +212 +607
-800 +170 +507
-842 +010 +668
-889 +184 +411
-876 +303 +424
-828 -004 +692
-804 +243 +558
-829 +227 +604
-836 +090 +628
-832 +267 +539
-830 +215 +519
-798 +262 +460
-810 +261 +474
-818 +219 +484
-860 +132 +546
-828 +220 +562
-847 +116 +562
-866 +114 +508
-826 +257 +505
-826 +174 +635
-762 +350 +654
-777 +317 +552
-808 +245 +521
-868 +336 +490
-831 +369 +482
-848 +211 +498
-822 +188 +700
-805 +318 +577
-802 +314 +621
-836 +254 +522
-810 +270 +489
-818 +262 +541
-832 +260 +540
-780 +296 +328
-823 +249 +451
-810 +204 +374
-821 +247 +403
-838 +269 +400
-904 +396 +444
-924 +434 +460
-935 +471 +607
-878 +766 +584
-833 +712 +672
-749 +658 +578
-488 +660 -070
-434 +621 +059
-421 +442 +177
-374 +284 +100
-374 +280 +060
-381 +189 +193
-346 +020 +556
-311 +078 +518
-278 +084 +524
-244 -106 +510
-239 -151 +678
-207 -136 +966
-106 +098 +186
-142 +012 +242
-125 -003 +291
-048 +074 +516
-065 -047 +511
-075 -107 +585
-062 +210 +888
-023 +294 +866
-019 +217 +751
-030 +232 +540
+033 +306 +464
+036 +256 +454
+106 +270 +466
+139 +335 +446
+151 +433 +426
+200 +840 +194
+124 +781 +177
+069 +724 +242
-034 +586 +100
-066 +579 +148
-071 +591 +099
-094 +596 +188
-125 +629 +099
-179 +638 +891
-330 +672 +790
-344 +613 +819
-345 +572 +856
-330 +428 +684
-358 +416 +714
-376 +503 +469
-394 +682 +226
-435 +568 +310
-469 +466 +357
-572 +234 +458
-571 +283 +351
-610 +240 +320
-628 +244 +342
-650 +155 +360
-666 +108 +367
-754 +090 +466
-767 +112 +529
-782 +142 +551
-836 +126 +562
-838 +143 +573
-860 +101 +600
-804 +174 +596
-797 +203 +613
-789 +202 +591
-864 +108 +626
-860 +062 +631
-878 +008 +752
-846 +060 +592
-842 +055 +595
-844 +082 +595
-782 +254 +698
-795 +220 +575
-817 +216 +485
-782 +282 +248
-821 +178 +384
-856 +113 +533
-814 +228 +720
-807 +276 +600
-825 +246 +571
-738 +230 +458
-787 +221 +372
-878 +225 +376
-786 +438 +560
-806 +234 +619
-808 +297 +469
-848 +118 +626
-850 +091 +556
-832 +131 +464
-890 -028 +440
-864 +146 +414
-857 +169 +567
-891 +254 +571
-875 +291 +437
-870 +280 +428
-854 +324 +504
-811 +372 +518
-680 +576 +186
-666 +500 +284
-623 +435 +489
-474 +422 +538
-502 +385 +305
-524 +281 +280
-486 +144 +758
-467 +153 +686
-464 +089 +660
-434 -126 +698
-410 -102 +594
-386 -135 +582
-374 -168 +636
-373 -217 +875
-353 -148 +991
-266 -074 +170
-262 +021 +239
-270 +143 +311
-230 +176 +396
-239 +182 +333
-217 +226 +363
-170 +150 +784
-176 +189 +684
-150 +190 +702
-180 +228 +442
-150 +309 +567
-105 +443 +543
-062 +728 +528
-053 +767 +565
-051 +724 +549
-128 +798 +882
-146 +838 +111
-121 +865 +301
-116 +676 +992
-153 +618 +818
-191 +567 +799
-282 +606 +494
-270 +675 +719
-206 +720 +581
-322 +380 +342
-364 +282 +454
-391 +299 +405
-478 +230 +438
-486 +191 +552
-516 +170 +510
-594 +214 +424
-625 +162 +368
-664 +109 +355
-686 +034 +506
-717 +009 +492
-770 -002 +504
-838 +128 +450
-826 +124 +493
-849 +030 +574
-798 -016 +538
-848 -079 +608
-865 -145 +674
-848 -006 +656
-796 +054 +531
-838 +016 +484
-838 +064 +416
-832 +136 +508
-802 +225 +544
-866 -004 +702
-847 +012 +694
-832 +063 +520
-876 -126 +376
-701 +284 +706
-797 +111 +656
-846 -190 +464
-842 -024 +541
-817 +098 +622
-902 +290 +270
-893 +211 +388
-827 +313 +350
-840 +054 +658
-878 +082 +559
-867 +172 +515
-842 +251 +614
-837 +377 +568
-740 +466 +548
-749 +416 +771
-738 +441 +642
-728 +472 +166
-707 +468 +260
-641 +544 +306
-556 +544 +366
-564 +450 +343
-552 +371 +430
-528 +196 +496
-514 +182 +534
-525 +132 +595
-496 +024 +586
-487 -046 +612
-456 -085 +655
-416 -240 +870
-404 -193 +877
-392 -101 +834
-388 -144 +248
-408 -076 +065
-423 -039 +018
-402 +064 +352
-405 +083 +428
-424 +124 +449
-458 +120 +600
-400 +194 +562
-383 +203 +565
-254 +254 +538
-238 +292 +605
-180 +551 +462
-230 +734 +236
-228 +701 +271
-223 +732 +252
-294 +754 +034
-314 +765 +155
-272 +860 +117
-308 +670 +038
-254 +746 +943
-307 +605 +918
-328 +444 +678
-352 +495 +701
-384 +520 +620
-416 +640 +578
-443 +638 +470
-470 +606 +542
-560 +302 +362
-543 +437 +298
-593 +319 +332
-580 +498 +366
-567 +495 +390
-623 +383 +297
-652 +340 +234
-678 +274 +254
-701 +252 +295
-742 +128 +486
-768 +053 +481
-819 -048 +408
-868 -008 +520
-886 +010 +492
-907 +026 +561
-898 +186 +544
-899 +138 +560
-895 +126 +515
-884 +052 +436
-882 +050 +548
-848 +110 +533
-852 +220 +370
-842 +236 +338
-858 +153 +412
-856 +096 +566
-854 +158 +564
-879 +147 +513
-906 +042 +304
-896 +080 +423
-853 +294 +408
-906 +060 +488
-880 +110 +490
-868 +238 +466
-878 +186 +476
-846 +205 +552
-918 +125 +417
-866 +182 +686
-873 +195 +537
-882 +133 +509
-854 +294 +442
-851 +221 +486
-837 +187 +473
-707 +355 +659
-741 +473 +653
-760 +236 +710
-728 +166 +714
-685 +196 +682
-688 +274 +670
-727 +371 +762
-760 +517 +858
-820 +558 +846
-796 +585 +818
-737 +668 +769
-512 +932 +826
-477 +888 +797
-463 +762 +652
-410 +570 +180
-354 +635 +184
-331 +566 +310
-340 +340 +552
-333 +336 +568
-339 +314 +514
-356 +294 +432
-348 +307 +422
-332 +293 +439
-334 +112 +648
-366 +043 +670
-359 -004 +683
-322 -040 +894
-340 -088 +961
-320 -101 +082
-310 -126 +226
-308 -080 +195
-353 -135 +185
-350 -116 +238
-368 -123 +325
-340 +000 +417
-262 +290 +488
-270 +360 +463
-297 +398 +650
-202 +802 +472
-240 +743 +445
-209 +644 +360
-110 +638 +316
-098 +718 +183
-099 +874 +009
-188 +900 +956
-199 +927 +982
-205 +886 +991
-234 +844 +740
-283 +777 +758
-245 +827 +801
-130 +976 +698
-178 +862 +568
-226 +724 +557
-298 +572 +376
-298 +559 +531
-359 +429 +495
-406 +504 +510
-438 +442 +543
-479 +421 +434
-540 +346 +466
-596 +253 +428
-654 +177 +490
-766 -044 +558
-768 -034 +585
-791 +019 +580
-738 +182 +516
-777 +062 +536
-796 +035 +561
-798 +098 +548
-816 +070 +545
-833 +081 +561
-842 +166 +612
-849 +161 +596
-843 +197 +537
-858 +208 +444
-852 +225 +462
-831 +210 +506
-868 +064 +542
-853 +051 +609
-844 +120 +794
-804 +170 +528
-815 +130 +518
-826 +190 +506
-868 +274 +876
-835 +299 +795
-822 +232 +695
-665 +228 +827
-680 +339 +716
-680 +564 +812
-679 +552 +818
-665 +528 +751
-658 +432 +618
-655 +445 +592
-667 +484 +556
-684 +590 +510
-674 +672 +475
-660 +786 +390
-562 +124 +128
-526 +140 +111
-486 +044 +033
-416 +652 -134
-390 +534 -143
-365 +381 -117
-314 +060 +094
-193 +434 +904
-189 +454 +894
-224 +606 +870
-198 +472 +859
-173 +416 +883
-134 +630 +904
-149 +491 +973
-135 +632 +679
-162 +458 +956
-136 +445 +966
-154 +408 +966
-180 +372 +908
-188 +403 +923
-685 +394 +276
-753 +354 +066
-782 +428 +314
-767 +499 +350
-751 +526 +347
-742 +382 +334
-734 +259 +313
-713 +126 +344
-642 -106 +438
-584 -083 +425
-502 +028 +575
-262 +274 +854
-196 +479 +882
-108 +760 +856
+058 +018 +846
+074 +192 +765
+097 +357 +647
+100 +618 +206
+096 +602 +148
+107 +593 +008
+136 +466 -162
+159 +406 -087
+183 +325 +032
+224 +036 +224
+229 +987 +295
+231 +920 +372
+214 +854 +648
+197 +787 +746
+154 +684 +872
+044 +324 +172
+020 +249 +195
-027 +231 +143
-108 +280 +098
-109 +292 +128
-130 +275 +149
-188 +182 +212
-204 +163 +191
-209 +200 +123
-208 +270 +022
-208 +279 +991
-224 +297 +970
-240 +370 +898
-239 +365 +906
-242 +374 +907
-258 +406 +928
-260 +387 +923
-246 +456 +847
-262 +262 +970
-263 +282 +959
-266 +273 +955
-286 +252 +956
-282 +261 +932
-747 +561 +310
-736 +514 +320
-730 +380 +408
-731 +318 +411
-712 +271 +434
-660 +164 +472
-648 +162 +532
-628 +183 +546
-486 +430 +558
-477 +473 +573
-453 +543 +536
-406 +512 +524
-391 +450 +686
-322 +585 +744
-206 +856 +764
-140 +010 +702
-114 +145 +574
-056 +436 +168
-039 +471 +161
-008 +544 +117
+028 +538 +168
+025 +421 +207
+021 +222 +286
+052 +928 +548
+068 +902 +530
+054 +856 +511
+034 +778 +628
+015 +767 +686
-011 +753 +785
-032 +678 +896
-036 +641 +886
-076 +579 +870
-176 +450 +944
-201 +435 +060
-235 +414 +093
-270 +466 +022
-269 +446 +995
-278 +429 +970
-278 +514 +830
-267 +580 +800
-259 +589 +792
-260 +524 +830
-254 +527 +833
-253 +567 +818
-266 +544 +774
-259 +545 +760
-256 +568 +750
-244 +610 +838
-256 +559 +832
-266 +538 +820
-278 +484 +862
-286 +486 +829
-319 +163 +812
-332 +122 +812
-348 +080 +922
-345 +129 +990
-323 +204 +983
-338 +256 +034
-322 +300 +046
-324 +323 +982
-302 +144 +896
-350 +042 +941
-332 +030 +934
-268 +148 +740
-271 -122 +778
-252 -512 +771
-068 -922 +510
+035 -709 +395
+129 -626 +395
+382 -560 +456
+397 -397 +473
+483 +147 +910
+506 +174 +878
+455 +063 +712
+415 +033 +594
+364 +538 +784
+362 +503 +783
+407 +265 +501
+568 +956 +716
+637 +833 +838
+657 +643 +973
+698 +166 +052
+686 +074 +939
+651 -109 +873
+462 -556 +058
+430 -659 +919
+357 -718 +902
+198 -778 +412
+191 -690 +373
+154 -590 +193
+070 -320 +896
+091 -170 +959
+086 -181 +011
+096 +084 +956
+105 +113 +054
+119 +133 +158
+110 +030 +030
+119 +008 +999
+121 -002 +038
+152 -022 +212
+140 -031 +188
+125 +016 +140
+100 +054 +002
+083 +012 +984
+072 +018 +971
+038 +072 +054
+020 +044 +994
+016 +051 +992
+004 +072 +064
-007 +066 +104
-002 +042 +106
+018 +032 +992
+011 -024 +014
+007 -026 +045
-002 -002 +956
-011 +043 +993
-029 +071 +069
+008 +114 +238
+023 -012 +078
+030 +002 +060
+004 -014 +186
-006 -025 +148
+005 -002 +142
-040 +076 +920
-720 +204 +668
-710 +210 +627
-686 +246 +804
-677 +241 +821
-678 +215 +785
-712 +100 +704
-694 +136 +753
-685 +200 +760
-642 +072 +652
-632 -106 +600
-582 -321 +547
-386 -486 +382
-283 -463 +299
-156 -634 +275
+184 -010 +606
+260 -535 +868
+341 +301 +107
+142 +042 +260
+129 +868 +435
+065 +944 +720
+084 +768 +842
+072 +582 +663
+119 +276 +415
+252 +804 +108
+281 +692 +057
+302 +598 +019
+332 +320 +810
+318 +212 +915
+261 -066 +984
+042 -262 +684
+000 -390 +870
-067 -637 +062
-180 -650 +164
-145 -424 +175
-170 -355 +194
-132 -010 +074
-143 -007 +015
-163 -023 +978
-170 +124 +858
-174 +110 +939
-198 +093 +005
-178 +262 +976
-174 +196 +003
-181 +073 +054
-172 +106 +048
-191 +074 +032
-187 +056 +042
-214 +066 +082
-200 +095 +016
-209 +041 +013
-202 -036 +110
-199 -038 +081
-186 -014 +012
-236 +004 +908
-228 +089 +929
-259 +088 +195
-196 +048 +772
-202 -012 +803
-192 +055 +063
-232 +084 +794
-232 +042 +874
-220 +014 +994
-224 -052 +074
-211 +089 +003
-215 +045 +983
-212 +058 +024
-209 +085 +037
-202 +089 +092
-200 +102 +042
-203 +082 +998
-195 +077 +043
-198 +134 +060
-202 +105 +035
-200 +132 +054
-224 +052 +962
-213 +071 +990
-663 +203 +674
-658 +234 +651
-632 +140 +960
-646 +133 +946
-637 +152 +840
-632 +128 +702
-648 +113 +740
-644 +081 +713
-632 -060 +646
-624 -139 +607
-572 -272 +544
-430 -656 +572
-350 -724 +526
-193 -726 +406
+150 -866 +362
+259 -580 +666
+358 +185 +089
+258 +730 +814
+169 +478 +743
+094 +019 +616
+030 +750 +410
+051 +953 +393
+087 +989 +248
+176 +668 +958
+218 +659 +041
+265 +642 +081
+330 +404 +898
+328 +282 +919
+310 +115 +947
+242 -434 +064
+208 -562 +159
+138 -609 +120
+000 -612 +078
-031 -589 +085
-029 -432 +135
-076 -244 +108
-081 -167 +057
-097 -126 +029
-092 -048 +008
-103 -038 +087
-107 +031 +050
-098 +048 +910
-105 -004 +972
-102 -007 +999
-092 +006 +016
-096 -003 +035
-104 +013 +049
-102 +074 +042
-107 +061 +060
-101 +069 +057
-112 +014 +004
-111 +007 +979
-108 +032 +981
-284 +320 +246
-193 +202 +059
-173 +175 +925
-122 -200 +504
-100 -108 +304
-093 +001 +062
-128 +042 +058
-106 +045 +041
-087 +082 +045
-124 +166 +166
-122 +099 +023
-119 +062 +088
-108 +040 +036
-111 +034 +034
-106 +065 +061
-088 +134 +050
-089 +137 +045
-095 +106 +033
-124 +050 +964
-107 +104 +995
-085 +187 +979
-735 +182 +774
-733 +182 +643
-712 +126 +670
-704 +168 +748
-696 +183 +770
-704 +136 +644
-702 +125 +708
-693 +146 +778
-722 +140 +650
-710 +154 +623
-705 +125 +672
-692 +044 +666
-670 -024 +632
-621 -207 +607
-506 -674 +552
-396 -651 +382
-196 -830 +227
+198 -276 +644
+311 -608 +889
+383 +141 +087
+232 +814 +558
+214 +769 +627
+180 +916 +703
+090 +924 +644
+077 +858 +572
+113 +940 +382
+212 +002 +042
+252 +896 +990
+353 +862 +038
+518 +626 +012
+541 +501 +934
+571 +303 +023
+618 -116 +192
+554 -323 +135
+498 -598 +393
+274 -304 +508
+184 -187 +246
+110 -865 +988
-024 -322 +074
-011 -108 +119
-029 -040 +030
-092 -010 +862
-095 +096 +910
-098 +060 +997
-086 -018 +020
-088 +002 +010
-080 +064 +003
-086 +154 +166
-100 +108 +128
-102 +046 +060
-080 -046 +992
-090 +054 +036
-090 +100 +061
-102 +084 +010
-112 +034 +038
-116 +085 +977
-110 +150 +934
-109 +059 +966
-101 +042 +113
-096 +180 +054
-108 +074 +028
-129 +108 +975
-104 -172 +356
-068 -034 +189
-077 +007 +093
-114 +130 +084
-111 +096 +097
-092 +165 +102
-100 +092 +014
-090 +113 +996
-085 +120 +020
-082 +044 +990
-087 +101 +056
-093 +159 +044
-497 +296 +780
-505 +347 +746
-494 +276 +838
-488 +280 +871
-485 +304 +924
-504 +282 +962
-519 +332 +973
-523 +375 +946
-508 +294 +878
-502 +220 +861
-482 +116 +846
-440 -066 +720
-442 -160 +661
-399 -330 +606
-316 -992 +684
-118 -876 +555
+026 -150 +630
+528 -870 +878
+586 -231 +187
+541 +452 +492
+336 +612 +466
+274 +271 +388
+231 +214 +394
+248 +200 +514
+280 +076 +358
+337 +937 +112
+422 +586 +704
+437 +560 +677
+483 +522 +763
+496 +158 +124
+456 -048 +178
+402 -261 +086
+260 -774 +282
+205 -798 +364
+143 -699 +317
+070 -312 +274
+098 -142 +304
+092 -035 +197
+058 -106 +964
+067 -048 +956
+062 -037 +002
+050 +016 +020
+041 +025 +041
+031 +075 +044
-006 +076 +058
-018 +055 +050
-008 +072 +011
+004 +108 +978
-016 +081 +990
-025 +157 +978
-002 +358 +916
-013 +313 +965
-035 +186 +009
-058 +126 +076
-078 +159 +898
-069 +152 +910
-060 +068 +172
-047 -007 +087
-031 +101 +133
-050 -018 +066
-051 +003 +034
-048 +087 +059
-054 +184 +068
-053 +160 +046
-051 +158 +014
-074 +118 +994
-047 +208 +015
-051 +124 +038
-024 +150 +074
-030 +140 +022
-288 +223 +011
-311 +209 +982
-314 +122 +920
-309 +152 +971
-302 +151 +031
-290 +164 +994
-293 +177 +975
-312 +183 +915
-338 +152 +916
-342 +151 +983
-329 +204 +003
-310 +068 +822
-307 -062 +774
-282 -202 +752
-188 -524 +442
-138 -677 +344
-017 -018 +414
+532 -736 +652
+663 -590 +736
+854 -249 +858
+126 +566 +850
+973 +325 +945
+783 +939 +931
+590 +748 +352
+558 +681 +314
+590 +681 +129
+726 +710 +818
+765 +626 +837
+841 +528 +746
+824 +014 +850
+774 -158 +789
+701 -490 +089
+530 -960 +432
+451 -014 +318
+371 -888 +234
+260 -288 +090
+264 -097 +006
+267 +000 +998
+246 +016 +990
+258 +028 +960
+252 +000 +035
+252 +032 +040
+247 +057 +033
+236 +046 +087
+204 +028 +004
+193 +026 +000
+177 +047 +002
+144 +098 +998
+159 +120 +995
+163 +120 +992
+140 +146 +022
+110 +155 +018
+102 +143 +036
+122 +142 +098
+109 +070 +093
+100 +088 +059
+086 +070 +966
+074 +057 +958
+073 +087 +957
+062 +060 +202
+064 +040 +105
+080 +133 +907
+074 +052 +148
+079 +088 +190
+066 +073 +073
+048 +132 +038
+048 +179 +052
+056 +103 +007
+070 +164 +124
+068 +128 +071
+077 +142 +075
+052 +124 +010
+063 +132 +024
-403 +326 +006
-425 +362 +903
-462 +246 +908
-470 +237 +885
-461 +260 +892
-422 +236 +050
-418 +237 +053
-417 +239 +980
-442 +174 +948
-442 +167 +926
-442 +141 +859
-394 +020 +732
-406 -094 +713
-371 -194 +638
-308 -784 +454
-170 -796 +362
+042 -674 +491
+480 -754 +770
+611 -527 +054
+753 +248 +330
+734 +956 +404
+598 +593 +539
+523 +458 +478
+462 +242 +952
+487 +135 +868
+559 +075 +746
+686 +788 +576
+692 +727 +757
+698 +642 +872
+692 +280 +860
+672 +215 +993
+600 +055 +186
+428 -272 +172
+343 -324 +194
+284 -413 +314
+158 -384 +436
+188 -063 +273
+194 +190 +063
+170 +262 +938
+163 +251 +949
+157 +214 +901
+136 +234 +858
+134 +273 +864
+137 +287 +905
+132 +192 +182
+133 +239 +174
+137 +301 +091
+118 +346 +936
+112 +314 +959
+096 +256 +980
+102 +264 +930
+108 +309 +932
+108 +300 +943
+108 +204 +026
+112 +201 +013
+100 +197 +989
+006 +068 +080
+028 +034 +052
+059 +160 +967
+100 +252 +272
+089 +266 +075
+089 +219 +018
+076 +268 +056
+076 +237 +034
+082 +247 +031
+092 +192 +002
+101 +233 +003
+102 +264 +998
+096 +248 +030
-464 +227 +986
-475 +236 +883
-472 +224 +986
-458 +231 +030
-453 +236 +941
-474 +182 +816
-470 +186 +877
-472 +181 +887
-484 +154 +804
-476 +145 +839
-467 +153 +913
-484 +120 +884
-476 +177 +831
-473 +167 +792
-448 +006 +806
-441 -134 +778
-384 -278 +683
-216 -748 +604
-114 -796 +530
+069 -884 +489
+540 -516 +028
+633 -141 +160
+695 +585 +382
+546 +002 +738
+464 +973 +638
+368 +092 +493
+286 +950 +064
+324 +908 +112
+415 +881 +025
+570 +724 +852
+599 +759 +719
+641 +673 +671
+668 +314 +906
+651 +125 +076
+637 +028 +110
+534 -344 +390
+481 -427 +438
+384 -501 +438
+254 -266 +252
+229 -198 +169
+216 -089 +085
+188 +080 +002
+189 +076 +974
+172 +037 +988
+146 +108 +940
+143 +098 +964
+141 +098 +971
+112 +128 +038
+115 +108 +048
+110 +110 +049
+118 +116 +998
+108 +115 +010
+120 +182 +988
+136 +198 +940
+120 +166 +969
+096 +529 +465
+050 +036 +972
+063 +089 +876
+071 +126 +919
+104 +222 +186
+084 +175 +074
+088 +187 +084
+094 +180 +090
+089 +176 +028
+097 +177 +081
+120 +204 +062
+118 +240 +044
+110 +217 +046
-670 +171 +852
-677 +282 +746
-650 +280 +730
-651 +257 +748
-648 +268 +780
-648 +132 +696
-651 +010 +630
-623 -105 +627
-502 -256 +692
-472 -447 +694
-363 -548 +679
-074 -876 +636
+030 -881 +618
+232 -543 +744
+488 +770 +398
+400 +782 +486
+363 +845 +446
+272 +192 +230
+214 +213 +192
+172 +284 +169
+220 +274 +988
+294 +174 +902
+417 +157 +909
+658 +848 +814
+691 +799 +767
+674 +468 +900
+530 -070 +178
+536 -095 +175
+463 -420 +437
+202 -918 +736
+161 -685 +622
+120 -460 +414
+064 +030 +990
+060 +115 +991
+058 +147 +930
+018 +128 +876
+004 +177 +915
-007 +244 +926
-012 +252 +958
-013 +225 +985
-011 +170 +010
-004 +174 +084
-007 +133 +085
+002 +141 +996
-012 +154 +960
-023 +171 +992
-017 +227 +998
-012 +214 +032
-054 +132 +042
-059 +143 +898
-024 +160 +122
-017 +169 +140
-023 +129 +041
-014 +232 +942
-025 +229 +027
-023 +111 +041
-042 +126 +014
-027 +193 +970
-017 +169 +014
+000 +180 +160
-011 +213 +112
-032 +171 +026
-030 +134 +156
-647 +153 +787
-658 +130 +706
-638 +224 +752
-642 +213 +777
-643 +203 +839
-668 +246 +860
-667 +249 +796
-660 +230 +783
-656 +152 +890
-667 +085 +855
-661 +103 +815
-632 +104 +722
-623 +029 +698
-601 -058 +678
-478 -258 +578
-451 -418 +521
-352 -664 +512
-032 -298 +504
+162 -108 +597
+420 -067 +720
+132 +212 +546
+171 +475 +566
+079 +258 +612
+512 +040 +990
+388 +626 +756
+380 +487 +703
+504 +608 +900
+566 +455 +823
+649 +197 +626
+824 +742 +688
+862 +661 +712
+956 +566 +673
+156 -254 +900
+952 -876 +459
+685 -104 +750
+386 -286 +004
+330 -178 +652
+265 -044 +278
+126 +214 +786
+137 +352 +805
+137 +385 +773
+084 +162 +898
+090 +188 +953
+101 +212 +006
+080 +162 +964
+081 +201 +969
+077 +268 +025
+068 +232 +018
+074 +234 +012
+085 +240 +022
+094 +184 +974
+092 +194 +991
+097 +251 +986
+092 +208 +000
+089 +220 +995
+083 +228 +990
+092 +206 +054
+086 +191 +069
+085 +296 +064
+046 +040 +096
+068 +171 +902
+078 +179 +973
+120 +336 +380
+097 +328 +061
+067 +295 +081
+044 +122 +044
+053 +105 +990
+071 +220 +059
+064 +204 +986
+065 +168 +988
+064 +223 +032
+052 +186 +940
+054 +194 +015
+061 +223 +007
+060 +252 +042
+063 +232 +042
+065 +227 +005
-668 +239 +859
-638 +278 +700
-647 +210 +695
-641 +210 +776
-634 +244 +832
-640 +208 +765
-637 +160 +689
-614 -004 +590
-589 -022 +605
-513 -123 +614
-398 -868 +656
-282 -895 +543
-067 -858 +303
+586 -768 +256
+718 -595 +823
+836 -010 +432
+826 +040 +040
+603 +499 +688
+430 +209 +394
+222 +228 +264
+240 +061 +185
+315 +031 +136
+500 +784 +956
+512 +624 +895
+561 +566 +883
+666 +276 +062
+654 +203 +064
+660 +178 +115
+606 -256 +452
+527 -386 +486
+424 -504 +340
+206 -674 +146
+187 -596 +195
+152 -446 +132
+110 -074 +050
+106 -005 +022
+090 +032 +995
+042 +048 +948
+039 +067 +999
+037 +096 +021
+010 +144 +088
+021 +164 +047
+017 +143 +017
+022 +052 +964
+008 +069 +970
+001 +123 +011
+012 +246 +170
+003 +230 +131
-002 +160 +076
+010 +216 +086
+009 +204 +988
+003 +184 +940
+072 +530 +500
+012 +237 +243
-013 +145 +031
+032 +592 +822
+006 +309 +987
-003 +162 +064
-002 +268 +022
+000 +178 +035
+002 +145 +078
-006 +098 +150
-011 +102 +066
-002 +096 +050
+026 +078 +982
+020 +103 +002
+016 +118 +023
+010 +122 +100
+007 +087 +031
-691 +275 +784
-716 +287 +766
-834 +214 +672
-863 +244 +784
-859 +322 +842
-854 +372 +766
-811 +330 +684
-751 +256 +695
-546 +330 +784
-516 +159 +758
-506 -115 +691
-516 -256 +560
-504 -226 +538
-505 -302 +475
-416 -494 +430
-356 -622 +485
-236 -776 +470
+060 -086 +480
+290 -668 +674
+395 +108 +132
+316 +818 +870
+197 +562 +653
+103 +151 +332
+078 +032 +366
+078 +099 +367
+085 +080 +319
+192 +932 +008
+245 +871 +924
+308 +752 +863
+432 +510 +854
+477 +465 +912
+506 +322 +859
+390 -394 +240
+353 -330 +356
+300 -302 +443
+094 -516 +492
+056 -445 +467
+027 -377 +273
-054 -122 +066
-041 -024 +019
-055 -034 +964
-066 +014 +998
-063 +049 +056
-069 +060 +051
-094 +024 +094
-086 +061 +071
-079 +062 +055
-092 +066 +066
-089 +094 +030
-092 +119 +007
-088 +164 +984
-093 +182 +007
-091 +187 +026
-100 +180 +058
-098 +160 +032
-110 +101 +012
-156 +098 +192
-161 +078 +107
-158 +084 +005
-146 +002 +046
-120 +093 +019
-120 +104 +046
-134 +078 +106
-128 +096 +045
-134 +047 +038
-116 +170 +026
-118 +120 +033
-116 +131 +020
-104 +122 +090
-100 +137 +077
-109 +139 +068
-118 +132 +094
-126 +101 +074
-116 +123 +047
-104 +148 +046
-109 +112 +012
-109 +106 +035
-108 +136 +016
-110 +138 +032
-764 +155 +663
-751 +143 +620
-730 +142 +664
-737 +128 +680
-730 +133 +721
-726 +138 +688
-740 +082 +655
-738 +094 +662
-724 +148 +700
-726 +083 +661
-703 +002 +637
-606 -188 +538
-546 -297 +470
-484 -609 +493
-182 -862 +702
-099 -918 +702
+095 -900 +639
+642 -102 +742
+637 +213 +092
-204 +122 +127
-190 +072 +200
-160 +032 +346
-124 +050 +407
-068 +004 +544
-098 -044 +516
-056 -117 +472
-056 -232 +408
+012 -424 +420
+024 -481 +270
+015 -455 +134
+018 -414 +020
+033 -431 +961
+056 -460 +952
+104 -444 +840
+110 -483 +750
+100 -571 +665
+098 -620 +770
+076 -690 +804
+065 -714 +788
+084 -682 +704
+086 -660 +752
+099 -606 +754
+156 -484 +612
+189 -465 +603
+231 -490 +619
+338 -674 +642
+330 -786 +721
+334 -819 +703
+390 -838 +680
+398 -851 +805
+408 -809 +885
+476 -664 +934
+485 -678 +869
+491 -623 +861
+506 -522 +834
+521 -479 +781
+544 -490 +677
+636 -534 +548
+656 -577 +538
+706 -605 +539
+836 -726 +630
+826 -782 +678
+854 -782 +608
+826 -778 +354
+844 -830 +259
+829 -858 +290
+802 -854 +556
+802 -783 +644
+751 -719 +637
+700 -718 +620
+707 -837 +575
+719 -925 +479
+726 -894 +254
+708 -854 +232
+654 -789 +234
+540 -734 +376
+510 -768 +421
+486 -742 +462
+456 -656 +438
+426 -647 +444
+387 -668 +430
+318 -680 +506
+303 -697 +532
+282 -721 +560
+230 -768 +704
+234 -774 +780
+226 -780 +792
+180 -662 +836
+154 -617 +866
+114 -544 +898
+054 -352 +972
+039 -308 +989
+022 -276 +979
-058 -246 +088
-070 -209 +102
-088 -178 +064
-160 -200 +066
-189 -230 +135
-224 -243 +135
-332 -250 +014
-363 -219 +986
-404 -164 +938
-494 -074 +878
-501 -066 +844
-515 -126 +779
-552 -306 +646
-585 -320 +601
-645 -286 +605
-762 -208 +592
-759 -143 +615
-746 -035 +604
-670 +134 +650
-642 +117 +649
-648 +109 +698
-632 +266 +732
-665 +234 +677
-677 +199 +688
-688 +110 +644
-691 +102 +677
-678 +141 +701
-632 +254 +670
-628 +258 +687
-613 +223 +664
-586 +040 +668
-567 +130 +685
-561 +123 +697
-536 +064 +822
-521 +068 +862
-478 +143 +912
-360 +450 +058
-360 +556 +053
-365 +686 +039
-378 +736 +968
-379 +604 +917
-367 +466 +886
-428 +380 +856
-378 +420 +871
-365 +400 +924
-306 +364 +986
-279 +298 +944
-258 +238 +879
-132 +122 +934
-116 +084 +003
-107 +002 +143
-072 -076 +294
-075 -058 +295
-073 -050 +253
-082 +074 +006
-058 +148 +034
-048 +047 +130
-068 -068 +256
-078 -044 +171
-090 +034 +070
-098 +084 +910
-061 +132 +942
-058 +227 +976
-030 +394 +010
-024 +360 +974
-016 +296 +960
-014 +252 +958
-008 +264 +982
-005 +253 +007
-004 +176 +992
-024 +131 +948
-029 +061 +838
+022 +110 +922
+066 +140 +973
+120 +187 +993
+210 +258 +984
+207 +223 +000
+210 +178 +980
+224 +136 +900
+219 +159 +963
+243 +156 +987
+334 +068 +992
+377 +048 +998
+428 +064 +047
+518 +116 +072
+546 +155 +022
+576 +180 +994
+612 +222 +978
+633 +174 +904
+656 +134 +800
+652 +134 +722
+683 +101 +727
+713 +113 +782
+722 +140 +838
+731 +172 +734
+818 +321 +565
+946 +650 +522
+963 +498 +611
+978 +379 +664
+986 +446 +718
+975 +382 +668
+992 +368 +683
+996 +318 +886
+982 +288 +837
+967 +249 +771
+924 +264 +772
+905 +247 +802
+904 +209 +837
+850 +090 +796
+839 +100 +810
+805 +065 +821
+714 -012 +904
+684 +010 +905
+643 +019 +914
+536 +004 +888
+511 +021 +884
+470 +054 +927
+406 +120 +122
+385 +083 +196
+350 +023 +208
+248 -050 +074
+227 -038 +054
+182 -029 +019
+052 +000 +988
+035 -009 +937
-001 -008 +927
-072 +056 +928
-096 +068 +863
-122 +078 +825
-194 +086 +800
-206 +087 +890
-234 +073 +904
-276 +034 +930
-299 +033 +988
-331 -020 +031
-328 +046 +996
-353 +077 +948
-391 +059 +863
-462 +080 +756
-472 +071 +756
-480 +064 +749
-494 +072 +752
-497 +069 +796
-491 +119 +835
-482 +196 +898
-475 +224 +902
-471 +247 +915
-466 +246 +882
-462 +252 +878
-471 +260 +926
-506 +318 +966
-502 +322 +913
-493 +286 +914
-482 +290 +964
-492 +324 +982
-498 +343 +000
-512 +398 +982
-513 +418 +965
-513 +445 +946
-504 +468 +764
-504 +464 +719
-515 +426 +672
-548 +426 +822
-548 +402 +804
-565 +396 +794
-588 +382 +718
-597 +326 +741
-601 +228 +761
-608 +120 +738
-604 +114 +754
-612 +050 +772
-626 -084 +778
-643 -094 +759
-657 -100 +743
-666 -058 +746
-654 -052 +748
-635 -061 +738
-600 -042 +746
-598 -016 +728
-573 +006 +703
-590 -090 +728
-600 -097 +741
-595 -098 +747
-566 -106 +828
-553 -170 +806
-539 -262 +818
-472 -240 +754
-434 -191 +702
-358 -143 +649
-218 -138 +702
-212 -160 +790
-204 -127 +897
-208 -104 +938
-184 -069 +933
-117 -064 +930
-010 -212 +088
+016 -266 +140
+070 -287 +222
+132 -422 +528
+137 -506 +448
+162 -540 +407
+242 -618 +188
+240 -646 +192
+257 -644 +156
+302 -618 +198
+309 -603 +154
+308 -546 +095
+274 -492 +022
+257 -448 +011
+231 -449 +024
+212 -436 +986
+191 -432 +002
+162 -407 +090
+128 -372 +174
+093 -387 +195
+068 -413 +227
-010 -432 +170
-026 -380 +075
-080 -329 +961
-206 -294 +922
-222 -268 +898
-257 -241 +858
-404 -258 +760
-446 -256 +769
-446 -238 +711
-556 -162 +404
-583 -165 +306
-617 -165 +217
-666 -174 +176
-658 -140 +219
-637 -080 +275
-568 -026 +406
-536 -044 +441
-459 -047 +429
-366 -068 +410
-370 -089 +494
-332 -116 +557
-248 -190 +880
-216 -208 +967
-181 -346 +094
-152 -582 +448
-162 -609 +368
-141 -678 +144
-074 -758 +024
-054 -753 +045
-004 -646 +004
+090 -578 +982
+113 -542 +024
+145 -557 +001
+262 -614 +910
+273 -630 +971
+327 -578 +910
+428 -466 +918
+448 -490 +952
+504 -434 +899
+492 -436 +786
+483 -392 +906
+476 -400 +834
+504 -402 +746
+485 -406 +863
+509 -391 +850
+522 -448 +888
+525 -459 +868
+530 -453 +848
+526 -414 +864
+510 -414 +931
+498 -399 +000
+474 -368 +032
+466 -387 +004
+436 -405 +970
+370 -420 +892
+358 -422 +879
+356 -398 +785
+296 -378 +690
+289 -387 +730
+317 -393 +728
+318 -434 +782
+298 -444 +792
+273 -461 +822
+246 -476 +918
+228 -507 +980
+188 -601 +022
+186 -702 +908
+152 -719 +950
+138 -704 +975
+078 -666 +024
+051 -631 +023
+032 -586 +974
-058 -546 +928
-074 -550 +885
-099 -549 +741
-168 -644 +466
-205 -696 +509
-215 -718 +593
-226 -650 +798
-205 -632 +878
-178 -612 +943
-132 -544 +100
-125 -536 +089
-115 -453 +033
-148 -314 +028
-156 -305 +051
-176 -255 +024
-248 -260 +114
-262 -314 +137
-291 -283 +032
-390 -284 +960
-396 -200 +890
-427 -150 +849
-532 -180 +836
-546 -147 +804
-587 -143 +763
-702 -202 +804
-718 -222 +789
-730 -227 +773
-728 -198 +752
-726 -189 +762
-709 -141 +722
-700 +020 +584
-724 +056 +571
-733 +091 +522
-774 +068 +386
-757 +037 +308
-810 +005 +314
-880 -080 +354
-884 -126 +338
-889 -188 +352
-884 -238 +274
-883 -255 +269
-890 -310 +259
-878 -418 +222
-896 -404 +233
-902 -386 +233
-900 -378 +258
-897 -399 +227
-892 -385 +219
-842 -318 +256
-828 -316 +235
-807 -355 +174
-756 -364 +260
-762 -454 +356
-757 -514 +389
-716 -578 +336
-714 -609 +340
-693 -682 +371
-630 -760 +484
-577 -752 +479
-549 -762 +559
-492 -590 +614
-491 -478 +628
-493 -418 +717
-476 -384 +726
-464 -354 +727
-425 -307 +736
-396 -226 +984
-359 -179 +095
-321 -111 +156
-224 -024 +384
-191 +026 +362
-157 +114 +378
-132 +256 +326
-135 +273 +351
-152 +257 +409
-178 +188 +388
-178 +254 +262
-186 +303 +158
-210 +336 +006
-238 +268 +016
-265 +241 +012
-306 +278 +778
-326 +300 +729
-361 +257 +689
-444 +060 +636
-452 +048 +607
-458 +040 +559
-496 -090 +338
-513 -161 +322
-520 -236 +349
-498 -354 +412
-486 -363 +447
-455 -401 +504
-412 -424 +610
-389 -430 +715
-346 -446 +733
-260 -420 +134
-226 -372 +207
-165 -317 +297
-110 -442 +578
-091 -448 +598
-056 -510 +545
-036 -632 +516
-031 -547 +494
-043 -488 +402
-142 -476 +114
-189 -431 +042
-243 -367 +027
-390 -290 +768
-429 -253 +701
-475 -196 +625
-568 -150 +468
-566 -170 +397
-561 -180 +335
-540 -190 +280
-531 -196 +286
-531 -174 +318
-530 -114 +426
-500 -126 +373
-474 -171 +383
-292 -158 +614
-255 -132 +617
-212 -294 +486
-006 -544 +800
+096 -466 +781
+199 -415 +930
+288 -208 +336
+366 -252 +255
+428 -300 +307
+534 -414 +210
+558 -458 +060
+598 -366 +025
+710 -248 +928
+725 -246 +001
+744 -286 +953
+800 -330 +820
+842 -341 +786
+900 -271 +793
+974 -176 +738
+960 -156 +828
+968 -207 +774
+010 -136 +550
+028 -124 +484
+075 -118 +419
+122 -126 +736
+111 -129 +727
+084 -084 +697
+036 -020 +648
+024 +003 +629
+991 -015 +655
+976 -124 +546
+985 -155 +432
+965 -145 +445
+948 -132 +576
+966 -142 +586
+987 -137 +567
+960 -116 +564
+937 -122 +594
+906 -101 +647
+820 -062 +704
+791 -065 +724
+757 -090 +764
+680 -152 +828
+667 -157 +875
+638 -182 +920
+564 -230 +094
+547 -259 +114
+521 -291 +114
+426 -354 +112
+390 -359 +090
+342 -388 +101
+224 -470 +996
+183 -457 +912
+111 -472 +897
-042 -514 +848
-068 -507 +783
-133 -478 +697
-226 -378 +664
-255 -391 +630
-276 -379 +581
-328 -342 +550
-341 -301 +604
-357 -260 +650
-402 -186 +788
-415 -194 +781
-413 -201 +761
-414 -206 +820
-418 -197 +843
-419 -206 +843
-412 -232 +896
-413 -194 +881
-399 -234 +840
-370 -252 +916
-335 -269 +916
-300 -227 +940
-236 -118 +006
-236 -074 +036
-234 -050 +035
-202 +002 +034
-178 -011 +030
-160 -005 +055
-134 -008 +036
-135 +004 +057
-124 -006 +009
-114 +012 +984
-103 -007 +021
-088 -024 +027
-052 -058 +088
-038 -065 +105
-018 -086 +127
+018 -146 +156
+040 -175 +126
+055 -199 +112
+100 -234 +062
+113 -242 +038
+112 -270 +063
+088 -372 +130
+087 -345 +095
+084 -338 +062
+072 -400 +100
+065 -433 +120
+039 -490 +205
-006 -516 +356
-002 -485 +362
-006 -406 +338
-040 -208 +220
-056 -131 +184
-080 -027 +133
-148 +190 +948
-139 +207 +866
-159 +159 +708
-222 +002 +536
-250 -041 +558
-285 -081 +553
-284 -076 +608
-281 -035 +783
-309 -079 +184
-306 -340 +718
-307 -338 +587
-311 -219 +376
-350 -002 +000
-357 -012 +899
-380 -032 +811
-448 -086 +648
-461 -083 +609
-464 -104 +474
-446 -200 +502
-448 -248 +682
-453 -281 +949
-472 -382 +504
-472 -359 +514
-462 -286 +389
-470 -174 +036
-474 -171 +909
-483 -162 +750
-496 -134 +464
-497 -139 +448
-497 -161 +459
-484 -182 +470
-465 -159 +471
-432 -149 +467
-346 -424 +758
-335 -497 +090
-326 -506 +373
-328 -368 +428
-349 -314 +292
-362 -251 +145
-362 -206 +920
-363 -273 +880
-364 -322 +864
-398 -496 +970
-414 -548 +988
-412 -481 +868
-430 -256 +634
-436 -215 +598
-426 -166 +551
-434 -200 +662
-426 -238 +768
-435 -265 +965
-390 -260 +168
-403 -338 +305
-407 -455 +439
-382 -548 +464
-361 -499 +366
-349 -407 +208
-366 -226 +854
-378 -176 +769
-405 -094 +675
-468 +034 +440
-488 +074 +392
-505 +045 +374
-522 -034 +536
-526 -078 +684
-528 -087 +855
-522 -110 +318
-513 -134 +398
-509 -177 +409
-500 -166 +224
-494 -139 +085
-500 -111 +896
-516 -108 +506
-526 -133 +416
-533 -180 +316
-506 -238 +226
-474 -264 +243
-408 -192 +480
-324 +150 +290
-322 +213 +439
-344 +238 +511
-412 +022 +494
-417 +023 +333
-429 +013 +116
-460 -004 +796
-459 -038 +739
-477 -061 +652
-450 -100 +560
-421 -093 +578
-379 -036 +619
-256 +068 +640
-237 +108 +752
-205 +101 +995
-168 +070 +506
-162 +077 +636
-158 +107 +653
-174 +092 +372
-195 +074 +240
-224 +042 +098
-294 -038 +874
-301 -074 +816
-316 -104 +832
-340 -110 +906
-327 -056 +924
-314 -007 +966
-302 +054 +060
-308 +075 +055
-310 +061 +071
-330 +018 +036
-328 +015 +018
-341 +039 +046
-370 +038 +052
-408 +002 +048
-436 -030 +038
-484 -108 +988
-495 -120 +956
-515 -119 +897
-562 -016 +854
-537 +023 +861
-507 +056 +894
-436 +020 +878
-440 +005 +864
-446 +003 +843
-460 -022 +792
-459 -032 +756
-455 -080 +705
-444 -164 +662
-441 -191 +663
-440 -238 +669
-428 -290 +722
-412 -297 +746
-390 -310 +785
-314 -346 +762
-296 -328 +776
-269 -386 +783
-224 -504 +828
-207 -499 +833
-178 -510 +927
-124 -566 +222
-099 -523 +204
-061 -514 +211
-038 -640 +286
-028 -650 +220
-022 -686 +180
-022 -764 +046
-019 -661 +919
-027 -604 +872
-018 -478 +774
+000 -380 +719
+014 -249 +682
+086 -054 +686
+112 -076 +745
+167 -123 +801
+270 -250 +850
+283 -269 +902
+330 -272 +947
+372 -318 +914
+431 -315 +916
+463 -369 +896
+598 -496 +692
+636 -543 +730
+646 -626 +884
+692 -568 +852
+750 -540 +798
+806 -484 +925
+894 -306 +066
+876 -307 +965
+851 -351 +846
+860 -318 +586
+871 -317 +611
+889 -318 +597
+880 -480 +568
+863 -457 +653
+831 -407 +792
+814 -382 +824
+810 -462 +742
+780 -511 +624
+654 -466 +692
+641 -470 +722
+628 -495 +666
+552 -504 +600
+516 -507 +613
+474 -512 +666
+414 -526 +684
+389 -532 +738
+356 -508 +807
+318 -468 +848
+294 -475 +823
+263 -473 +853
+202 -462 +878
+187 -452 +879
+167 -442 +893
+130 -382 +846
+115 -355 +872
+091 -326 +846
+060 -304 +814
+061 -325 +784
+045 -328 +826
+040 -330 +986
+042 -337 +995
+042 -319 +987
+066 -308 +878
+080 -330 +846
+101 -320 +895
+146 -272 +944
+166 -300 +899
+180 -319 +907
+218 -328 +008
+234 -311 +992
+246 -301 +919
+262 -308 +798
+294 -341 +746
+361 -391 +656
+472 -466 +672
+496 -423 +753
+525 -372 +827
+528 -428 +992
+596 -450 +863
+655 -460 +758
+712 -750 +514
+735 -628 +616
+773 -496 +645
+852 -404 +520
+872 -372 +483
+922 -322 +483
+970 -364 +558
+963 -376 +576
+994 -326 +631
+092 -248 +614
+084 -248 +646
+087 -199 +648
+082 -120 +402
+049 -178 +516
+002 -244 +571
+872 -286 +760
+854 -278 +773
+824 -235 +768
+758 -136 +746
+732 -125 +744
+701 -106 +754
+596 -114 +848
+577 -123 +888
+557 -110 +921
+500 -092 +952
+485 -082 +964
+456 -061 +013
+346 -024 +156
+331 -037 +143
+327 -032 +099
+256 -026 +946
+226 -069 +967
+176 -165 +006
+112 -318 +156
+108 -277 +185
+092 -294 +214
+048 -272 +200
+029 -197 +148
-016 -098 +104
-110 +076 +070
-143 +055 +037
-189 +135 +021
-326 +286 +018
-395 +287 +927
-432 +333 +833
-508 +416 +682
-534 +390 +624
-533 +378 +536
-516 +404 +368
-516 +324 +339
-555 +155 +216
-628 -106 -040
-610 -059 -044
-565 +001 -029
-370 +202 +228
-295 +313 +392
-201 +446 +584
+092 +734 +634
+040 +637 +653
+006 +617 +766
+018 +586 +816
+079 +665 +747
+151 +670 +833
+224 +490 +986
+295 +529 +926
+416 +522 +976
+590 +510 +878
+660 +574 +033
+708 +569 +058
+722 +502 +162
+741 +436 +069
+739 +399 +914
+740 +276 +710
+750 +267 +801
+784 +219 +871
+836 +084 +914
+812 +089 +985
+780 +108 +933
+772 +186 +658
+783 +193 +623
+793 +193 +594
+802 +178 +672
+807 +163 +730
+806 +121 +734
+806 +044 +634
+788 +062 +623
+772 +061 +628
+784 +036 +658
+790 +066 +717
+791 +100 +747
+804 +126 +670
+803 +131 +644
+787 +156 +632
+750 +154 +572
+760 +153 +577
+769 +156 +615
+780 +168 +694
+795 +170 +695
+797 +191 +727
+800 +222 +682
+804 +218 +664
+798 +243 +683
+790 +304 +734
+799 +403 +714
+840 +564 +656
+882 +602 +860
+873 +605 +992
+875 +612 +983
+810 +622 +900
+758 +646 +918
+683 +679 +932
+550 +708 +930
+507 +687 +963
+426 +633 +029
+252 +590 +898
+176 +576 +822
+080 +554 +721
-142 +556 +574
-172 +549 +493
-239 +538 +462
-356 +452 +316
-403 +454 +309
-458 +528 +298
-542 +524 +050
-560 +457 -029
-597 +374 -098
-654 +322 -016
-658 +284 +009
-648 +245 +008
-606 +142 -022
-567 +174 -015
-467 +225 -059
-220 +340 -056
-126 +520 +077
-032 +688 +303
+086 +040 +710
+107 +047 +697
+137 +020 +571
+232 +114 +478
+259 +035 +504
+289 +898 +597
+368 +820 +554
+407 +823 +498
+521 +876 +520
+636 +850 +582
+673 +930 +625
+747 +987 +606
+746 +174 +978
+750 +897 +761
+770 +878 +681
+772 +596 +598
+788 +672 +638
+780 +596 +651
+770 +410 +500
+773 +397 +473
+778 +448 +544
+792 +616 +786
+813 +628 +732
+833 +608 +653
+822 +598 +638
+796 +597 +571
+769 +559 +521
+712 +512 +508
+700 +525 +539
+677 +561 +566
+640 +666 +652
+636 +714 +664
+622 +736 +690
+592 +754 +694
+557 +749 +671
+518 +770 +646
+436 +824 +680
+398 +804 +667
+334 +832 +746
+240 +880 +848
+200 +845 +797
+105 +823 +756
-082 +770 +780
-149 +707 +719
-222 +641 +617
-364 +304 +490
-399 +337 +774
-398 +313 +899
-382 +310 +702
-393 +317 +635
-412 +322 +597
-406 +454 +782
-396 +453 +757
-384 +510 +735
-334 +538 +596
-341 +583 +598
-779 +321 +531
-780 +284 +358
-768 +294 +491
-786 +229 +587
-732 +412 +424
-749 +316 +526
-747 +267 +618
-752 +298 +592
-754 +312 +641
-750 +289 +603
-764 +204 +624
-756 +227 +703
-749 +211 +677
-752 +286 +696
-753 +270 +662
-761 +240 +605
-754 +276 +734
-753 +271 +686
-760 +244 +656
-762 +262 +602
-761 +259 +613
-754 +263 +634
-768 +228 +630
-759 +267 +649
-756 +261 +635
-758 +252 +568
-792 +009 +326
-654 +152 +586
-618 +212 +890
-606 +234 +886
-588 +230 +857
-586 +188 +836
-590 +256 +856
-588 +301 +844
-620 +196 +820
-621 +192 +826
-580 +241 +812
-486 +128 +654
-476 +015 +561
-445 -043 +421
-296 -220 +300
-207 +026 +398
-095 +312 +432
+036 +076 +462
+022 -214 +607
+044 -069 +865
+064 +510 +608
+012 +727 +824
+004 +980 +932
-052 +570 +040
-042 +376 +040
-024 +264 +040
+076 +214 +678
+088 +156 +379
+074 +081 +018
+028 -008 +182
-018 +003 -093
-094 -086 -072
-140 -014 +068
-126 +103 +101
-098 +138 +207
-052 -010 +502
-020 +064 +548
+037 +139 +580
+012 +332 +100
+047 +710 +329
+032 +878 +685
+074 +604 +040
+035 +311 +040
-008 +096 +038
+010 +388 +040
+043 +400 +652
+033 +464 +476
-004 +210 +768
-067 +096 +510
-171 -012 +322
-320 +078 +378
-344 +125 +448
-383 +187 +496
-498 +222 +572
-502 +308 +612
-516 +336 +674
-540 +328 +836
-535 +327 +879
-511 +396 +875
-542 +280 +674
-510 +339 +722
-497 +393 +781
-384 +250 +150
-458 +649 +878
-483 +293 +855
-472 +564 +766
-489 +416 +733
-503 +369 +853
-542 +350 +634
-536 +332 +708
-521 +292 +804
-522 +278 +754
-522 +279 +754
-523 +283 +854
-496 +402 +788
-564 +267 +615
-545 +296 +794
-560 +246 +076
-559 +271 +980
-566 +279 +938
-570 +382 +936
-565 +380 +952
-549 +339 +921
-496 +210 +630
-459 +153 +523
-382 +044 +316
-146 -154 -252
-047 -164 -398
+211 -073 -091
+532 +044 +096
+502 +147 +226
+477 +534 +321
+378 +272 +004
+236 +043 +022
+107 +745 +031
-038 +374 +040
-024 +404 +040
+020 +522 +897
+142 +224 +266
+149 +205 +125
+120 +094 +833
+060 +158 +064
+054 +035 -072
-025 -196 -270
-052 -032 -312
-035 +011 -248
-002 -068 -157
+106 -098 -024
+185 -009 +148
+294 +277 +602
+292 +850 +818
+235 +797 +927
+232 +829 +984
+184 +640 +040
+074 +174 +040
+025 +060 +888
+038 +500 +668
+027 +478 +582
+043 +484 +380
-020 +210 +002
-066 +101 +061
-087 +170 +111
-106 +160 +564
-157 +118 +481
-203 +162 +417
-288 +372 +436
-318 +331 +475
-359 +290 +447
-496 +310 +550
-502 +315 +585
-532 +236 +681
-562 +480 +702
-559 +544 +696
-572 +488 +678
-596 +354 +718
-570 +452 +779
-548 +795 +710
-782 -202 +536
-661 +103 +676
-602 +332 +796
-544 +298 +820
-541 +319 +850
-544 +352 +807
-562 +312 +788
-562 +343 +776
-558 +366 +733
-560 +286 +778
-552 +365 +798
-564 +333 +774
-590 +298 +740
-580 +365 +762
-576 +379 +763
-588 +394 +836
-587 +426 +801
-588 +384 +728
-578 +428 +700
-644 +134 +653
-576 +293 +802
-546 +290 +960
-547 +304 +970
-560 +363 +990
-608 +312 +088
-612 +309 +092
-601 +329 +061
-610 +256 +938
-601 +247 +909
-570 +258 +797
-538 +246 +568
-511 +147 +509
-474 -026 +314
-330 -088 -506
-269 -010 -521
-167 +012 -193
+124 +008 +224
+236 -082 +230
+341 -184 +400
+630 +466 +970
+588 +982 +505
+440 +354 +773
+316 +366 +040
+204 +028 +040
+184 +846 +040
+276 +662 +040
+335 +448 +029
+397 +178 +691
+272 -140 +388
+219 -151 +139
+080 -234 -177
-102 -228 -494
-095 -142 -492
-057 -050 -460
+106 +154 -070
+174 +166 +002
+329 +378 +320
+402 +470 +998
+339 +645 +019
+183 +220 +030
-048 +706 +040
-053 +523 +040
-021 +256 +986
+098 +438 +426
+067 +462 +069
-058 +237 +644
-270 -086 +008
-312 -033 +077
-364 +048 +282
-432 +320 +360
-465 +371 +326
-494 +433 +368
-584 +464 +634
-590 +458 +586
-594 +451 +553
-598 +432 +702
-585 +455 +706
-591 +442 +694
-590 +456 +648
-585 +508 +672
-588 +476 +714
-570 +518 +708
-577 +520 +688
-572 +555 +688
-604 +418 +748
-573 +546 +723
-573 +501 +798
-550 +374 +618
-555 +390 +638
-550 +421 +731
-556 +328 +724
-546 +445 +734
-554 +472 +720
-574 +434 +668
-570 +428 +714
-573 +431 +728
-542 +538 +718
-551 +478 +721
-555 +490 +730
-585 +197 +817
-583 +160 +650
-554 +304 +870
-574 +277 +093
-599 +220 +076
-696 +192 +928
-722 +160 +068
-733 +176 +166
-762 +300 +958
-737 +425 +943
-720 +346 +876
-644 +058 +230
-652 +291 +217
-624 +504 +376
-644 +284 +668
-639 +133 +525
-619 +166 +287
-538 +174 -074
-476 +051 -111
-341 -081 -207
+116 +050 -156
+162 +106 +053
+226 +233 +286
+236 +852 +746
+203 +145 +300
+076 +398 +670
-490 +068 +040
-560 +930 +040
-550 +928 +040
-376 +680 +712
-294 +584 +360
-196 +403 +952
-088 -044 +130
-105 -202 -060
-112 -261 -204
-102 +086 -140
-120 +080 -010
-133 +066 +019
-066 +210 +026
-039 +187 +336
-049 +471 +676
-208 +448 +694
-278 +460 +858
-320 +190 +949
-414 +410 +040
-394 +476 +040
-297 +383 +902
-124 +386 +694
-140 +324 +450
-168 +173 +346
-274 -066 +270
-316 -008 +261
-369 +085 +305
-514 +312 +406
-532 +378 +525
-559 +340 +573
-592 +400 +706
-602 +365 +691
-621 +417 +698
-602 +490 +664
-622 +435 +736
-594 +568 +691
-616 +396 +630
-606 +456 +688
-610 +378 +771
-572 +414 +660
-580 +387 +704
-574 +362 +754
-566 +474 +798
-569 +418 +722
-588 +428 +792
-574 +446 +744
-568 +409 +726
-580 +415 +713
-616 +360 +784
-595 +365 +751
-598 +371 +742
-566 +498 +714
-579 +408 +738
-579 +447 +742
-578 +354 +770
-576 +361 +755
-589 +381 +763
-656 +218 +658
-656 +329 +662
-648 +420 +776
-661 +393 +811
-646 +351 +826
-638 +238 +802
-637 +253 +816
-622 +264 +782
-538 +208 +556
-466 +171 +461
-324 +085 +269
+084 -162 -176
+162 -206 -180
+232 -234 -120
+452 +966 +138
+353 +503 +589
+147 +545 +815
-292 +956 +040
-342 +860 +040
-337 +750 +040
-172 +590 +884
-109 +474 +488
-064 +338 +100
-026 +070 +484
-066 +024 +369
-087 +017 +260
-066 -018 -132
-056 -084 -243
-012 -111 -232
+130 +002 -062
+234 +141 +093
+269 +265 +568
+198 +102 +614
+229 +354 +799
+120 +549 +920
-170 +082 +040
-182 +916 +965
-142 +854 +755
+000 +562 +628
-003 +468 +480
-037 +232 +233
-134 -100 +536
-157 -071 +450
-205 +043 +434
-306 +142 +306
-345 +199 +322
-398 +288 +372
-500 +408 +620
-516 +432 +619
-522 +470 +655
-554 +420 +714
-556 +464 +671
-550 +428 +755
-550 +394 +950
-528 +512 +828
-521 +491 +754
-536 +298 +812
-520 +479 +787
-540 +371 +785
-528 +336 +828
-518 +428 +872
-533 +367 +804
-520 +520 +848
-528 +457 +778
-524 +452 +768
-530 +434 +648
-525 +454 +739
-524 +474 +757
-522 +456 +720
-519 +439 +759
-514 +448 +802
-532 +492 +750
-555 +196 +916
-540 +272 +919
-546 +348 +014
-552 +342 +000
-554 +368 +963
-570 +374 +886
-557 +322 +823
-540 +197 +675
-430 -040 +166
-352 -053 -014
-148 -128 -204
+350 -028 -202
+431 +019 +230
+460 +242 +778
+382 +512 +166
+355 +608 +603
+315 +514 +822
+138 +608 +040
+128 +611 +040
+098 +249 +040
+052 -084 +860
+128 -001 +564
+136 -078 +072
+068 -110 +232
+022 -091 +155
-009 -058 -042
-060 -070 -390
-039 +027 -234
+025 +082 -060
+040 -042 +480
+088 +085 +443
+152 +252 +636
+308 +378 +214
+282 +534 +627
+183 +319 +834
-068 -176 +040
-070 -162 +040
-034 -111 +040
+048 -154 +820
+046 -179 +604
+035 -176 +269
-062 +094 +462
-123 +079 +308
-213 +031 +220
-374 +126 +400
-401 +187 +437
-434 +223 +467
-496 +348 +630
-501 +377 +664
-526 +333 +702
-562 +344 +742
-571 +356 +775
-554 +368 +738
-552 +280 +766
-546 +336 +814
-549 +354 +823
-552 +358 +750
-553 +312 +752
-555 +368 +738
-560 +568 +134
-562 +459 +917
-552 +380 +755
-558 +382 +946
-567 +385 +809
-564 +352 +786
-552 +502 +818
-561 +409 +820
-557 +408 +848
-554 +388 +696
-556 +350 +719
-546 +389 +793
-538 +382 +684
-567 +359 +812
-576 +326 +814
-574 +376 +830
-565 +368 +794
-576 +307 +808
-578 +470 +838
-588 +386 +766
-585 +375 +757
-582 +340 +748
-578 +377 +771
-570 +382 +798
-570 +348 +742
-560 +371 +766
-571 +345 +755
-566 +410 +726
-664 +093 +437
-609 +276 +703
-598 +318 +948
-592 +368 +941
-594 +338 +903
-614 +178 +806
-590 +210 +685
-545 +176 +598
-278 -134 +438
-214 -445 -111
+057 -230 -277
+500 +602 +644
+482 +447 +730
+434 +316 +737
+410 +748 +650
+311 +044 +699
+335 +354 +870
+384 +964 +040
+272 +630 +040
+284 +479 +040
+390 +352 +518
+358 +283 +356
+333 +223 +938
+236 +038 +150
+153 -019 +007
+075 -091 -153
-068 -344 -574
-058 -318 -658
+038 -114 -610
+314 +066 -168
+370 +055 +233
+453 +561 +023
+386 +552 +040
+188 +184 +040
+019 +904 +024
-066 +672 +774
-067 +449 +890
-052 +308 +965
+042 +096 +592
+000 +028 +358
+017 -005 +147
-086 +096 +578
-110 +063 +497
-206 +009 +306
-376 +166 +312
-399 +249 +366
-435 +269 +530
-498 +464 +764
-498 +426 +735
-508 +352 +666
-516 +300 +772
-520 +373 +738
-520 +384 +751
-524 +486 +758
-513 +446 +811
-527 +411 +840
-502 +550 +758
-519 +464 +799
-532 +364 +791
-526 +402 +706
-527 +425 +732
-526 +420 +780
-548 +258 +866
-535 +328 +764
-539 +384 +803
-542 +474 +792
-542 +442 +827
-536 +444 +767
-538 +306 +794
-531 +404 +817
-531 +362 +802
-538 +380 +724
-539 +389 +775
-559 +334 +789
-554 +456 +726
-559 +397 +781
-515 +126 +988
-501 +156 +820
-550 +284 +914
-559 +277 +926
-567 +243 +983
-528 +260 +974
-571 +220 +011
-581 +241 +028
-608 +242 +026
-569 +211 +956
-515 +129 +809
-380 -086 +202
-310 -163 -080
-191 -150 -312
+184 +058 +094
+287 +026 +260
+311 +122 +632
+322 +518 +096
+330 +765 +195
+242 +629 +618
+040 +612 +040
-024 +747 +040
-103 +492 +040
-134 +512 +040
-059 +472 +927
+017 +252 +606
+132 -058 +674
+101 -079 +623
+039 -197 +293
-054 -056 -200
-069 -020 -291
-063 +016 -235
-046 +026 -194
-001 -012 -141
+094 +025 -022
+226 +230 +530
+268 +326 +605
+318 +724 +304
+010 +418 +040
-023 +170 +040
-087 +741 +040
-108 +092 +040
-074 +053 +037
-018 +153 +750
+002 +178 +976
-021 +095 +749
-087 +028 +569
-256 -098 +256
-283 +018 +335
-327 +067 +296
-418 +266 +360
-437 +388 +421
-484 +424 +472
-522 +290 +668
-543 +272 +834
-537 +321 +869
-560 +518 +760
-547 +525 +741
-540 +456 +773
-518 +482 +886
-509 +528 +902
-508 +488 +813
-542 +218 +552
-534 +298 +702
-526 +322 +708
-522 +388 +786
-507 +416 +786
-503 +410 +746
-550 +232 +778
-532 +370 +744
-543 +439 +752
-544 +298 +718
-547 +382 +778
-544 +378 +752
-534 +402 +838
-533 +439 +805
-539 +423 +777
-526 +416 +810
-548 +167 +941
-561 +284 +877
-630 +152 +868
-619 +170 +954
-597 +231 +967
-598 +020 +882
-594 +079 +816
-549 +196 +678
-472 +004 +250
-418 -052 +124
-311 -059 -004
-058 -156 -074
+044 -207 +039
+251 +001 +327
+500 +844 +204
+463 +687 +288
+344 +524 +631
+024 +322 +040
+007 +329 +040
-104 +072 +040
-070 +090 +040
+010 +822 +040
+086 +455 +704
+136 +076 +694
+067 -020 +618
+015 -038 +503
-018 +076 -144
-025 +047 -365
-057 -032 -397
-170 -364 -228
-142 -225 -173
-064 +020 -034
+016 +108 +606
+093 +407 +762
+163 +709 +718
+252 +082 +688
+201 +176 +864
+163 +162 +952
-030 +708 +040
-004 +722 +040
+009 +682 +859
+070 +578 +468
+069 +398 +421
+036 +025 +033
-158 -324 +148
-193 -178 +196
-236 -016 +308
-306 +108 +268
-338 +198 +214
-383 +318 +361
-518 +274 +710
-523 +281 +704
-548 +320 +744
-536 +506 +762
-554 +511 +821
-569 +450 +823
-542 +598 +646
-559 +498 +669
-567 +555 +717
-584 +560 +520
-560 +379 +760
-534 +510 +807
-568 +358 +776
-559 +416 +747
-565 +368 +743
-560 +412 +634
-556 +433 +697
-541 +436 +720
-528 +496 +806
-531 +449 +792
-534 +478 +762
-554 +426 +800
-546 +448 +791
-554 +420 +785
-560 +428 +726
-559 +406 +751
-611 +070 +895
-575 +156 +791
-572 +252 +092
-550 +291 +072
-567 +183 +016
-630 +246 +974
-654 +285 +995
-658 +244 +977
-634 +158 +680
-604 +187 +537
-550 +110 +382
-398 -260 +198
-300 -327 +051
-067 -351 -165
+492 -092 -070
+522 +179 +282
+542 +508 +753
+398 +598 +712
+320 +576 +876
+166 +572 +958
+108 +150 +040
+136 +915 +040
+187 +468 +040
+326 +218 +692
+343 +247 +565
+314 +172 +162
+112 -034 +414
+062 -047 +243
+016 -032 -030
-174 -054 -252
-152 +012 -210
-139 -019 -183
-052 -228 -184
+036 -059 -142
+151 +096 +024
+324 +400 +010
+290 +679 +497
+204 +883 +769
-072 +512 +040
-091 +556 +040
-120 +558 +040
-044 +490 +926
-036 +343 +677
-040 +302 +363
-142 -016 +060
-172 -086 +844
-192 +051 +691
-238 +182 +356
-282 +200 +397
-333 +218 +350
-460 +268 +332
-472 +303 +459
-498 +330 +533
-496 +524 +582
-509 +474 +666
-526 +411 +745
-546 +390 +830
-545 +417 +781
-548 +466 +784
-522 +474 +748
-519 +579 +669
-524 +483 +687
-588 +274 +898
-578 +370 +747
-569 +389 +783
-578 +346 +808
-564 +409 +768
-563 +422 +771
-582 +468 +704
-571 +375 +727
-557 +458 +682
-560 +386 +716
-566 +410 +735
-568 +442 +749
-594 +348 +744
-573 +395 +809
-582 +373 +790
-473 +092 +032
-470 +042 +010
-456 +258 +040
-477 +249 +053
-481 +232 +033
-480 +138 +012
-486 +101 +001
-490 +104 +938
-458 -082 +762
-389 -105 +504
-298 -043 +029
-030 -014 -640
+121 -002 -519
+329 +070 -192
+542 +262 +206
+523 +515 +614
+416 +688 +827
+074 +690 +040
+004 +751 +040
-060 +697 +040
-124 +312 +040
-087 +273 +973
+001 +435 +747
+116 +354 +054
+075 +213 +998
+056 +161 +813
-036 -064 +208
-061 -049 +114
-109 -086 -022
-156 -014 -086
-145 +044 -153
-065 +114 -161
+110 +078 +298
+173 +071 +265
+245 +176 +648
+244 +006 +040
+172 +718 +006
+049 +407 +023
-104 +124 +040
-050 +082 +040
+015 -065 +040
+040 -230 +756
+049 -091 +508
+028 -033 +184
-068 -084 +614
-070 -035 +516
-123 -057 +483
-250 +054 +342
-291 +083 +363
-371 +076 +448
-504 +262 +768
-489 +336 +760
-500 +285 +786
-472 +364 +878
-484 +370 +891
-484 +304 +857
-510 +092 +860
-483 +254 +870
-469 +320 +884
-474 +328 +960
-475 +327 +014
-489 +240 +829
-488 +312 +992
-461 +292 +892
-471 +292 +838
-496 +236 +908
-497 +267 +900
-501 +290 +856
-502 +256 +762
-497 +259 +810
-482 +308 +841
-502 +278 +872
-504 +298 +881
-501 +288 +887
-506 +262 +870
-509 +321 +872
-552 -013 +850
-521 +003 +749
-508 +254 +942
-522 +248 +993
-550 +132 +959
-604 +024 +954
-632 +126 +044
-648 +166 +095
-596 +146 +030
-613 +079 +951
-593 +060 +736
-510 -016 +194
-445 -017 +037
-306 -065 -100
+040 -362 -658
+163 -394 -532
+378 +082 +002
+576 +854 +304
+529 +758 +672
+367 +618 +856
+070 +670 +040
-008 +694 +040
-001 +971 +040
+014 +668 +040
+072 +517 +979
+091 +340 +696
+138 +140 +704
+075 -029 +543
+006 -113 +235
-146 -178 -256
-142 -090 -265
-136 -071 -317
-090 -096 -390
-017 -064 -169
+050 -008 +056
+232 +706 +224
+334 +772 +746
+316 +739 +393
+038 +286 +040
+015 +271 +040
-008 +340 +040
+034 +372 +986
+024 +182 +896
-004 -018 +680
+012 +056 +398
+014 +018 +239
+001 +099 +927
-150 -080 +354
-212 -109 +302
-255 +067 +296
-346 +372 +476
-404 +269 +538
-441 +297 +566
-502 +304 +758
-525 +222 +752
-530 +308 +733
-560 +298 +768
-558 +323 +799
-539 +393 +805
-556 +264 +806
-543 +214 +835
-544 +295 +791
-564 +692 +372
-564 +537 +010
-571 +407 +858
-560 +288 +920
-542 +345 +863
-537 +344 +830
-562 +394 +780
-552 +324 +762
-558 +310 +778
-558 +370 +794
-550 +335 +803
-548 +362 +777
-572 +282 +872
-558 +332 +841
-556 +340 +852
-554 +344 +738
-552 +318 +763
-543 +337 +776
-615 +050 +928
-612 +123 +875
-660 +128 +936
-673 +115 +000
-674 +131 +094
-682 +132 +012
-662 +078 +977
-615 +075 +882
-616 -116 +684
-594 -013 +736
-558 +029 +681
-480 -110 +462
-429 -101 +256
-327 -080 -009
-086 -216 -236
+030 -205 -085
+160 +036 +259
+356 +460 +954
+323 +390 +920
+354 +325 +177
+168 +466 +040
+082 +692 +040
-083 +686 +040
-360 +150 +040
-298 +252 +040
-134 +340 +986
+224 +106 +418
+239 +063 +001
+176 -031 +532
+016 +032 -092
-020 +023 -100
-057 -066 -237
-062 +012 -560
-322 +007 +190
-338 -095 +342
-360 -106 +842
-351 -041 +965
-352 +012 +960
-366 +042 +124
-322 +056 +178
-312 +015 +338
-254 +010 +532
-241 +005 +590
-227 +060 +565
-204 +282 +560
-180 +262 +524
-138 +385 +522
-084 +596 +626
-055 +639 +604
-019 +771 +511
+016 +932 +132
+015 +924 +013
+001 +849 +812
-088 +628 +500
-114 +609 +463
-155 +559 +382
-234 +420 +278
-254 +390 +272
-327 +200 +336
-558 -556 +630
-640 -607 +740
-706 -430 +868
-778 +042 +042
-763 +084 +973
-735 +185 +931
-682 +252 +766
-673 +230 +757
-671 +218 +757
-656 +222 +714
-659 +238 +746
-640 +276 +731
-634 +214 +754
-637 +207 +735
-637 +194 +742
-634 +248 +716
-631 +265 +697
-628 +252 +797
-592 +204 +816
-618 +218 +812
-633 +231 +828
-640 +222 +736
-634 +221 +787
-563 +268 +858
-565 +318 +716
-564 +450 +786
-567 +419 +781
-597 +409 +774
-734 +476 +888
-674 +720 +942
-610 +061 +879
-386 +732 +708
-328 +496 +586
-230 +293 +348
-004 +152 -160
+044 +095 -193
+084 +931 -224
+094 +520 -388
+045 +519 -383
-033 +469 -317
-190 +210 -060
-195 +157 +022
-195 +067 +192
-212 -150 +600
-206 -089 +688
-185 -006 +799
-168 +102 +184
-155 +053 +309
-173 +075 +486
-240 +142 +712
-220 +285 +788
-203 +306 +625
-064 +268 +254
-024 +421 +215
+038 +370 +136
+182 +514 +140
+222 +516 +126
+191 +778 +154
+246 +532 +144
+264 +660 +033
+240 +731 +043
+296 +792 +184
+284 +816 +279
+268 +837 +250
+244 +044 +114
+228 +057 +101
+227 +058 +055
+284 +246 +856
+294 +165 +820
+288 +990 +724
+294 +902 +560
+236 +740 +480
+153 +565 +355
-034 +412 +182
-111 +354 +150
-244 +312 +125
-528 +264 +226
-583 +172 +366
-645 +229 +508
-780 +158 +670
-805 +123 +669
-823 +208 +610
-842 +266 +594
-851 +337 +566
-849 +429 +508
-844 +398 +508
-824 +429 +478
-790 +472 +499
-760 +420 +588
-763 +432 +528
-780 +574 +667
-788 +320 +400
-785 +415 +385
-783 +351 +440
-768 +404 +430
-778 +430 +440
-786 +427 +465
-792 +390 +508
-779 +432 +497
-765 +410 +516
-748 +504 +584
-753 +473 +542
-769 +443 +507
-778 +440 +486
-784 +434 +625
-789 +596 +690
-736 +650 +388
-710 +663 +401
-690 +734 +419
-510 +044 +202
-468 +199 +160
-370 +326 +004
-242 +982 -286
-228 +778 -253
-243 +562 -224
-296 +282 -132
-317 +186 -035
-330 +092 +061
-332 -060 +378
-311 +020 +484
-275 +075 +666
-218 +154 +152
-195 +180 +201
-195 +326 +242
-214 +218 +410
-196 +366 +537
-137 +442 +518
+032 +432 +414
+043 +708 +302
+032 +643 +183
+078 +514 +110
+081 +652 +196
+125 +587 +216
+262 +862 +098
+280 +929 +074
+313 +101 +192
+354 +480 +958
+352 +403 +924
+354 +359 +924
+366 +238 +722
+364 +117 +700
+319 +991 +691
+208 +782 +400
+148 +676 +323
+060 +546 +313
-114 +454 +270
-146 +483 +293
-208 +483 +291
-422 +400 +362
-510 +208 +442
-638 -038 +561
-844 -232 +736
-851 -096 +721
-845 +046 +759
-788 +302 +706
-787 +285 +668
-767 +286 +615
-736 +434 +538
-728 +481 +531
-718 +543 +522
-704 +688 +492
-710 +652 +474
-711 +574 +513
-604 +950 +444
-668 +666 +935
-704 +545 +764
-734 +364 +564
-727 +346 +538
-717 +435 +505
-728 +570 +590
-721 +482 +546
-757 +435 +705
-731 +509 +589
-680 +514 +610
-657 +507 +520
-650 +518 +467
-646 +604 +408
-654 +639 +444
-665 +761 +498
-632 +004 +472
-565 +168 +364
-516 +113 +246
-416 +694 +096
-428 +542 +109
-418 +479 +039
-396 +428 +114
-402 +354 +198
-397 +268 +213
-356 +238 +436
-350 +163 +522
-320 +148 +663
-252 -016 +922
-254 -116 +980
-222 -230 +097
-230 -244 +318
-210 -216 +406
-183 -150 +400
-148 -104 +378
-113 -148 +382
-094 -098 +439
-026 -018 +400
-030 -004 +401
-002 -024 +332
+036 +176 +284
+062 +072 +258
+071 +112 +243
+092 +134 +556
+077 +071 +472
+076 +194 +469
+066 +258 +394
+075 +381 +317
+077 +431 +281
+080 +468 +238
+069 +447 +219
+043 +428 +178
-030 +344 +938
-062 +363 +953
-092 +376 +886
-170 +276 +740
-190 +275 +695
-226 +314 +676
-304 +350 +570
-323 +361 +569
-362 +320 +571
-476 +194 +602
-491 +170 +598
-553 +036 +584
-708 -244 +532
-742 -176 +613
-769 -104 +744
-788 +020 +908
-794 -002 +901
-785 +026 +855
-750 +112 +720
-737 +164 +722
-722 +232 +697
-678 +344 +676
-676 +364 +646
-677 +335 +644
-696 +234 +700
-691 +243 +678
-681 +382 +800
-664 +132 +666
-676 +157 +699
-696 +294 +725
-688 +166 +872
-686 +200 +772
-690 +230 +759
-700 +330 +688
-703 +286 +714
-699 +257 +706
-690 +284 +712
-696 +269 +721
-685 +297 +807
-682 +276 +819
-683 +287 +739
-672 +326 +620
-671 +300 +620
-676 +288 +625
-732 +286 +688
-737 +387 +730
-685 +625 +763
-526 +848 +740
-509 +787 +697
-486 +671 +567
-470 +438 +332
-459 +427 +296
-448 +455 +278
-448 +344 +348
-439 +240 +367
-433 +172 +452
-380 +076 +644
-378 +026 +644
-368 -030 +787
-274 -076 +892
-242 -132 +000
-227 -108 +174
-206 -082 +458
-187 -088 +458
-178 -136 +510
-090 -024 +402
-076 +028 +315
-045 +035 +248
+008 +144 +170
+031 +126 +195
-029 +092 +301
+138 +312 +542
+161 +170 +607
+188 +235 +558
+220 +648 +398
+194 +629 +362
+190 +679 +409
+210 +616 +348
+206 +596 +345
+215 +574 +260
+176 +258 +968
+126 +341 +937
+060 +443 +810
-134 +380 +476
-180 +390 +538
-229 +409 +527
-314 +404 +546
-322 +394 +518
-358 +390 +480
-498 +340 +388
-530 +316 +378
-595 +223 +465
-778 -214 +644
-793 -240 +714
-804 -167 +793
-824 +082 +884
-805 +148 +852
-783 +230 +790
-732 +316 +640
-725 +336 +633
-716 +347 +617
-704 +318 +572
-702 +296 +632
-704 +294 +671
-700 +368 +702
-705 +413 +694
-697 +415 +692
-686 +174 +834
-690 +279 +643
-703 +286 +632
-706 +278 +638
-707 +287 +651
-708 +299 +667
-724 +306 +618
-717 +308 +652
-707 +326 +634
-710 +270 +746
-726 +321 +652
-702 +353 +699
-670 +390 +666
-662 +451 +648
-634 +630 +633
-556 +938 +546
-536 +851 +499
-496 +710 +467
-448 +464 +366
-447 +411 +304
-457 +346 +316
-472 +210 +264
-459 +171 +354
-432 +161 +483
-350 +138 +624
-323 +134 +705
-272 +135 +767
-244 -014 +106
-183 +002 +112
-153 -036 +239
-064 +002 +586
-070 +063 +585
-070 +054 +469
-026 +270 +416
-003 +240 +316
+031 +173 +321
+104 +224 +284
+104 +263 +273
+105 +263 +319
+010 +374 +418
+073 +478 +441
+119 +439 +573
+200 +568 +430
+204 +637 +362
+206 +649 +274
+200 +704 +278
+203 +681 +256
+202 +722 +113
+160 +718 +968
+153 +685 +845
+133 +662 +745
+010 +454 +452
-060 +392 +397
-142 +423 +359
-278 +330 +282
-335 +264 +290
-409 +244 +298
-648 -144 +462
-704 -184 +586
-764 -138 +730
-838 -032 +930
-822 +087 +892
-809 +140 +824
-776 +244 +618
-769 +238 +612
-760 +241 +588
-734 +310 +646
-720 +334 +666
-703 +341 +671
-712 +334 +750
-712 +302 +698
-708 +331 +687
-688 +392 +698
-695 +437 +732
-723 +314 +680
-720 +324 +656
-712 +297 +638
-708 +294 +650
-708 +282 +646
-702 +285 +652
-703 +323 +680
-724 +308 +706
-722 +316 +667
-711 +301 +652
-749 +287 +735
-731 +255 +718
-682 +370 +666
-668 +383 +636
-652 +472 +652
-588 +778 +614
-559 +880 +574
-510 +894 +595
-426 +704 +512
-443 +584 +492
-471 +428 +437
-502 +170 +348
-494 +142 +384
-474 +039 +422
-452 -094 +580
-423 -085 +676
-415 -099 +713
-388 -010 +954
-380 -012 +979
-319 -019 +998
-102 +192 +038
-111 +107 +189
-096 +096 +291
-028 +112 +504
-018 +166 +453
+007 +201 +414
+054 +250 +296
+074 +162 +222
+104 +179 +192
+242 +164 +026
+212 +275 +130
+196 +404 +282
+178 +466 +476
+185 +447 +529
+211 +484 +528
+254 +536 +512
+269 +545 +438
+270 +604 +321
+242 +700 +080
+230 +713 +033
+214 +702 +964
+140 +742 +738
+109 +651 +676
+041 +577 +562
-104 +514 +366
-138 +466 +370
-186 +403 +366
-316 +396 +360
-380 +295 +362
-486 +127 +459
-696 -306 +834
-732 -347 +920
-752 -189 +979
-770 +016 +896
-764 +027 +846
-751 +052 +770
-724 +142 +678
-705 +167 +679
-694 +233 +680
-690 +336 +672
-687 +316 +702
-683 +285 +717
-678 +298 +680
-663 +327 +700
-654 +345 +701
-668 +374 +762
-664 +360 +734
-665 +332 +721
-658 +328 +740
-662 +335 +737
-666 +282 +687
-662 +378 +768
-661 +348 +731
-669 +300 +718
-656 +348 +684
-661 +304 +710
-659 +311 +704
-626 +330 +690
-731 +303 +761
-718 +248 +687
-650 +464 +836
-605 +641 +774
-555 +808 +751
-446 +888 +620
-439 +812 +550
-444 +735 +434
-430 +566 +336
-423 +458 +272
-395 +339 +239
-410 +092 +398
-376 +013 +462
-336 -010 +542
-216 +128 +914
-215 +065 +918
-157 +082 +083
-034 +138 +142
-047 +156 +366
-025 +258 +413
+058 +502 +400
+057 +315 +390
+094 +361 +296
+204 +374 +226
+215 +375 +271
+885 +969 +385
+094 +560 +124
+081 +558 +216
+219 +725 +232
+300 +756 +390
+322 +911 +322
+326 +966 +214
+340 +020 +208
+358 +182 +114
+364 +181 +965
+324 +790 +568
+286 +777 +498
+227 +768 +435
+076 +412 +348
+011 +363 +334
-092 +310 +306
-328 +104 +370
-397 +048 +333
-512 -137 +423
-756 -450 +806
-769 -276 +931
-789 -132 +002
-796 +052 +924
-777 +137 +862
-761 +199 +769
-704 +312 +636
-690 +333 +617
-669 +382 +618
-662 +368 +666
-664 +357 +680
-666 +353 +700
-680 +526 +672
-688 +383 +702
-695 +295 +700
-682 +342 +576
-676 +300 +692
-670 +458 +578
-672 +322 +686
-668 +328 +663
-663 +342 +687
-662 +376 +728
-702 +318 +709
-694 +283 +710
-650 +436 +784
-619 +547 +702
-586 +735 +674
-496 +194 +538
-462 +175 +468
-421 +993 +386
-348 +548 +318
-361 +471 +269
-376 +400 +228
-408 +182 +346
-405 +107 +346
-392 +072 +451
-302 +082 +664
-292 +084 +681
-243 +121 +922
-242 +028 +038
-219 +053 +135
-155 +175 +202
-090 +230 +494
-051 +324 +481
-031 +299 +446
+074 +228 +226
+091 +304 +244
+118 +333 +200
+158 +618 +268
+274 +570 +327
+277 +535 +280
+182 +852 +586
+241 +778 +500
+273 +804 +426
+300 +082 +162
+316 +101 +187
+336 +081 +112
+398 +120 +004
+403 +979 +931
+381 +876 +805
+250 +596 +544
+203 +552 +451
+106 +502 +430
-070 +520 +490
-140 +380 +437
-286 +056 +316
-696 -608 +460
-747 -551 +516
-785 -409 +681
-840 -092 +860
-824 -023 +818
-803 +074 +753
-756 +170 +632
-746 +195 +638
-719 +293 +655
-690 +418 +664
-691 +411 +683
-704 +386 +711
-698 +250 +534
-701 +255 +613
-691 +289 +647
-678 +418 +740
-657 +407 +575
-674 +367 +594
-682 +278 +684
-681 +315 +682
-690 +272 +724
-696 +406 +750
-724 +343 +735
-682 +411 +725
-616 +712 +888
-577 +760 +798
-539 +834 +700
-458 +916 +424
-452 +838 +331
-437 +752 +325
-394 +524 +150
-392 +442 +163
-392 +256 +271
-352 +036 +442
-323 -044 +512
-305 -163 +560
-242 +064 +830
-244 +081 +860
-218 +012 +128
-106 +188 +454
-124 +278 +473
-100 +310 +484
-086 +594 +482
-080 +439 +405
-052 +346 +424
+040 +270 +290
+071 +259 +133
+096 +335 +233
+276 -014 +554
+271 +408 +530
+258 +598 +594
+344 +834 +682
+342 +016 +632
+361 +023 +586
+394 +832 +290
+395 +752 +233
+358 +579 +139
+230 +696 +770
+186 +618 +493
+070 +462 +342
-202 +286 +250
-261 +157 +198
-343 +138 +143
-526 +108 +258
-571 +086 +361
-651 -081 +499
-840 -224 +818
-880 -153 +876
-900 -098 +873
-860 +060 +804
-830 +073 +775
-788 +100 +745
-706 +362 +588
-700 +365 +587
-687 +367 +608
-670 +392 +692
-679 +358 +669
-689 +308 +682
-706 +306 +698
-703 +333 +706
-699 +326 +724
-690 +292 +632
-688 +265 +681
-684 +302 +666
-690 +260 +780
-681 +283 +729
-722 +268 +738
-711 +277 +676
-662 +320 +702
-636 +378 +651
-592 +544 +630
-516 +934 +644
-502 +989 +634
-488 +845 +572
-472 +452 +458
-465 +432 +392
-463 +372 +293
-430 +046 +188
-412 +013 +250
-366 +029 +404
-250 +166 +754
-241 +227 +742
-248 +470 +904
-144 +478 +036
-140 +466 +149
-139 +441 +259
-068 +438 +504
-051 +434 +497
-013 +569 +471
+044 +796 +144
+069 +697 +095
+131 +742 +046
-100 +008 +328
+070 +138 +972
+129 +092 +965
+214 +966 +122
+217 +963 +117
+217 +010 +027
+212 +080 +044
+203 +071 +046
+187 +119 +084
+142 +810 +024
+126 +704 +020
+113 +706 +011
+018 +604 +786
-032 +613 +642
-107 +564 +482
-268 +392 +314
-309 +296 +263
-399 +085 +193
-624 -190 +198
-672 -265 +458
-713 -362 +731
-770 -166 +692
-784 -074 +675
-784 -079 +685
-760 +112 +742
-744 +191 +757
-737 +249 +729
-716 +350 +650
-711 +353 +644
-701 +324 +676
-706 +254 +732
-711 +265 +711
-711 +229 +718
-718 +280 +662
-732 +188 +800
-728 +173 +722
-710 +254 +744
-707 +260 +694
-713 +276 +679
-716 +293 +757
-705 +275 +716
-650 +690 +858
-584 +923 +694
-548 +949 +616
-478 +794 +232
-484 +645 +189
-484 +485 +177
-446 +326 +070
-403 +220 +105
-375 +178 +192
-286 +294 +306
-277 +176 +541
-252 +180 +804
-206 +086 +256
-224 +098 +387
-185 +272 +417
-182 +524 +190
-190 +437 +211
-168 +450 +327
-064 +230 +458
-036 +248 +392
+017 +417 +251
-082 +616 +128
-036 +768 +167
-032 +639 +100
-010 +490 +274
+041 +461 +263
+102 +522 +280
+148 +900 +164
+145 +950 +189
+118 +043 +214
+082 +066 +106
+084 +918 +148
+110 +928 +139
+196 +054 +990
+168 +842 +922
+097 +743 +791
-030 +428 +508
-089 +254 +443
-175 +247 +399
-362 +102 +390
-431 -055 +411
-515 -192 +496
-724 -312 +686
-742 -238 +685
-760 -180 +685
-810 +012 +676
-810 +022 +657
-794 +071 +652
-750 +244 +704
-740 +263 +672
-723 +293 +687
-692 +312 +708
-695 +304 +704
-706 +299 +704
-714 +452 +592
-705 +312 +670
-693 +304 +671
-674 +138 +768
-678 +175 +712
-680 +276 +768
-699 +428 +710
-670 +446 +677
-616 +590 +596
-611 +646 +543
-594 +729 +484
-526 +804 +416
-492 +730 +492
-447 +714 +517
-392 +396 +526
-418 +320 +530
-422 +245 +498
-412 -052 +516
-410 -100 +481
-376 -160 +576
-234 -208 +964
-214 -062 +954
-191 +080 +069
-168 +356 +334
-144 +322 +344
-097 +281 +406
-032 +508 +414
-012 +400 +352
+002 +395 +389
+060 +216 +258
+109 +271 +322
+110 +387 +309
+080 +354 +144
+063 +287 +277
+053 +274 +341
+008 +136 +244
+006 +180 +348
+000 +287 +380
+044 +580 +606
+077 +656 +600
+117 +595 +541
+210 +518 +400
+216 +450 +322
+185 +417 +153
+050 +292 +522
-021 +232 +469
-104 +219 +447
-280 -004 +278
-346 -065 +271
-471 -143 +285
-692 -506 +420
-732 -473 +528
-766 -377 +675
-806 -210 +726
-796 -202 +742
-774 -083 +749
-750 +138 +708
-751 +084 +726
-746 +116 +722
-732 +088 +616
-728 +085 +686
-722 +120 +710
-716 +200 +662
-715 +184 +625
-722 +149 +672
-724 +032 +704
-728 +049 +705
-733 +097 +743
-745 +206 +645
-737 +186 +658
-708 +346 +804
-698 +385 +837
-678 +565 +874
-582 +842 +768
-560 +777 +828
-513 +729 +752
-440 +480 +434
-421 +456 +380
-422 +337 +328
-426 +112 +314
-403 +036 +335
-382 -098 +374
-246 -378 +452
-271 -448 +515
-249 -463 +684
-320 -444 +058
-260 -492 +245
-237 -437 +507
-194 -456 +756
-194 -479 +557
-148 -544 +444
+004 -254 +278
+037 -284 +339
+080 -312 +331
+204 +170 +132
+169 +193 +189
+130 +354 +377
-038 +712 +760
+013 +591 +741
+059 +546 +750
+190 +558 +834
+199 +540 +741
+208 +562 +576
+212 +608 +118
+217 +580 +047
+188 +505 +842
+096 +432 +450
+029 +315 +426
-053 +192 +215
-426 -360 -078
-529 -508 +062
-623 -573 +344
-744 -326 +928
-770 -314 +912
-793 -224 +831
-802 -002 +604
-793 +026 +634
-774 +050 +648
-748 +080 +716
-755 +143 +699
-738 +202 +563
-760 -056 +752
-754 -001 +707
-754 +044 +750
-740 -020 +704
-759 +029 +696
-752 +049 +726
-746 +120 +728
-756 +122 +670
-744 +111 +710
-720 +046 +630
-731 +087 +689
-726 +090 +652
-734 +112 +762
-743 +113 +774
-745 +163 +776
-768 +114 +602
-768 +089 +690
-748 +120 +655
-738 +020 +784
-740 +120 +672
-744 +079 +648
-756 +172 +562
-720 +288 +721
-738 +190 +585
-690 +448 +832
-673 +457 +841
-647 +619 +837
-572 +088 +624
-521 +066 +542
-459 +883 +505
-382 +416 +264
-371 +415 +213
-343 +352 +245
-292 +222 +322
-254 +118 +344
-250 -087 +498
-210 -136 +796
-196 -247 +852
-111 -240 +956
-094 -600 +678
-107 -500 +693
-142 -511 +661
-154 -204 +448
-137 -257 +459
-117 -183 +424
-026 -032 +098
-011 -025 +186
+020 +043 +176
+048 -198 +144
+051 -048 +200
+067 +131 +416
-006 +214 +722
+607 +883 +419
+314 +780 +628
+244 +404 +471
+195 +166 +391
+186 +028 +304
+219 +056 +236
+254 +944 +073
+348 +708 +906
+370 +775 +987
+383 +639 +918
+410 +356 +824
+438 +326 +016
+442 +192 +108
+274 -442 +020
+228 -411 +125
+179 -314 +182
+034 -468 +262
+010 -422 +285
-008 -259 +280
-036 +064 +084
-043 +081 +080
-048 +099 +061
-068 +114 +994
-069 +080 +973
-060 +135 +997
-072 +024 +010
-072 +069 +994
-070 +137 +992
-086 +188 +050
-082 +195 +033
-085 +177 +989
-096 +130 +020
-088 +139 +001
-080 +159 +031
-074 +230 +062
-087 +210 +016
-099 +118 +996
-072 +120 +024
-057 +199 +091
-060 +185 +149
-078 +090 +916
-086 +129 +950
-079 +169 +965
-054 +174 +154
-067 +138 +069
-078 +131 +075
-086 +144 +024
-080 +165 +063
-080 +151 +063
-076 +110 +996
-079 +124 +020
-083 +135 +047
-090 +164 +962
-083 +147 +951
-066 +154 +029
-054 +154 +002
-054 +120 +040
-062 +154 +062
-088 +182 +092
-088 +168 +068
-079 +172 +034
-066 +452 +066
-734 +171 +760
-724 +197 +713
-708 +114 +730
-707 +119 +755
-727 +175 +759
-698 +302 +676
-689 +234 +700
-679 +130 +738
-678 -038 +738
-669 -056 +682
-641 -104 +638
-576 -354 +626
-531 -330 +565
-451 -410 +458
-202 -778 +474
-085 -936 +578
+094 -917 +701
+480 -096 +906
+527 +179 +989
+564 +959 +368
+264 +574 +040
+184 +230 +723
+180 +161 +229
+206 +352 +900
+222 +363 +964
+282 +397 +886
+370 +818 +650
+397 +826 +754
+458 +670 +874
+464 +012 +096
+447 -021 +121
+414 -076 +115
+262 -490 +360
+206 -473 +538
+137 -356 +544
+030 -182 +046
+024 -023 +055
+017 +082 +030
-022 -020 +068
-024 +052 +035
-034 +142 +985
-066 +130 +990
-057 +167 +068
-049 +199 +064
-036 +284 +972
-040 +243 +914
-048 +180 +939
-082 +172 +016
-068 +189 +042
-070 +160 +039
-068 +228 +990
-070 +272 +985
-229 +092 +552
-118 -094 +210
-092 +031 +185
-087 +121 +093
-096 +096 +950
-090 +157 +981
-097 +023 +070
-064 +102 +064
-052 +178 +010
-045 +212 +012
-068 +066 +042
-054 +117 +052
-058 +117 +016
-058 +148 +030
-063 +159 +048
-072 +163 +043
-070 +150 +126
-064 +150 +056
-069 +144 +027
-080 +126 +034
-705 +089 +725
-718 +093 +643
-714 +192 +726
-710 +176 +760
-722 +162 +748
-742 +128 +602
-737 +135 +673
-719 +156 +769
-726 +150 +660
-734 +105 +629
-728 +070 +666
-650 -014 +640
-631 -109 +540
-601 -213 +471
-490 -314 +452
-443 -465 +461
-348 -683 +492
+038 -226 +582
+210 -084 +671
+417 -507 +689
+512 +484 +716
+500 +854 +878
+419 +986 +799
+228 +040 +200
+227 +315 +389
+211 +298 +355
+218 +188 +814
+334 +049 +675
+406 +768 +561
+534 +740 +806
+608 +788 +836
+734 +645 +787
+842 -160 +998
+777 -232 +150
+755 -293 +277
+568 -174 +982
+436 -172 +943
+362 -838 +568
+204 -448 +046
+184 -308 +078
+175 -033 +070
+154 +104 +766
+138 +059 +797
+132 +092 +910
+128 +120 +998
+109 +105 +036
+098 +103 +059
+102 +150 +030
+104 +140 +024
+105 +094 +078
+094 +060 +044
+102 +085 +020
+094 +133 +990
+056 +016 +072
+067 +057 +093
+073 +089 +088
+078 +130 +984
+075 +103 +964
+074 +093 +988
+108 +350 +372
+074 +118 +176
+065 +079 +996
+058 +092 +108
+049 +059 +207
+042 +140 +074
+040 +022 +960
+046 +065 +014
+044 +071 +050
+048 +056 +026
+043 +094 +028
+048 +109 +038
+036 +076 +036
+043 +134 +075
+043 +121 +998
-745 +246 +742
-759 +175 +671
-742 +202 +642
-745 +183 +682
-747 +155 +683
-754 +206 +610
-753 +197 +608
-767 +176 +600
-756 +202 +714
-752 +206 +743
-738 +221 +708
-708 +206 +628
-711 +157 +665
-707 -006 +651
-658 -302 +540
-605 -484 +534
-547 -852 +522
-248 -902 +464
-120 -795 +457
+035 -850 +572
+434 -340 +756
+488 +034 +044
+501 +611 +339
+266 +674 +734
+207 +603 +574
+124 +245 +591
+156 +178 +554
+195 +092 +300
+249 +884 +144
+398 +848 +014
+450 +781 +873
+483 +622 +913
+586 +128 +256
+514 -156 +251
+426 -334 +077
+254 -848 +212
+198 -862 +380
+157 -584 +451
+108 -270 +232
+096 -202 +221
+089 -107 +107
+032 -048 +914
+032 -036 +933
+039 +027 +981
+054 +068 +028
+050 +099 +057
+047 +122 +049
+026 +078 +052
+031 +048 +070
+040 +042 +058
+036 +006 +968
+036 +055 +969
+037 +105 +032
+032 +148 +090
+037 +143 +032
+043 +125 +056
+036 +074 +242
+030 +111 +026
+022 +123 +982
-004 +010 +972
+018 +026 +982
+017 +086 +076
+028 +078 +130
+033 +055 +088
+031 +023 +047
+018 +166 +068
+028 +130 +053
+031 +097 +055
+034 +032 +026
+029 +035 +029
-700 +207 +673
-714 +190 +584
-702 +252 +618
-715 +252 +687
-709 +219 +728
-712 +190 +714
-702 +212 +714
-707 +215 +711
-694 +206 +674
-683 +192 +648
-672 +127 +605
-606 -072 +444
-570 -148 +367
-468 -323 +305
-216 -800 +324
-122 -834 +349
+069 -875 +508
+488 -560 +266
+595 +132 +313
+590 +708 +372
+432 +456 +606
+365 +448 +645
+309 +466 +553
+248 +238 +324
+279 +204 +211
+356 +113 +056
+476 +820 +756
+490 +705 +741
+503 +580 +824
+524 +266 +884
+503 +030 +964
+431 -144 +065
+302 -420 +954
+277 -526 +150
+241 -505 +389
+128 -290 +294
+118 -220 +185
+107 -110 +196
+102 +046 +122
+099 +070 +027
+082 +094 +980
+078 +180 +070
+079 +173 +040
+082 +162 +041
+074 +172 +110
+065 +140 +076
+060 +119 +037
+062 +126 +034
+044 +071 +975
+032 +121 +002
+022 +262 +056
+036 +255 +023
+046 +185 +055
+050 +038 +064
+048 +076 +027
+045 +141 +000
+030 +116 +058
+021 +066 +059
+036 +141 +978
+044 -002 +194
+047 +044 +075
+043 +019 +126
+030 +046 +958
+044 +075 +006
+037 +025 +072
+070 +146 +980
+068 +093 +045
+067 +103 +044
+064 +074 +088
+056 +116 +066
+066 +161 +046
-747 +247 +669
-746 +132 +562
-722 +236 +610
-718 +247 +713
-719 +255 +701
-698 +264 +572
-718 +187 +605
-715 +148 +659
-670 +168 +728
-657 +098 +680
-574 -085 +473
-306 -780 -064
-167 -043 -078
+038 -292 +194
+462 -046 +332
+448 +465 +413
+362 +634 +341
+376 +608 +288
+388 +987 +359
+358 +344 +432
+196 +036 +694
+202 +113 +613
+293 +198 +329
+498 +992 +980
+531 +858 +866
+533 +692 +772
+538 +508 +768
+514 +276 +884
+434 +002 +057
+282 -292 +204
+249 -379 +169
+201 -420 +260
+120 -326 +356
+092 -344 +290
+072 -269 +227
+064 +024 +130
+052 -056 +051
+059 -004 +041
+068 -022 +006
+063 -010 +003
+063 +111 +012
+076 +264 +032
+078 +221 +055
+061 +173 +033
+046 +178 +040
+035 +105 +080
+032 +058 +098
+050 +036 +080
+054 +084 +028
+058 +107 +024
+050 +118 +052
+059 +104 +054
+063 +102 +061
+054 -008 +942
+047 +004 +959
+051 +048 +020
+070 +116 +064
+054 +109 +005
+053 +058 +077
+062 +088 +028
+054 +074 +062
+054 +038 +038
+048 +122 +008
+046 +061 +016
+059 +107 +039
+078 +146 +170
+075 +161 +124
+065 +148 +056
-690 +213 +702
-683 +255 +693
-682 +288 +756
-677 +288 +761
-687 +288 +744
-690 +228 +738
-688 +243 +729
-690 +207 +690
-708 +146 +668
-696 +167 +646
-661 +139 +600
-596 -098 +466
-552 -197 +482
-472 -395 +505
-264 -036 +664
-120 -068 +664
+065 -124 +656
+642 -470 +332
+740 +088 +432
+730 +754 +535
+488 +436 +060
+414 +607 +027
+327 +633 +123
+248 +436 +228
+312 +431 +060
+398 +256 +779
+588 +760 +494
+620 +832 +632
+670 +736 +671
+702 +170 +682
+646 -010 +872
+589 -235 +419
+376 -526 +752
+328 -504 +540
+259 -449 +332
+166 -344 +362
+141 -247 +244
+118 -119 +167
+108 +124 +040
+103 +064 +998
+103 +039 +973
+128 +178 +028
+120 +182 +989
+106 +135 +025
+088 +160 +066
+092 +175 +022
+096 +163 +020
+096 +102 +022
+083 +127 +026
+085 +199 +041
+092 +206 +070
+103 +177 +088
+100 +161 +073
+088 +116 +042
+081 +129 +005
+078 +147 +995
+078 +176 +062
+081 +148 +074
+080 +072 +060
+088 +120 +068
+083 +110 +088
+077 +079 +076
+080 +196 +030
+086 +281 +763
+092 +188 +965
+098 +104 +076
+080 +110 +057
+087 +123 +017
+080 +118 +086
+080 +117 +057
+083 +124 +087
+082 +138 +020
+083 +154 +954
-726 +204 +676
-722 +229 +616
-726 +270 +628
-718 +257 +697
-711 +255 +714
-704 +236 +656
-704 +237 +683
-704 +202 +762
-686 +130 +722
-681 +130 +689
-666 +131 +633
-664 +048 +546
-631 -024 +562
-606 -158 +605
-444 -410 +444
-359 -674 +386
-179 -730 +572
+248 -540 +714
+358 -649 +614
+573 -312 +847
+826 +490 +906
+649 +439 +944
+489 +265 +658
+322 +916 +340
+340 +952 +465
+344 +010 +386
+426 +012 +864
+454 +946 +744
+505 +836 +847
+612 +594 +898
+641 +529 +874
+660 +307 +903
+596 -340 +026
+555 -343 +074
+479 -467 +144
+314 -724 +482
+290 -602 +503
+272 -392 +383
+220 -162 +018
+206 -093 +076
+212 +003 +042
+198 -034 +936
+194 +057 +965
+181 +140 +989
+160 +112 +966
+164 +177 +999
+156 +140 +034
+142 +152 +032
+138 +152 +017
+130 +144 +011
+118 +048 +942
+107 +104 +001
+115 +207 +019
+092 +146 +030
+101 +171 +031
+101 +165 +023
+096 +224 +976
+071 +270 +895
+090 +185 +062
+110 +040 +086
+102 +069 +003
+096 +227 +055
+050 +116 +922
+077 +106 +996
+099 +154 +040
+104 +068 +038
+109 +074 +063
+114 +140 +053
+098 +122 +938
+100 +159 +975
+107 +250 +031
+100 +088 +898
+107 +186 +923
+111 +142 +967
+098 +406 +182
+091 +258 +093
-737 +131 +714
-733 +218 +570
-710 +228 +772
-711 +192 +812
-700 +160 +776
-724 +054 +672
-707 +133 +666
-695 +143 +733
-686 +056 +720
-669 +092 +661
-675 +096 +590
-626 -060 +456
-571 -191 +476
-479 -431 +472
-216 -994 +510
-112 -928 +516
+061 -721 +579
+468 -520 +864
+610 -501 +081
+799 +282 +435
+718 +870 +710
+582 +773 +478
+420 +322 +327
+330 +454 +506
+391 +571 +481
+467 +360 +195
+664 +652 +622
+690 +697 +666
+715 +602 +657
+726 +264 +854
+724 +144 +908
+705 -038 +002
+608 -470 +160
+544 -616 +313
+458 -594 +480
+340 -264 +474
+268 -318 +332
+231 -223 +206
+188 +142 +002
+185 +106 +950
+190 +089 +964
+182 -010 +094
+183 +044 +104
+178 +136 +091
+144 +208 +054
+131 +198 +993
+121 +155 +961
+134 +124 +014
+136 +106 +027
+150 +166 +019
+144 +098 +990
+123 +085 +990
+124 +196 +963
+098 +244 +836
+097 +185 +927
+099 +135 +985
+086 +128 +238
+073 +024 +066
+086 +016 +067
+138 +336 +880
+110 +201 +971
+102 +102 +008
+112 +150 +056
+108 +131 +045
+100 +087 +106
+114 +098 +038
+105 +098 +039
+102 +105 +997
+102 +058 +168
+110 +115 +101
+109 +113 +064
+100 +072 +020
-623 +501 +472
-602 +638 +415
-634 +750 +604
-652 +687 +634
-623 +657 +694
-536 +512 +732
-488 +495 +764
-474 +451 +728
-504 +330 +696
-531 +293 +740
-542 +246 +785
-510 +230 +826
-512 +250 +797
-500 +321 +764
-490 +340 +636
-494 +424 +680
-513 +455 +738
-542 +354 +724
-535 +343 +716
-523 +352 +727
-502 +278 +666
-499 +183 +597
-494 +104 +573
-438 +004 +634
-392 -011 +662
-324 -019 +697
-174 +210 +948
-145 +285 +973
-083 +391 +995
+062 +454 +064
+048 +356 +012
+060 +319 +986
+104 +450 +122
+133 +541 +226
+139 +630 +283
+130 +760 +242
+126 +749 +201
+120 +752 +132
+138 +810 +024
+138 +756 +995
+139 +694 +960
+158 +622 +962
+165 +599 +923
+170 +524 +884
+178 +448 +982
+191 +442 +976
+200 +416 +968
+212 +432 +036
+210 +425 +056
+199 +383 +069
+158 +252 +148
+141 +200 +200
+107 +152 +183
+028 +170 +102
+010 +156 +059
-033 +120 +009
-094 +202 +894
-120 +231 +907
-153 +269 +932
-236 +286 +112
-260 +244 +070
-304 +178 +039
-398 +086 +850
-409 +096 +872
-420 +076 +886
-400 +202 +960
-394 +191 +925
-395 +165 +906
-386 +178 +870
-381 +189 +874
-385 +183 +888
-392 +280 +952
-384 +307 +990
-399 +302 +978
-410 +338 +940
-401 +325 +945
-391 +295 +918
-350 +248 +888
-365 +225 +887
-347 +570 +885
-418 -010 +814
-425 -016 +165
-423 -012 +969
-396 +162 +982
-403 +131 +000
-397 +157 +022
-398 +116 +006
-403 +157 +959
-662 +239 +737
-643 +302 +749
-612 +322 +096
-617 +318 +024
-616 +298 +891
-636 +226 +682
-640 +208 +705
-618 +220 +731
-626 +252 +752
-601 +254 +819
-598 +237 +801
-584 +154 +714
-583 +151 +715
-581 +188 +769
-592 +260 +768
-592 +260 +728
-603 +231 +675
-594 +172 +632
-579 +144 +647
-562 +084 +637
-494 -046 +624
-480 -071 +621
-428 -028 +647
-320 +090 +818
-310 +082 +901
-270 +169 +910
-166 +286 +846
-150 +290 +840
-144 +280 +851
-096 +342 +156
-065 +450 +236
-055 +544 +258
-010 +644 +370
-004 +680 +329
+005 +689 +174
+016 +696 +030
+019 +721 +020
+012 +737 +010
-014 +638 +940
-016 +569 +937
-013 +501 +911
-006 +450 +000
-015 +435 +001
-005 +452 +879
+028 +466 +862
+031 +475 +956
+033 +447 +989
+024 +350 +998
+028 +355 +038
+030 +331 +986
+014 +186 +030
+024 +304 +048
-003 +220 +985
-098 +072 +018
-099 +168 +047
-111 +151 +045
-122 +172 +120
-133 +138 +085
-152 +155 +016
-196 +166 +866
-212 +165 +893
-222 +179 +962
-244 +180 +956
-247 +210 +000
-238 +264 +017
-232 +252 +172
-237 +233 +147
-239 +240 +075
-232 +246 +042
-236 +206 +038
-232 +195 +061
-226 +240 +108
-225 +238 +092
-240 +237 +071
-240 +314 +018
-236 +298 +995
-246 +237 +962
-262 +164 +836
-250 +200 +881
-239 +243 +937
-252 +444 +094
-286 +216 +021
-305 +081 +982
-326 +220 +666
-314 +280 +828
-302 +283 +856
-276 +176 +000
-310 +214 +937
-362 +162 +944
-352 +122 +832
-635 +236 +735
-599 +366 +622
-572 +494 +664
-586 +440 +751
-605 +374 +802
-646 +370 +774
-650 +406 +792
-638 +412 +811
-636 +406 +814
-613 +401 +796
-611 +370 +780
-582 +256 +716
-586 +211 +686
-577 +149 +647
-558 +020 +590
-546 +020 +557
-534 +003 +552
-488 -028 +598
-448 -020 +616
-403 -027 +669
-300 +052 +706
-283 +103 +735
-257 +211 +797
-194 +452 +950
-167 +467 +019
-152 +475 +179
-100 +516 +400
-100 +478 +344
-091 +472 +264
-072 +470 +140
-062 +507 +152
-064 +588 +159
-076 +834 +046
-068 +821 +005
-076 +718 +937
-010 +522 +932
-007 +467 +920
-009 +436 +940
+014 +424 +004
+026 +447 +059
+032 +414 +039
+006 +232 +954
+007 +193 +959
-001 +170 +981
+002 +156 +992
-035 +095 +032
-063 +072 +106
-060 +052 +156
-097 +015 +129
-110 +034 +119
-104 +122 +078
-124 +126 +032
-134 +161 +993
-146 +186 +018
-160 +115 +013
-190 +017 +070
-212 +038 +210
-202 +064 +156
-194 +069 +072
-184 +068 +982
-182 +077 +983
-181 +113 +988
-196 +170 +004
-204 +170 +013
-221 +185 +016
-234 +220 +962
-233 +210 +943
-228 +189 +965
-230 +116 +046
-210 +255 +146
-256 +053 +065
-284 -010 +832
-278 +047 +919
-272 +097 +000
-262 +120 +088
-268 +205 +920
-260 +191 +017
-252 +206 +108
-253 +157 +055
-236 +160 +013
-192 +208 +940
-192 +175 +970
-196 +151 +024
-503 +336 +673
-528 +409 +733
-634 +210 +006
-627 +252 +938
-592 +316 +888
-532 +370 +888
-535 +348 +907
-525 +357 +877
-510 +372 +838
-472 +349 +796
-488 +253 +743
-526 +160 +614
-539 +165 +645
-539 +201 +681
-530 +328 +896
-534 +420 +960
-538 +523 +941
-548 +566 +818
-550 +499 +798
-544 +394 +792
-522 +202 +742
-517 +165 +751
-505 +150 +728
-464 +064 +692
-455 +011 +692
-421 -085 +690
-316 -244 +554
-296 -124 +509
-260 -003 +614
-184 +146 +886
-155 +193 +874
-106 +261 +882
-010 +446 +030
+035 +537 +093
+064 +519 +192
+092 +498 +380
+107 +560 +273
+151 +540 +243
+186 +464 +236
+212 +610 +229
+204 +571 +152
+148 +436 +034
+161 +534 +052
+149 +584 +107
+142 +646 +862
+154 +649 +809
+154 +574 +819
+152 +412 +996
+171 +427 +996
+185 +427 +007
+206 +490 +978
+196 +510 +950
+211 +483 +953
+204 +388 +010
+207 +406 +985
+218 +403 +927
+220 +224 +946
+222 +184 +984
+210 +122 +043
+172 +118 +112
+158 +071 +086
+130 +038 +028
+052 -074 +964
+063 -065 +024
+048 -097 +082
+014 -124 +100
+010 -102 +170
-008 -111 +219
-036 -064 +140
-035 -031 +117
-024 +008 +101
-014 +096 +074
-005 +119 +063
-011 +128 +067
-028 +170 +030
-030 +156 +024
-034 +147 +011
-022 +164 +980
-030 +136 +986
-031 +132 +035
+022 +570 +304
-023 +356 +086
-060 +268 +999
-082 -044 +140
-055 +057 +081
-046 +074 +026
-050 +044 +070
-068 +109 +011
-079 +193 +983
-110 +228 +010
-096 +242 +025
-077 +251 +034
-599 +499 +627
-610 +506 +669
-690 +138 +730
-716 +135 +720
-678 +259 +629
-626 +296 +598
-617 +232 +697
-609 +242 +789
-596 +300 +804
-339 +655 +536
-322 +802 +384
-340 +861 +396
-356 +892 +365
-408 +820 +308
-403 +766 +339
-403 +720 +389
-374 +744 +440
-373 +778 +421
-363 +836 +357
-402 +896 +294
-408 +920 +292
-424 +899 +335
-498 +758 +428
-474 +789 +421
-436 +884 +406
-346 +080 +262
-372 +117 +296
-395 +145 +327
-458 +086 +416
-480 +023 +447
-495 +954 +541
-564 +696 +656
-622 +602 +665
-676 +479 +639
-748 +274 +524
-764 +243 +503
-773 +252 +503
-814 +206 +452
-800 +257 +465
-792 +268 +396
-814 +250 +292
-825 +204 +291
-840 +172 +314
-868 +114 +356
-862 +084 +365
-884 +067 +366
-926 +116 +314
-910 +195 +294
-878 +287 +339
-850 +356 +478
-833 +360 +532
-801 +338 +555
-778 +188 +546
-779 +094 +515
-806 -040 +503
-856 -120 +544
-871 -082 +550
-862 -037 +499
-884 +054 +330
-871 +110 +270
-848 +229 +194
-796 +610 +064
-764 +690 +092
-723 +733 +120
-708 +710 +154
-712 +701 +137
-695 +714 +187
-670 +742 +318
-659 +718 +253
-648 +708 +173
-640 +678 +012
-622 +703 +047
-612 +693 +011
-564 +640 -044
-578 +588 -059
-565 +600 -063
-510 +596 -038
-448 +606 -117
-372 +672 -203
-198 +930 -226
-167 +967 -161
-139 +938 -076
-028 +850 +140
+006 +818 +191
+077 +831 +217
+268 +926 +232
+327 +940 +239
+397 +968 +266
+506 +848 +416
+566 +755 +416
+685 +752 +512
+796 +844 +736
+835 +781 +679
+879 +737 +649
+964 +660 +660
+973 +590 +722
+989 +503 +873
+988 +284 +112
+980 +229 +153
+961 +125 +123
+936 -054 +044
+915 -090 +041
+907 -137 +973
+868 -256 +808
+857 -217 +923
+828 -281 +935
+778 -342 +928
+751 -315 +881
+716 -251 +876
+570 -226 +916
+507 -252 +990
+458 -256 +034
+356 -224 +960
+307 -224 +950
+240 -191 +979
+056 -184 +004
+027 -164 +040
+003 -119 +036
-104 -078 +030
-153 -068 +984
-205 -054 +892
-324 -024 +738
-363 -039 +719
-433 -061 +702
-528 -038 +680
-542 -030 +635
-577 -017 +629
-636 -004 +550
-679 -011 +592
-709 -024 +651
-748 -018 +618
-758 -018 +622
-769 -029 +583
-796 -064 +410
-797 -033 +417
-769 +029 +367
-742 +054 +350
-736 +020 +373
-735 -029 +380
-694 -118 +390
-680 -168 +391
-650 -206 +474
-534 -310 +636
-533 -250 +840
-522 -187 +945
-478 +070 +188
-446 +160 +096
-419 +229 +129
-338 +242 +164
-326 +210 +965
-294 +130 +954
-266 -110 +126
-261 -130 +183
-240 -138 +206
-160 -138 +238
-140 -198 +265
-130 -281 +263
-092 -330 +146
-095 -349 +135
-119 -412 +061
-162 -430 +924
-163 -402 +957
-170 -381 +988
-176 -304 +986
-173 -312 +971
-192 -346 +983
-210 -334 +082
-200 -324 +055
-216 -334 +041
-252 -304 +026
-250 -275 +013
-257 -258 +011
-274 -256 +038
-264 -235 +044
-260 -227 +062
-262 -340 +140
-277 -405 +095
-304 -426 +980
-372 -384 +844
-384 -355 +840
-394 -329 +850
-438 -354 +880
-453 -365 +849
-480 -381 +765
-530 -416 +450
-535 -404 +292
-516 -365 +296
-428 -376 +450
-391 -340 +484
-336 -274 +609
-232 -206 +766
-184 -199 +805
-147 -244 +858
-026 -282 +828
+010 -316 +864
+055 -342 +870
+262 -272 +988
+278 -286 +046
+314 -269 +092
+440 -406 +958
+461 -554 +900
+486 -544 +851
+604 -372 +820
+603 -402 +938
+631 -426 +029
+686 -512 +086
+710 -514 +188
+684 -545 +274
+668 -464 +260
+638 -429 +217
+648 -374 +163
+640 -366 +112
+617 -407 +095
+610 -451 +057
+584 -518 +100
+558 -566 +147
+521 -554 +158
+424 -516 +004
+378 -507 +927
+300 -471 +839
+108 -370 +678
+056 -378 +645
-021 -388 +603
-194 -408 +596
-228 -395 +652
-265 -369 +678
-346 -286 +678
-359 -262 +671
-371 -234 +677
-382 -112 +640
-360 -060 +572
-322 -019 +541
-224 -002 +640
-193 -005 +730
-152 +008 +862
-026 +140 +012
+001 +073 +000
+029 +032 +130
+036 -126 +426
+048 -153 +396
+053 -177 +316
+062 -222 +116
+058 -237 +097
+050 -277 +048
+054 -392 +020
+056 -439 +043
+052 -472 +025
+072 -474 +888
+066 -458 +892
+060 -439 +894
+092 -374 +830
+112 -318 +849
+116 -290 +916
+184 -272 +052
+204 -275 +018
+218 -321 +000
+234 -380 +036
+242 -347 +032
+272 -333 +049
+288 -388 +132
+275 -401 +111
+301 -256 +119
+356 -072 +258
+340 -208 +303
+318 -301 +268
+248 -412 +160
+237 -375 +125
+220 -322 +139
+168 -224 +104
+152 -237 +069
+114 -297 +986
+020 -456 +822
+001 -481 +776
-053 -530 +686
-180 -616 +562
-191 -645 +535
-204 -695 +485
-258 -906 +462
-244 -899 +535
-231 -849 +660
-188 -708 +926
-174 -663 +933
-156 -633 +943
-150 -538 +010
-150 -442 +975
-173 -420 +969
-180 -290 +082
-202 -360 +035
-208 -321 +025
-258 -334 +920
-266 -335 +936
-271 -317 +933
-288 -320 +970
-297 -286 +004
-320 -264 +045
-352 -062 +126
-365 -027 +108
-384 -015 +106
-420 -022 +074
-420 -020 +020
-414 +009 +964
-428 -002 +936
-436 -028 +959
-433 -053 +942
-428 -106 +886
-431 -144 +868
-448 -195 +823
-496 -226 +714
-516 -261 +695
-545 -298 +687
-600 -278 +710
-606 -272 +716
-612 -283 +702
-654 -326 +664
-662 -313 +655
-663 -289 +633
-654 -258 +610
-663 -280 +635
-664 -295 +670
-658 -284 +664
-644 -260 +663
-625 -258 +684
-602 -296 +712
-585 -281 +745
-559 -265 +807
-522 -286 +948
-515 -291 +968
-505 -297 +966
-476 -282 +972
-478 -304 +972
-475 -323 +984
-456 -378 +958
-468 -437 +959
-461 -441 +965
-424 -376 +966
-418 -416 +967
-412 -428 +935
-394 -316 +934
-393 -280 +927
-396 -259 +923
-410 -304 +926
-408 -315 +915
-409 -302 +908
-396 -234 +882
-402 -229 +861
-408 -220 +850
-424 -192 +814
-421 -206 +805
-417 -229 +796
-406 -254 +816
-406 -255 +848
-408 -274 +872
-408 -304 +972
-397 -292 +964
-395 -290 +961
-384 -250 +956
-379 -254 +940
-370 -257 +930
-350 -294 +906
-347 -291 +906
-335 -264 +904
-302 -212 +896
-295 -232 +881
-284 -263 +872
-282 -270 +876
-270 -244 +876
-258 -256 +916
-200 -238 +920
-182 -209 +950
-174 -217 +032
-122 -220 +074
-124 -265 +065
-098 -289 +068
-108 -432 +172
-114 -425 +143
-123 -405 +090
-144 -420 +018
-140 -400 +010
-139 -384 +020
-148 -386 +092
-143 -386 +064
-134 -428 +014
-114 -536 +940
-112 -561 +956
-105 -518 +946
-150 -354 +992
-143 -366 +932
-161 -338 +958
-198 -236 +974
-202 -222 +970
-211 -226 +983
-248 -180 +948
-245 -161 +990
-227 -118 +997
-230 +008 +978
-231 +053 +969
-220 +106 +962
-164 +310 +288
-189 +226 +162
-194 +164 +054
-178 +136 +004
-176 +184 +034
-177 +211 +080
-162 +258 +080
-158 +314 +092
-159 +368 +105
-168 +422 +052
-172 +435 +020
-185 +408 +980
-230 +412 +886
-240 +397 +861
-252 +399 +837
-276 +430 +876
-285 +438 +874
-284 +441 +852
-302 +454 +844
-307 +461 +832
-306 +466 +837
-328 +500 +860
-328 +494 +857
-325 +489 +853
-332 +460 +898
-347 +442 +871
-380 +414 +860
-412 +348 +856
-419 +300 +911
-404 +256 +903
-374 +178 +918
-368 +148 +918
-349 +128 +929
-302 +104 +976
-303 +092 +982
-306 +078 +982
-298 +092 +986
-294 +084 +010
-288 +074 +032
-276 +078 +994
-269 +065 +014
-262 +081 +010
-248 +088 +968
-249 +056 +033
-241 +071 +020
-198 +110 +976
-205 +063 +042
-196 +053 +034
-144 +142 +946
-148 +162 +028
-138 +160 +058
-128 +156 +086
-135 +175 +117
-146 +194 +107
-148 +228 +088
-151 +216 +076
-159 +194 +081
-162 +194 +122
-178 +176 +087
-205 +156 +045
-254 +110 +862
-252 +063 +868
-245 +016 +897
-214 +026 +036
-197 +060 +052
-189 +118 +111
-150 +220 +142
-160 +159 +115
-170 +123 +084
-184 +052 +974
-176 +025 +966
-177 -026 +935
-216 -100 +910
-222 -103 +923
-233 -095 +921
-236 -060 +020
-222 -052 +034
-201 -069 +009
-182 -100 +000
-154 -089 +984
-129 -085 +007
-076 -032 +052
-046 +006 +084
-051 -002 +104
-066 +080 +136
-071 +090 +118
-074 +069 +106
-106 +026 +146
-109 +043 +142
-114 +032 +071
-136 +028 +940
-151 +014 +973
-149 +024 +010
-116 +014 +058
-106 +006 +057
-088 +073 +050
-102 +074 +172
-086 +084 +146
-071 +066 +031
-062 +088 +058
-076 -056 +052
-076 -092 +005
-100 -086 +130
-091 -079 +091
-072 -081 +029
-074 -074 +074
-063 -118 +045
-049 -102 +002
-044 -158 +098
-048 -176 +075
-049 -178 +033
-026 -206 +972
-031 -202 +011
-019 -200 +027
-028 -188 +030
-028 -175 +031
-028 -184 +020
-028 -174 +966
-025 -171 +983
-032 -213 +031
-042 -178 +074
-047 -166 +056
-054 -186 +013
-082 -216 +974
-092 -238 +988
-109 -242 +008
-104 -174 +044
-102 -135 +073
-093 -156 +060
-076 -234 +080
-091 -214 +061
-123 -204 +053
-142 -196 +982
-140 -199 +992
-136 -215 +009
-104 -254 +982
-104 -223 +976
-109 -244 +023
-108 -222 +066
-119 -210 +076
-130 -220 +037
-144 -254 +968
-134 -236 +951
-126 -233 +030
-068 -256 +152
-042 -274 +124
-024 -251 +079
-010 -186 +970
-008 -180 +960
-018 -168 +944
-032 -276 +000
-029 -265 +030
-046 -225 +079
-112 -134 +194
-111 -166 +155
-087 -147 +130
-072 -064 +056
-039 -098 +055
-003 -121 +016
+042 -208 +014
+043 -148 +001
+048 -075 +012
+026 -026 +092
+026 -001 +978
+026 -043 +047
+050 -014 +172
+063 +023 +183
+078 +031 +164
+104 +120 +992
+083 +098 +021
+073 +067 +033
+044 +048 +080
+037 +035 +102
+033 +038 +111
+032 +060 +100
+034 +057 +118
+040 +059 +113
+038 +084 +096
+017 +066 +117
+001 +056 +083
-038 +040 +042
-051 +035 +044
-067 +031 +033
-084 -036 +004
-088 -026 +985
-095 -022 +037
-090 +014 +028
-095 -014 +057
-100 -033 +059
-108 -028 +898
-129 -010 +831
-159 -015 +767
-220 +046 +792
-220 +065 +855
-227 +065 +934
-228 -060 +998
-223 -119 +984
-195 -122 +932
-142 -098 +968
-125 -099 +998
-082 -113 +975
+004 -128 +976
+038 -135 +026
+068 -168 +064
+132 -058 +052
+153 -061 +132
+174 -087 +273
+104 -198 +168
+105 -200 +087
+106 -203 +111
+110 -282 +092
+114 -277 +066
+104 -243 +039
+048 -184 +028
+051 -153 +015
+035 -152 +028
+008 -210 +108
-004 -220 +139
+007 -158 +099
+032 -010 +088
+047 -010 +088
+074 +009 +039
+112 +022 +008
+111 -006 +032
+102 -051 +038
+084 -160 +086
+079 -149 +098
+068 -162 +088
+024 -172 +006
+004 -202 +082
-036 -175 +101
-106 -108 +088
-106 -131 +034
-088 -147 +018
-082 -196 +126
-067 -153 +111
-042 -126 +061
+012 -144 +036
+015 -169 +044
+028 -135 +990
+066 -154 +844
+066 -221 +918
+057 -315 +945
+050 -376 +952
+038 -374 +987
+012 -361 +010
-004 -330 +988
+009 -294 +011
+018 -260 +067
+058 -204 +096
+072 -236 +086
+077 -242 +096
+110 -144 +138
+112 -148 +135
+105 -155 +108
+106 -132 +098
+091 -125 +128
+054 -121 +141
-028 -150 +076
-087 -191 +050
-160 -230 +012
-260 -236 +892
-279 -207 +884
-278 -198 +907
-188 -258 +918
-156 -231 +862
-110 -127 +861
-020 +068 +914
-012 +095 +955
-004 +117 +982
-004 +064 +964
-005 +063 +024
-020 +070 +085
-046 +106 +116
-040 +105 +069
-031 +091 +037
-086 +032 +960
-090 +013 +021
-091 -040 +090
-130 -130 +170
-116 -126 +142
-108 -150 +105
-086 -156 +040
-079 -133 +050
-079 -141 +077
-090 -152 +088
-087 -146 +085
-089 -188 +074
-114 -200 +044
-119 -178 +002
-125 -178 +977
-102 -202 +956
-111 -179 +014
-101 -183 +054
-116 -268 +120
-110 -254 +088
-099 -237 +019
-098 -212 +974
-095 -182 +982
-094 -156 +995
-088 -108 +018
-070 -104 +029
-042 -085 +002
+004 -086 +022
+032 -102 +028
+058 -143 +001
+112 -250 +930
+098 -261 +918
+086 -238 +912
+046 -130 +006
+053 -102 +056
+069 -169 +023
+110 -270 +960
+108 -267 +992
+101 -263 +015
+066 -216 +168
+066 -189 +197
-054 -162 +022
+110 -078 +182
+102 -068 +234
+107 -122 +175
+090 -234 +900
+076 -219 +918
+060 -223 +934
+038 -238 +978
+030 -259 +015
+022 -302 +035
+010 -416 +966
+000 -427 +016
-016 -437 +025
+004 -412 +928
-003 -442 +972
+010 -425 +021
+024 -374 +094
+021 -353 +094
+021 -299 +052
+034 -190 +078
+029 -146 +081
+020 -116 +062
-008 -040 +996
-016 -018 +992
-034 +020 +029
-056 +046 +052
-048 +036 +027
-027 +024 +962
-016 +048 +940
-020 +065 +964
-030 +026 +032
-036 -022 +078
-032 -033 +053
-024 -062 +988
+016 -214 +810
-018 -246 +769
-026 -227 +914
-126 -308 +124
-102 -299 +108
-112 -324 +059
-118 -308 +024
-125 -333 +047
-109 -345 +022
-088 -350 +936
-085 -349 +937
-083 -339 +952
-094 -294 +022
-093 -280 +084
-094 -224 +173
-076 -188 +160
-057 -186 +137
-036 -177 +125
-006 -074 +036
-006 -053 +034
-007 -020 +069
+010 +008 +208
+006 -004 +256
+012 +001 +293
+006 +020 +238
-008 +024 +208
-030 +032 +155
-062 -012 +150
-070 -041 +150
-090 -099 +098
-132 -098 +992
-137 -052 +957
-149 -019 +942
-162 -032 +880
-177 -023 +834
-193 +023 +788
-236 +144 +798
-248 +180 +849
-263 +177 +911
-276 +180 +994
-260 +185 +022
-257 +216 +995
-250 +284 +014
-246 +247 +986
-255 +211 +990
-274 +086 +042
-298 +045 +038
-317 +011 +052
-366 -064 +054
-382 -066 +053
-386 -072 +031
-370 -098 +970
-355 -122 +924
-352 -127 +911
-344 -056 +892
-350 -035 +900
-351 -027 +920
-364 -084 +922
-365 -112 +892
-368 -136 +900
-372 -106 +928
-375 -071 +944
-374 -063 +952
-360 -148 +930
-351 -138 +915
-334 -110 +920
-306 -076 +942
-302 -065 +946
-294 -035 +950
-280 -126 +014
-292 -175 +055
-296 -131 +055
-256 -068 +926
-253 -125 +970
-235 -132 +963
-194 -106 +928
-205 -136 +006
-204 -137 +094
-172 -278 +332
-162 -323 +446
-155 -370 +507
-170 -468 +280
-193 -405 +184
-214 -346 +095
-244 -296 +988
-254 -315 +959
-267 -309 +926
-302 -262 +868
-313 -247 +837
-321 -238 +824
-352 -216 +834
-356 -193 +802
-354 -178 +786
-356 -178 +794
-364 -167 +847
-360 -141 +857
-358 -090 +866
-364 -109 +856
-351 -128 +859
-348 -022 +942
-353 -024 +927
-344 -048 +910
-332 -030 +964
-310 -060 +937
-297 -065 +947
-284 -002 +986
-272 -030 +988
-276 -044 +037
-270 -142 +082
-259 -185 +118
-250 -186 +134
-240 -088 +096
-237 -095 +081
-229 -033 +028
-222 +022 +046
-217 +056 +063
-207 +091 +084
-196 +080 +100
-185 +071 +057
-149 +267 +231
-114 +088 +020
-149 +140 +080
-175 +172 +033
-208 +258 +900
-216 +278 +922
-223 +262 +951
-218 +302 +996
-221 +279 +017
-227 +269 +995
-224 +316 +966
-222 +294 +983
-225 +280 +972
-232 +300 +964
-230 +304 +974
-233 +303 +973
-252 +310 +936
-250 +319 +946
-247 +323 +966
-262 +330 +918
-254 +274 +935
-256 +357 +950
-258 +372 +012
-255 +324 +947
-260 +364 +926
-266 +359 +917
-274 +356 +884
-272 +367 +915
-272 +355 +923
-272 +344 +972
-274 +338 +974
-280 +347 +966
-276 +354 +934
-277 +340 +943
-272 +311 +951
-294 +334 +926
-290 +322 +944
-279 +324 +938
-270 +322 +946
-269 +320 +954
-267 +321 +961
-276 +306 +964
-272 +316 +952
-272 +317 +951
-284 +304 +950
-276 +311 +951
-282 +317 +948
-755 +507 +392
-746 +521 +279
-740 +598 +166
-687 +641 +416
-685 +608 +625
-728 +258 +822
-747 +115 +768
-748 +000 +676
-704 -212 +442
-664 -232 +383
-563 -154 +310
-280 +096 +244
-186 +124 +241
-025 +185 +315
+396 +476 +574
+516 +574 +538
+701 +703 +721
+088 +032 +002
+047 +923 +063
+006 +853 +024
+922 +636 +944
+858 +834 +243
+838 +376 +227
+912 -428 +006
+729 -630 +059
+722 -451 +032
+654 -350 +872
+660 -343 +797
+706 -181 +609
+700 -178 +842
+744 -153 +951
+790 -094 +020
+880 -016 +974
+874 -052 +993
+862 -056 +093
+812 +048 +094
+804 +033 +094
+754 +019 +159
+642 +058 +218
+602 +054 +207
+545 +085 +146
+368 +120 +972
+326 +149 +970
+253 +203 +938
+114 +314 +930
+086 +321 +892
+032 +310 +805
-094 +350 +730
-122 +383 +723
-158 +394 +676
-264 +446 +580
-277 +477 +603
-335 +439 +600
-394 +506 +636
-405 +495 +635
-430 +521 +620
-466 +582 +600
-472 +599 +604
-480 +611 +582
-500 +578 +604
-493 +645 +669
-498 +618 +620
-558 +578 +424
-572 +478 +299
-560 +444 +274
-364 +068 +666
-460 +863 +793
-515 +643 +676
-592 +480 +556
-604 +503 +710
-602 +490 +711
-616 +482 +712
-602 +497 +684
-597 +510 +645
-697 +518 +299
-520 +150 +298
-510 +140 +228
-506 +068 +292
-536 +694 +700
-598 +493 +791
-668 +190 +839
-822 -388 +790
-844 -449 +743
-843 -457 +703
-808 -382 +632
-773 -322 +518
-694 -252 +476
-466 -062 +454
-396 -097 +439
-270 -018 +417
+064 +378 +304
+186 +508 +402
+358 +702 +465
+674 +100 +560
+694 +964 +639
-032 +017 -394
+060 +073 -233
+258 +240 +320
+224 +241 +673
+211 +524 +338
-064 +418 +040
-050 +468 +040
-070 +213 +040
-280 -608 +910
-247 -350 +975
-198 -290 +990
-088 -082 +464
-080 +009 +110
-115 +003 +815
-206 +008 +626
-237 +050 +646
-263 +058 +518
-456 -048 +548
-444 +188 +503
-433 +348 +488
-496 +236 +646
-491 +233 +669
-654 +688 +970
-588 +200 +792
-580 +034 +603
-566 +035 +772
-514 +590 +652
-534 +430 +780
-552 +210 +844
-562 +358 +828
-581 +348 +795
-585 +231 +851
-588 +248 +858
-573 +313 +840
-587 +234 +775
-596 +418 +720
-599 +436 +701
-593 +351 +791
-586 +194 +770
-574 +249 +798
-562 +305 +763
-614 +130 +816
-604 +257 +792
-594 +247 +784
-596 +272 +790
-600 +290 +761
-606 +281 +787
-588 +340 +812
-595 +318 +782
-601 +295 +787
-612 +284 +762
-538 +127 +804
-536 +235 +815
-556 +262 +030
-564 +249 +980
-572 +231 +920
-656 +162 +954
-694 +102 +991
-674 +241 +982
-518 +366 +780
-474 +112 +786
-394 -160 +554
-208 -380 -220
-090 -246 -342
+110 -015 -260
+556 +260 +236
+475 +079 +383
+508 +331 +735
+484 +012 +040
+323 +913 +040
+190 +984 +040
-020 +714 +040
+017 +727 +040
+054 +476 +040
+142 +018 +836
+170 -088 +558
+195 -074 +160
+150 -076 +388
+094 -088 +075
-003 -022 -242
-132 -134 -540
-134 -170 -377
-082 -046 -265
+118 +356 -070
+202 +318 +091
+294 +306 +522
+350 +564 +250
+294 +774 +645
+161 +743 +843
-172 +278 +040
-238 +237 +040
-192 +309 +040
-082 -018 +040
-020 +006 +950
+055 +018 +479
+078 -080 +556
+026 -050 +512
-070 -089 +315
-250 +056 +182
-290 +218 +222
-340 +296 +372
-410 +322 +474
-457 +308 +492
-495 +218 +571
-496 +428 +710
-507 +532 +711
-508 +747 +691
-562 -090 +018
-518 -047 +105
-516 +297 +971
-558 +654 +502
-566 +542 +560
-548 +522 +689
-508 +344 +672
-523 +300 +746
-530 +357 +794
-566 +414 +702
-572 +422 +749
-592 +366 +787
-570 +514 +700
-570 +441 +756
-573 +392 +680
-586 +386 +774
-573 +401 +768
-570 +370 +749
-552 +480 +710
-570 +426 +709
-587 +066 +834
-578 +180 +836
-618 +314 +938
-626 +194 +958
-611 +148 +939
-598 +160 +004
-602 +143 +985
-594 +155 +976
-610 +064 +746
-593 +062 +650
-553 +036 +606
-476 -136 +484
-411 -072 +391
-303 -029 +059
-030 -206 -454
+103 -056 -314
+377 +106 -028
+644 -302 +132
+609 -075 +386
+570 +534 +713
+110 +652 +040
+102 +741 +040
+061 +725 +040
+032 +514 +040
+055 +350 +040
+132 +304 +744
+198 -112 +188
+222 -020 +865
+186 -072 +514
+026 -240 -192
+001 -203 -326
-014 -131 -396
+004 -064 -278
+021 -140 -132
+117 -063 -035
+328 +212 +494
+379 +446 +671
+353 +619 +182
+320 +960 +962
+242 +885 +001
+143 +812 +021
+004 +840 +040
+068 +739 +040
+198 +713 +040
+362 +028 +896
+244 -202 +479
+049 -404 +265
-192 +126 +680
-202 +220 +622
-276 +094 +469
-430 -148 +428
-420 +149 +499
-442 +306 +685
-530 +342 +714
-523 +420 +672
-530 +346 +752
-538 +216 +778
-509 +389 +781
-517 +496 +794
-538 +420 +746
-531 +324 +774
-526 +343 +788
-546 +324 +692
-547 +392 +715
-545 +356 +761
-548 +370 +778
-549 +478 +793
-549 +445 +736
-570 +438 +704
-565 +449 +733
-564 +453 +750
-556 +390 +732
-555 +389 +759
-542 +408 +684
-584 +382 +720
-582 +404 +773
-582 +407 +725
-576 +412 +692
-576 +374 +718
-585 +381 +724
-588 +372 +800
-595 +342 +789
-583 +376 +732
-572 +384 +776
-578 +391 +791
-562 +175 +598
-575 +279 +710
-598 +352 +012
-600 +332 +947
-615 +276 +874
-670 +222 +838
-661 +275 +879
-640 +263 +933
-574 +262 +896
-567 +203 +852
-547 +184 +731
-450 +148 +406
-424 +088 +315
-357 -007 +244
-134 -078 +004
-048 -084 -055
+101 -082 -068
+426 -074 +104
+468 +032 +518
+466 +482 +092
+204 +378 +040
+104 +290 +040
-019 +256 +040
-158 +936 +040
-131 +773 +023
-056 +728 +028
+160 +432 +556
+177 +307 +228
+158 +187 +903
+038 -194 +522
+005 -205 +387
-046 -155 +226
-142 -130 -192
-137 -139 -248
-103 -040 -289
+030 +328 -178
+106 +251 +052
+151 +102 +313
+448 +398 +492
+459 +422 +897
+408 +734 +469
+172 +414 +040
+110 +272 +040
-027 +896 +040
-026 +646 +040
+024 +585 +956
+103 +377 +746
+134 -122 +052
+100 -153 +802
+027 -109 +594
-138 +096 +552
-184 +121 +517
-261 +055 +446
-404 +136 +496
-403 +318 +552
-436 +355 +669
-500 +478 +604
-494 +443 +602
-517 +325 +650
-524 +404 +772
-527 +397 +801
-528 +383 +814
-540 +370 +736
-528 +423 +741
-529 +408 +774
-544 +392 +740
-550 +356 +739
-547 +345 +728
-550 +412 +820
-542 +436 +750
-551 +434 +788
-536 +538 +694
-538 +427 +765
-531 +462 +739
-550 +334 +766
-544 +389 +775
-543 +396 +753
-548 +358 +822
-543 +400 +803
-547 +386 +826
-540 +412 +742
-536 +134 +025
-527 +205 +808
-528 +250 +896
-526 +209 +918
-523 +161 +890
-546 +146 +906
-561 +171 +943
-587 +195 +962
-638 +194 +016
-630 +230 +023
-628 +265 +026
-602 +194 +838
-589 +143 +781
-535 +128 +704
-392 -008 +520
-338 -015 +309
-238 -059 -050
-018 -382 -452
+137 -161 -287
+290 -022 +035
+432 +288 +732
+469 +528 +984
+446 +547 +512
+126 +636 +040
+083 +846 +040
+042 +938 +040
-008 +590 +040
+019 +480 +040
+077 +360 +976
+202 +180 +342
+194 +067 +082
+140 -086 +789
+110 -102 +216
+093 -069 +038
+055 -135 -140
+044 -122 -176
+054 -012 -163
+117 +076 -139
+262 +122 +226
+369 +291 +368
+386 +438 +936
+306 +106 +040
+210 +275 +040
+155 +004 +040
-026 +066 +040
+009 +129 +040
+103 +093 +040
+268 -016 +390
+242 -046 +092
+162 -085 +693
-062 -080 +186
-134 +000 +304
-215 +067 +282
-366 +302 +372
-394 +354 +439
-424 +418 +565
-490 +458 +744
-507 +436 +674
-516 +425 +694
-558 +292 +778
-538 +324 +792
-539 +363 +789
-514 +490 +778
-518 +451 +788
-524 +457 +751
-526 +468 +710
-529 +490 +863
-548 +319 +791
-550 +448 +646
-547 +478 +704
-551 +392 +728
-520 +456 +876
-507 +461 +823
-536 +355 +778
-528 +526 +770
-534 +490 +813
-543 +426 +809
-542 +398 +698
-547 +371 +707
-554 +368 +748
-554 +438 +778
-556 +405 +794
-550 +386 +763
-570 +384 +726
-582 +429 +713
-590 +378 +758
-585 +415 +777
-578 +421 +750
-572 +470 +810
-688 +237 +810
-721 +270 +935
-726 +302 +952
-716 +330 +885
-689 +278 +779
-572 +214 +538
-532 +136 +457
-464 +102 +379
-274 -010 +164
-214 -077 +143
-129 -092 +181
+132 -014 +002
+267 -072 +060
+332 -092 +576
+454 +710 +516
+413 +569 +778
+214 +338 +909
-148 +446 +040
-192 +493 +040
-130 +538 +040
+168 +256 +822
+176 +055 +502
+145 -072 +988
+022 -332 +328
-031 -369 +233
-074 -164 +056
-110 +198 -096
-059 +117 -110
-001 +021 -088
+204 +018 -128
+243 +027 -029
+257 +134 +207
+374 +906 +408
+315 +972 +724
+241 +087 +882
-046 +616 +040
-092 +457 +040
-081 +430 +950
+016 +162 +656
-019 -057 +394
-066 -153 +109
-108 +204 +786
-162 +053 +675
-219 +006 +608
-312 +144 +648
-349 +238 +556
-395 +274 +498
-540 +446 +560
-508 +469 +644
-500 +394 +703
-494 +312 +572
-504 +383 +650
-504 +483 +611
-522 +410 +634
-522 +429 +655
-525 +608 +914
-546 +132 +346
-545 +436 +487
-612 +233 +649
-558 +554 +824
-557 +451 +796
-560 +424 +757
-548 +596 +972
-530 +537 +669
-565 +508 +756
-548 +452 +578
-566 +445 +635
-562 +476 +716
-634 +314 +640
-604 +424 +677
-607 +407 +711
-624 +400 +710
-601 +437 +711
-594 +196 +980
-649 +248 +933
-772 +380 +948
-789 +264 +946
-792 +212 +017
-666 +328 +990
-614 +347 +777
-536 +273 +505
-406 -100 +058
-327 -028 +031
-182 -003 -156
+218 -248 -414
+374 -156 -089
+506 -101 +234
+532 +210 +364
+492 +495 +441
+449 +931 +741
+010 +524 +040
-081 +427 +040
-090 +410 +040
+090 +458 +040
+170 +267 +810
+221 +177 +412
+212 -106 +402
+141 -157 +289
+077 -090 +046
-028 -036 -082
-026 -150 -079
-014 -149 -211
+080 -046 -514
+180 +006 -348
+314 +119 -012
+496 +714 +166
+467 +982 +603
+374 +166 +822
+242 +686 +040
+101 +574 +040
+016 +254 +040
+048 -138 +032
+152 +149 +793
+229 +147 +517
+198 -216 +550
+110 -226 +374
-014 -163 +220
-286 +036 +414
-321 +106 +388
-381 +205 +392
-480 +350 +506
-488 +430 +544
-526 +412 +598
-550 +322 +666
-546 +349 +678
-545 +367 +679
-548 +520 +794
-545 +480 +833
-546 +465 +738
-544 +558 +554
-542 +539 +568
-553 +511 +717
-536 +278 +854
-569 +322 +675
-575 +331 +758
-576 +402 +826
-570 +396 +788
-562 +419 +822
-566 +544 +700
-580 +495 +763
-582 +497 +738
-566 +336 +724
-557 +412 +764
-563 +398 +671
-586 +412 +826
-613 +391 +792
-656 +498 +746
-784 +896 +876
-801 +789 +898
-801 +597 +836
-750 +460 +758
-742 +478 +687
-737 +482 +558
-792 +504 +546
-756 +464 +568
-723 +356 +525
-580 +064 +360
-590 +007 +241
-594 +045 +196
-464 +396 +220
-473 +184 +192
-418 +013 +065
-268 -132 -172
-117 +083 -078
+106 +031 -088
+520 -362 +296
+610 -149 +604
+648 +530 +136
+476 +192 +040
+388 +107 +040
+214 +903 +040
-158 -154 +040
-103 +037 +040
+052 +031 +040
+372 +046 +478
+385 -010 +087
+353 -102 +597
+122 -326 -764
+098 -300 -044
+094 -280 -037
+198 -170 -442
+295 -039 -275
+441 +118 +073
+608 +914 +462
+500 +003 +735
+353 +267 +888
+112 +238 +040
+063 +005 +040
+078 +807 +040
+488 +538 +040
+487 +347 +870
+462 +084 +483
+184 -508 -016
+032 -463 -182
-098 -204 -165
-358 +386 +504
-421 +377 +443
-486 +351 +380
-564 +462 +236
-561 +587 +312
-575 +487 +427
-608 +366 +594
-594 +512 +594
-591 +540 +572
-620 +574 +414
-609 +628 +512
-539 +661 +464
-592 +386 +656
-587 +503 +593
-609 +591 +673
-650 +624 +824
-623 +565 +686
-628 +513 +652
-596 +522 +572
-597 +502 +612
-607 +491 +662
-629 +160 +493
-664 +400 +681
-686 +390 +096
-654 +432 +156
-602 +408 +092
-522 +188 +724
-511 +202 +629
-469 +165 +480
-406 -018 +186
-352 -075 +118
-283 -144 +078
-046 -154 -010
+082 +018 -106
+318 -062 -262
+986 +238 +582
+979 +725 +287
+847 +383 +664
+218 +566 +040
+157 +579 +040
+133 +522 +040
+302 +042 +040
+353 +736 +718
+354 +378 +398
+304 -214 +602
+217 -347 +328
+103 -414 -005
-056 -326 -310
-040 -313 -342
+032 -232 -363
+302 -136 +014
+427 +100 +084
+547 +639 +564
+568 +040 +946
+484 +040 +986
+372 +773 +013
+194 +106 +040
+203 +006 +040
+255 +673 +983
+350 -046 +366
+298 -073 +105
+203 -162 +690
-152 -250 +102
-218 -145 +172
-295 +090 +258
-498 +184 +418
-548 +238 +439
-596 +299 +482
-652 +474 +564
-638 +470 +555
-626 +426 +618
-580 +452 +602
-568 +436 +617
-588 +382 +687
-566 +602 +560
-579 +580 +494
-595 +600 +697
-624 +502 +432
-625 +507 +480
-640 +546 +462
-642 +530 +636
-627 +584 +693
-621 +516 +637
-634 +538 +750
-623 +525 +657
-619 +518 +655
-618 +486 +646
-631 +491 +652
-795 +502 +749
-806 +635 +721
-816 +522 +628
-802 +485 +535
-774 +428 +352
-664 +312 -160
-604 +345 -259
-522 +356 -266
-340 +312 -170
-289 +279 -179
-234 +185 -179
-080 +108 +116
-035 +125 +366
+027 +209 +628
+140 +336 +904
+180 +295 +056
+213 +241 +112
+274 +104 +306
+298 +204 +389
+326 +302 +493
+338 +388 +722
+349 +398 +667
+351 +407 +707
+346 +422 +598
+349 +421 +586
+363 +462 +526
+390 +554 +490
+395 +528 +451
+383 +462 +363
+326 +388 +170
+297 +385 +232
+286 +445 +260
+264 +400 +250
+242 +376 +217
+206 +333 +172
+118 +290 +928
+064 +260 +898
+014 +290 +845
-104 +254 +748
-160 +283 +683
-220 +238 +674
-312 +240 +516
-333 +241 +456
-371 +253 +358
-406 +196 +204
-420 +170 +175
-432 +154 +115
-366 +208 +116
-329 +251 +178
-291 +248 +351
-218 +212 +708
-165 +201 +692
-124 +233 +742
-048 +106 +082
-003 +209 +088
+020 +186 +186
+136 +296 +346
+160 +293 +253
+196 +304 +285
+298 +438 +362
+295 +366 +419
+304 +373 +374
+320 +304 +368
+323 +338 +395
+327 +394 +495
+370 +614 +624
+383 +605 +650
+394 +497 +579
+380 +262 +468
+371 +216 +448
+349 +177 +373
+290 +106 +156
+248 +083 +118
+187 +037 +053
+048 +016 +970
-003 -007 +918
-060 +015 +851
-236 +070 +680
-257 +129 +657
-319 +140 +681
-414 +244 +684
-448 +243 +689
-483 +258 +668
-562 +210 +656
-580 +204 +639
-600 +152 +619
-638 +150 +484
-650 +117 +501
-661 +166 +535
-684 +220 +668
-679 +250 +660
-693 +227 +655
-732 +176 +638
-731 +185 +589
-725 +223 +576
-720 +196 +626
-712 +254 +622
-706 +291 +662
-724 +324 +770
-724 +300 +754
-719 +295 +742
-716 +226 +744
-662 +365 +791
-668 +197 +521
-668 +390 +786
-690 +316 +765
-700 +269 +666
-714 +286 +718
-716 +300 +731
-714 +252 +725
-690 +346 +716
-691 +300 +688
-690 +317 +662
-692 +310 +788
-727 +650 +173
-695 +603 +197
-556 +542 +034
-520 +469 -061
-445 +374 -141
-220 +328 +014
-152 +290 +066
-065 +245 +169
+096 +206 +296
+144 +184 +476
+203 +200 +735
+246 +058 +522
+226 +098 +528
+227 +123 +589
+302 +418 +566
+316 +460 +760
+330 +616 +884
+320 +650 +014
+317 +648 +027
+304 +551 +963
+338 +658 +560
+347 +618 +480
+351 +598 +385
+318 +306 +264
+268 +242 +225
+196 +210 +107
+064 +258 +932
+009 +215 +879
-056 +157 +805
-210 +130 +534
-249 +120 +566
-297 +158 +559
-344 +260 +458
-379 +246 +384
-409 +224 +273
-478 +246 +148
-478 +227 +163
-489 +184 +188
-444 +204 +236
-438 +223 +329
-406 +292 +491
-306 +414 +734
-251 +399 +688
-234 +270 +725
-138 +244 +814
-102 +268 +824
-039 +247 +914
+046 +206 +030
+092 +296 +079
+140 +314 +119
+256 +290 +174
+268 +325 +224
+303 +387 +318
+340 +510 +378
+360 +543 +419
+367 +534 +402
+420 +530 +462
+411 +474 +499
+403 +490 +544
+376 +584 +428
+394 +589 +416
+381 +536 +390
+358 +450 +236
+341 +398 +193
+312 +373 +117
+206 +254 +982
+173 +243 +991
+120 +231 +936
-016 +218 +802
-058 +194 +786
-119 +145 +799
-204 +222 +748
-239 +185 +770
-295 +163 +746
-360 +212 +672
-401 +191 +655
-432 +196 +650
-494 +240 +574
-513 +248 +589
-532 +272 +630
-564 +344 +724
-559 +318 +752
-570 +284 +772
-558 +266 +762
-583 +223 +780
-588 +235 +778
-614 +284 +778
-613 +304 +763
-614 +299 +761
-594 +304 +786
-597 +274 +768
-585 +343 +833
-626 +184 +732
-621 +160 +757
-622 +312 +758
-644 +288 +822
-628 +257 +811
-616 +255 +803
-610 +220 +830
-608 +239 +771
-611 +279 +768
-741 +587 +438
-719 +583 +442
-624 +538 +298
-595 +503 +225
-546 +467 +112
-376 +400 -108
-306 +418 -099
-216 +338 -043
-152 +070 +228
-083 +169 +260
-027 +207 +400
+138 +218 +808
+165 +177 +009
+196 +165 +209
+292 +286 +376
+319 +301 +447
+367 +342 +522
+412 +416 +772
+398 +465 +869
+388 +544 +933
+346 +530 +856
+338 +498 +841
+354 +482 +750
+364 +468 +600
+376 +511 +498
+368 +498 +361
+276 +332 +214
+249 +333 +149
+198 +321 +084
+090 +330 +828
+035 +274 +816
-036 +236 +753
-222 +142 +546
-246 +181 +520
-325 +144 +536
-430 +154 +506
-435 +243 +473
-423 +275 +458
-444 +234 +404
-409 +242 +316
-373 +242 +269
-352 +158 +268
-346 +178 +299
-305 +306 +345
-218 +358 +674
-226 +283 +733
-180 +316 +691
-122 +158 +838
-067 +228 +883
+019 +281 +880
+216 +200 +062
+211 +168 +191
+255 +288 +266
+336 +470 +336
+364 +510 +373
+385 +527 +443
+432 +464 +514
+427 +474 +552
+436 +475 +545
+424 +562 +582
+431 +576 +563
+429 +619 +553
+414 +484 +364
+407 +446 +328
+387 +355 +276
+288 +272 +934
+246 +214 +071
+200 +224 +069
+096 +232 +938
+054 +220 +882
-022 +195 +844
-152 +224 +670
-195 +244 +655
-244 +204 +624
-384 +176 +562
-394 +180 +537
-431 +185 +561
-492 +246 +612
-503 +244 +621
-515 +265 +657
-534 +384 +696
-542 +367 +699
-556 +351 +684
-586 +358 +596
-605 +314 +661
-609 +324 +666
-576 +380 +792
-572 +364 +821
-569 +381 +790
-570 +428 +750
-577 +402 +745
-551 +579 +502
-596 +320 +826
-555 +427 +886
-568 +299 +828
-562 +268 +616
-585 +337 +742
-596 +335 +739
-590 +324 +682
-613 +310 +674
-600 +349 +691
-815 +517 +512
-798 +720 +447
-690 +590 +452
-651 +531 +318
-614 +412 +125
-528 +174 -232
-486 +173 -263
-401 +217 -141
-202 +276 +308
-190 +328 +324
-136 +260 +423
-044 +244 +698
+015 +286 +780
+067 +301 +939
+140 +184 +212
+199 +278 +213
+242 +361 +326
+286 +518 +648
+311 +642 +732
+005 +357 +739
+005 +291 +767
+086 +562 +670
+117 +593 +645
+159 +564 +582
+182 +378 +336
+169 +365 +209
+141 +347 +031
+026 +214 +670
-010 +234 +567
-075 +232 +504
-226 +214 +288
-305 +035 +173
-462 -303 +068
-730 -616 +320
-759 -590 +605
-788 -533 +728
-838 -230 +826
-830 -160 +802
-809 -082 +702
-768 +062 +632
-755 +083 +678
-740 +077 +683
-746 +124 +670
-744 +188 +697
-741 +185 +719
-738 +146 +648
-739 +199 +614
-727 +134 +702
-720 +034 +668
-731 +061 +715
-724 +254 +671
-742 +184 +780
-733 +201 +716
-725 +163 +741
-700 +222 +708
-703 +188 +715
-697 +179 +728
-723 +219 +743
-724 +154 +687
-710 +274 +758
-702 +292 +724
-685 +446 +753
-662 +878 +704
-634 +955 +621
-584 +901 +617
-480 +534 +462
-436 +451 +385
-414 +302 +247
-366 +162 +200
-339 +058 +280
-294 -097 +383
-220 -280 +580
-182 -228 +677
-092 -248 +804
+016 -218 +190
-031 -225 +411
-064 -339 +421
-078 +006 +866
-083 -149 +700
-067 -135 +774
+000 -092 +344
-149 -117 +545
-049 +013 +385
+040 -016 +400
+075 +113 +468
+108 +295 +704
+206 +558 +876
+232 +673 +753
+250 +672 +607
+258 +504 +336
+252 +503 +246
+216 +502 +059
+062 +482 +630
+027 +500 +553
-026 +425 +499
-154 +270 +212
-213 +127 +168
-341 -038 +088
-656 -650 +436
-715 -702 +603
-745 -547 +773
-800 -260 +860
-789 -190 +826
-760 -048 +772
-722 +088 +704
-706 +086 +730
-694 +120 +730
-692 +134 +816
-682 +240 +823
-676 +222 +819
-666 +222 +580
-674 +190 +669
-671 +107 +725
-656 +196 +854
-660 +140 +810
-673 +160 +801
-670 +120 +778
-661 +114 +770
-714 +197 +830
-692 +286 +894
-602 +774 +852
-592 +854 +745
-545 +073 +611
-428 +770 +370
-417 +588 +340
-417 +396 +294
-370 +270 +110
-374 +170 +132
-352 +026 +139
-252 -376 +120
-174 -462 +262
-087 -553 +573
+052 -182 +478
+076 -064 +533
+049 +006 +657
-090 -302 +860
-110 -255 +750
-111 -321 +656
-046 -190 +660
-079 -141 +651
-047 -076 +567
+056 +182 +580
+079 +334 +481
+103 +441 +750
+160 +652 +588
+194 +851 +547
+217 +794 +452
+242 +644 +114
+217 +693 +109
+171 +605 +969
+044 +502 +562
-018 +443 +496
-089 +337 +401
-306 +056 +266
-339 -029 +242
-454 -342 +279
-694 -796 +474
-720 -622 +632
-752 -498 +790
-786 -208 +844
-790 -135 +804
-776 -072 +742
-714 +044 +744
-706 +100 +781
-700 +135 +749
-660 +326 +712
-694 +299 +741
-699 +143 +698
-700 +100 +738
-707 +079 +741
-715 +086 +726
-708 +080 +718
-716 +118 +731
-728 +084 +731
-722 +126 +752
-726 +256 +755
-682 +355 +737
-608 +690 +826
-597 +678 +698
-575 +662 +601
-540 +690 +476
-528 +654 +468
-508 +558 +512
-486 +204 +546
-475 +169 +545
-446 +179 +520
-398 -054 +426
-372 -087 +439
-320 -131 +532
-238 -200 +834
-210 -217 +894
-176 -204 +990
-108 -040 +398
-090 -043 +528
-097 -078 +597
-078 -270 +368
-056 -167 +510
-055 -131 +373
-144 -266 +346
-119 -159 +424
+047 +061 +582
+040 +256 +040
+085 +383 +040
+160 +580 +921
+286 +842 +492
+301 +807 +469
+281 +765 +275
+260 +694 +774
+220 +530 +667
+169 +450 +496
-002 +254 +270
-052 +211 +187
-201 -020 +095
-602 -484 +118
-674 -590 +511
-725 -593 +777
-774 -374 +942
-776 -275 +917
-772 -147 +807
-758 +020 +572
-752 +028 +590
-740 +068 +631
-706 +090 +786
-711 +126 +785
-713 +145 +772
-738 +106 +742
-735 +205 +719
-732 +207 +779
-746 +006 +536
-735 +075 +621
-716 +112 +661
-698 +160 +706
-696 +167 +710
-695 +161 +700
-686 +188 +754
-689 +177 +773
-681 +135 +725
-701 +377 +830
-688 +658 +926
-643 +688 +845
-618 +760 +715
-546 +968 +370
-527 +893 +299
-492 +776 +281
-410 +500 +260
-385 +443 +268
-369 +343 +283
-326 +094 +300
-322 +010 +293
-278 -052 +375
-182 -408 +594
-151 -448 +747
-135 -478 +085
-040 -456 +600
-047 -301 +562
-097 -135 +670
-130 +414 +602
-157 +200 +532
-110 +020 +536
-088 +158 +448
-083 -024 +414
-057 -121 +467
+118 +516 +410
+120 +435 +519
+147 +572 +711
+242 +944 +694
+262 +894 +684
+282 +850 +574
+276 +770 +162
+254 +670 +984
+204 +604 +800
+018 +386 +422
-036 +372 +425
-101 +301 +402
-266 -022 +266
-327 -109 +230
-460 -339 +287
-760 -666 +690
-783 -532 +824
-794 -456 +880
-806 -242 +960
-786 -097 +881
-770 +026 +772
-714 +146 +686
-696 +197 +683
-686 +183 +694
-678 +174 +718
-683 +211 +718
-675 +308 +536
-682 +096 +848
-684 +123 +755
-693 +131 +776
-698 +134 +834
-694 +171 +787
-693 +322 +734
-692 +500 +786
-676 +592 +773
-640 +666 +677
-588 +730 +576
-559 +816 +523
-536 +756 +466
-478 +558 +466
-471 +476 +458
-446 +408 +474
-400 +268 +534
-383 +247 +544
-359 +139 +534
-326 -354 +502
-312 -379 +511
-270 -328 +598
-134 -382 +032
-133 -308 +161
-128 -454 +219
-066 -346 +496
-110 -308 +610
-112 -187 +517
-152 -168 +468
-113 -187 +375
-065 -229 +337
+044 -222 +300
+076 -125 +309
+283 +022 +502
+132 +466 +902
+135 +462 +954
+163 +547 +953
+240 +658 +918
+252 +613 +846
+264 +574 +621
+234 +364 +998
+194 +348 +882
+134 +377 +677
-018 +324 +218
-064 +238 +186
-140 +137 +127
-390 -142 +034
-487 -290 +081
-614 -486 +353
-794 -574 +172
-802 -537 +138
-805 -507 +011
-762 -164 +810
-747 -078 +752
-711 +013 +710
-654 +196 +762
-652 +225 +731
-661 +242 +703
-692 +116 +696
-691 +169 +704
-696 +323 +601
-684 +176 +028
-671 +172 +891
-682 +185 +876
-680 +126 +742
-688 +140 +795
-739 +275 +835
-726 +300 +788
-670 +396 +894
-653 +485 +808
-632 +577 +742
-602 +670 +612
-581 +742 +576
-544 +696 +508
-482 +352 +398
-455 +314 +353
-427 +276 +315
-372 +146 +292
-352 +071 +320
-328 -016 +421
-270 -056 +704
-227 +035 +924
-227 -077 +108
-228 -082 +214
-226 +011 +208
-209 -049 +297
-132 -006 +468
-127 +051 +491
-121 +125 +500
-120 +150 +480
-097 +116 +413
-084 +139 +359
+138 +164 +360
+066 +239 +349
+044 +366 +393
+048 +322 +664
+067 +496 +659
+081 +592 +591
+116 +702 +414
+144 +702 +346
+161 +599 +203
+160 +610 +918
+110 +539 +870
+046 +448 +702
-146 +196 +370
-214 +104 +397
-317 -061 +390
-542 -418 +638
-573 -380 +690
-625 -383 +729
-714 -242 +748
-714 -158 +747
-705 -099 +737
-684 +058 +806
-676 +107 +855
-670 +144 +894
-656 +184 +794
-658 +105 +784
-658 +151 +789
-656 +136 +808
-656 +142 +843
-651 +148 +808
-660 +108 +742
-661 +117 +758
-664 +157 +741
-678 +142 +780
-674 +169 +778
-673 +168 +780
-670 +138 +766
-667 +186 +782
-724 +513 +447
-737 +541 +396
-630 +508 +488
-632 +499 +491
-594 +586 +582
-512 +818 +592
-504 +829 +539
-498 +815 +526
-440 +860 +590
-454 +804 +546
-489 +711 +513
-568 +546 +526
-589 +528 +513
-609 +565 +494
-676 +626 +458
-743 +629 +569
-767 +676 +701
-744 +908 +806
-676 +020 +717
-575 +112 +561
-382 +050 +300
-355 +964 +284
-332 +799 +216
-316 +398 +106
-344 +311 +091
-387 +238 +103
-450 +140 +144
-437 +098 +159
-432 +065 +280
-364 -040 +508
-367 -092 +535
-333 -164 +611
-276 -220 +834
-224 -213 +946
-212 -230 +050
-130 -358 +326
-143 -350 +303
-100 -182 +434
-080 -114 +706
-058 -122 +661
-016 -092 +614
+082 -130 +628
+125 -058 +564
+171 +016 +497
+234 +076 +462
+250 +097 +424
+249 +172 +383
+228 +262 +358
+226 +262 +344
+211 +314 +295
+160 +416 +208
+147 +470 +222
+124 +499 +128
+058 +404 +030
+021 +422 +946
-034 +401 +914
-166 +356 +848
-192 +378 +779
-235 +338 +760
-326 +354 +726
-350 +305 +694
-391 +285 +651
-506 +252 +534
-544 +227 +562
-594 +160 +559
-654 +186 +598
-678 +173 +536
-714 +117 +523
-810 -028 +554
-818 -022 +582
-818 +008 +634
-804 +112 +722
-802 +153 +707
-794 +193 +686
-810 +226 +602
-811 +226 +616
-811 +245 +622
-780 +256 +594
-778 +278 +576
-771 +289 +568
-778 +492 +682
-834 +226 +484
-799 +315 +608
-804 +202 +454
-801 +190 +492
-800 +254 +573
-790 +188 +586
-793 +186 +577
-754 +504 +595
-737 +711 +652
-642 +778 +542
-595 +662 +472
-531 +552 +371
-442 +346 +038
-407 +320 +085
-389 +310 +159
-322 +142 +324
-327 +032 +317
-296 -069 +347
-170 -080 +526
-135 -101 +655
-084 -215 +875
-072 -462 +190
-081 -514 +371
-094 -589 +564
-092 -616 +724
-020 -528 +765
+059 -503 +814
+270 -408 +628
+323 -361 +649
+393 -309 +617
+536 -052 +416
+526 +046 +494
+518 +203 +558
+434 +506 +482
+414 +535 +466
+391 +539 +412
+322 +438 +198
+291 +477 +034
+220 +522 +930
+074 +476 +740
+027 +410 +721
-042 +346 +649
-194 +268 +544
-249 +262 +437
-336 +285 +406
-506 +212 +440
-537 +146 +478
-594 +086 +443
-696 +126 +342
-737 +102 +396
-768 +070 +468
-850 +018 +620
-866 +019 +619
-872 +013 +643
-884 +034 +618
-879 +079 +632
-882 +134 +597
-874 +160 +634
-870 +149 +628
-853 +168 +588
-822 +270 +544
-801 +302 +529
-822 +265 +508
-852 +176 +540
-836 +219 +585
-831 +173 +619
-810 +236 +550
-811 +216 +533
-812 +245 +504
-834 +401 +428
-809 +551 +468
-760 +686 +514
-737 +665 +481
-702 +620 +451
-626 +456 +340
-596 +400 +294
-547 +281 +242
-520 +106 +064
-488 +142 +045
-421 +157 +175
-322 +022 +472
-277 -096 +504
-245 -224 +591
-124 -410 +904
-075 -349 +043
-055 -256 +284
-076 -008 +676
-071 -009 +711
-043 -102 +701
+102 -174 +694
+159 -188 +792
+271 -161 +814
+490 +020 +834
+561 +020 +832
+651 +168 +752
+650 +852 +528
+572 +835 +533
+512 +755 +476
+388 +476 +202
+356 +514 +112
+305 +553 +951
+190 +562 +696
+117 +516 +602
+020 +412 +548
-224 +332 +356
-253 +365 +341
-335 +301 +233
-528 +252 +142
-602 +162 +237
-682 +110 +291
-784 +028 +344
-819 +028 +396
-844 +048 +361
-930 -078 +580
-934 -059 +554
-919 +052 +530
-912 +130 +536
-909 +162 +562
-893 +212 +553
-852 +172 +508
-830 +202 +468
-824 +282 +344
-860 +164 +524
-874 +275 +615
-885 +219 +527
-864 +240 +472
-872 +200 +552
-869 +202 +511
-852 +288 +526
-841 +233 +493
-844 +196 +526
-830 +232 +481
-822 +310 +528
-825 +331 +579
-790 +439 +614
-740 +668 +488
-735 +691 +432
-686 +737 +432
-538 +602 +492
-487 +489 +425
-397 +394 +214
-204 +264 -084
-191 +124 -036
-182 +002 +126
-076 -296 +632
-106 -404 +920
-132 -448 +220
-160 -310 +598
-161 -145 +713
-174 -067 +670
-168 -114 +834
-132 -094 +915
-058 -016 +839
+120 +096 +630
+187 +084 +736
+281 +236 +692
+392 +512 +908
+383 +550 +891
+357 +559 +705
+308 +634 +288
+281 +668 +234
+253 +634 +139
+128 +640 +604
+046 +562 +542
-056 +537 +429
-278 +526 +306
-325 +495 +294
-381 +431 +286
-476 +296 +154
-508 +217 +134
-574 +186 +194
-708 +254 +240
-737 +176 +293
-804 +030 +325
-956 -064 +384
-974 -082 +414
-980 -097 +473
-972 +054 +462
-969 +121 +430
-954 +155 +485
-900 +286 +558
-882 +383 +417
-883 +445 +414
-892 +242 +540
-916 -024 +494
-899 +024 +444
-880 +166 +478
-882 +184 +479
-876 +286 +490
-834 +478 +476
-817 +448 +431
-834 +355 +512
-872 +274 +526
-868 +291 +475
-880 +224 +476
-852 +354 +456
-855 +336 +417
-856 +294 +454
-849 +321 +434
-857 +379 +343
-834 +628 +482
-811 +680 +517
-791 +645 +523
-764 +396 +542
-765 +368 +495
-680 +441 +405
-454 +488 +154
-436 +353 +053
-418 +148 -048
-336 -022 +046
-294 +066 +221
-269 +018 +552
-262 -244 +918
-225 -215 +953
-206 -184 +145
-166 -090 +744
-172 -037 +759
-147 +028 +724
-058 -102 +666
-004 -096 +729
+082 -020 +787
+290 +202 +896
+386 +303 +962
+484 +485 +814
+572 +696 +602
+561 +695 +521
+515 +790 +367
+318 +710 +248
+309 +694 +169
+267 +727 +871
+106 +602 +562
+050 +538 +485
-044 +456 +350
-262 +356 +260
-307 +387 +254
-396 +372 +237
-586 +258 +224
-614 +212 +227
-659 +205 +274
-744 +160 +350
-787 +113 +399
-805 +108 +462
-920 +088 +492
-924 +049 +549
-934 +013 +547
-924 +102 +548
-916 +124 +558
-895 +172 +587
-876 +252 +570
-859 +272 +551
-844 +276 +496
-818 +326 +460
-820 +312 +462
-800 +332 +546
-856 +120 +514
-845 +146 +466
-841 +179 +520
-846 +228 +564
-833 +287 +452
-830 +259 +495
-826 +258 +564
-821 +266 +518
-825 +302 +567
-832 +200 +434
-831 +198 +535
-778 +270 +403
-792 +436 +632
-772 +460 +572
-734 +539 +468
-664 +528 +446
-676 +470 +553
-665 +430 +588
-644 +266 +534
-633 +252 +463
-609 +239 +425
-598 +274 +386
-578 +250 +420
-576 +173 +419
-560 +102 +546
-527 +121 +711
-513 +088 +763
-468 -030 +986
-435 -033 +980
-369 -041 +960
-284 -178 +026
-269 -180 +979
-237 -201 +030
-154 -130 +256
-118 -098 +320
-084 -162 +294
+052 -194 +668
+093 -172 +605
+163 -145 +541
+320 -028 +550
+336 +057 +595
+348 +121 +651
+354 +308 +626
+340 +337 +639
+327 +390 +510
+268 +390 +404
+262 +395 +315
+232 +441 +181
+102 +512 +928
+069 +533 +852
+005 +532 +688
-220 +482 +494
-264 +433 +472
-332 +428 +441
-434 +488 +310
-458 +526 +309
-514 +457 +243
-646 +252 +252
-674 +203 +315
-705 +181 +323
-774 +192 +286
-797 +154 +327
-820 +126 +402
-864 +098 +516
-875 +138 +531
-891 +149 +518
-904 +166 +540
-895 +191 +545
-895 +171 +514
-892 +120 +448
-855 +292 +548
-890 +205 +540
-858 +454 +130
-858 +353 +290
-867 +251 +430
-858 +200 +450
-858 +218 +446
-835 +355 +552
-812 +404 +642
-794 +428 +718
-791 +429 +626
-786 +414 +558
-762 +412 +504
-755 +509 +497
-709 +720 +493
-570 +840 +384
-543 +683 +326
-522 +490 +227
-456 +138 +060
-457 +094 +001
-425 +032 +026
-338 -150 +406
-319 -207 +565
-286 -271 +733
-200 -386 +954
-175 -535 +896
-190 -616 +923
-194 -486 +334
-179 -391 +262
-118 -374 +400
-034 -530 +850
+009 -576 +703
+152 -545 +661
+466 -406 +822
+511 -243 +809
+529 -073 +661
+534 +116 +630
+520 +230 +585
+494 +371 +580
+414 +610 +948
+350 +620 +160
+346 +589 +284
+278 +618 +948
+217 +649 +888
+128 +624 +815
-126 +452 +634
-184 +450 +503
-264 +489 +433
-372 +606 +462
-387 +569 +442
-418 +475 +370
-520 +254 +210
-569 +249 +186
-639 +222 +184
-734 +258 +438
-757 +261 +418
-777 +218 +377
-852 +118 +364
-851 +151 +469
-861 +110 +464
-890 +032 +476
-887 +086 +465
-901 +105 +459
-928 +116 +478
-915 +150 +485
-896 +245 +448
-858 +570 +636
-879 +371 +650
-895 +215 +567
-882 +238 +464
-870 +252 +516
-857 +249 +513
-846 +240 +458
-846 +191 +450
-847 +227 +469
-876 +324 +476
-845 +375 +427
-780 +400 +395
-850 +408 +592
-827 +430 +552
-802 +453 +504
-752 +528 +404
-708 +708 +394
-633 +845 +382
-528 +568 +368
-520 +417 +355
-527 +205 +314
-476 +040 +188
-434 +082 +190
-380 +042 +247
-272 -136 +564
-258 -129 +636
-191 -122 +639
+020 -152 +746
+072 -088 +848
+107 -072 +157
+182 -226 +778
+170 -274 +816
+203 -315 +713
+346 -514 +750
+419 -405 +731
+507 -334 +532
+716 -232 +376
+766 -205 +421
+835 -129 +386
+908 +182 +500
+867 +207 +664
+848 +261 +599
+740 +380 +458
+721 +312 +475
+673 +367 +342
+508 +408 +178
+477 +442 +068
+401 +449 +956
+188 +462 +650
+111 +439 +746
+048 +426 +666
-148 +268 +536
-212 +236 +441
-293 +187 +369
-502 +132 +252
-552 +069 +309
-631 -050 +297
-784 -164 +366
-809 -130 +402
-844 -113 +466
-912 -174 +578
-923 -162 +550
-937 -107 +507
-918 +102 +586
-914 +163 +582
-896 +214 +559
-848 +262 +484
-844 +275 +466
-847 +246 +423
-852 +228 +424
-865 +331 +546
-857 +298 +271
-860 +382 +714
-865 +299 +534
-852 +278 +460
-898 +272 +571
-873 +273 +507
-852 +394 +584
-819 +411 +502
-806 +388 +472
-786 +460 +412
-756 +559 +352
-709 +577 +322
-646 +396 +198
-614 +288 +165
-558 +176 +127
-418 +048 +128
-365 +078 +228
-314 +017 +401
-236 -254 +638
-212 -308 +701
-174 -347 +933
-124 -320 +526
-147 -228 +643
-171 -128 +746
-220 -204 +746
-194 -284 +634
-134 -350 +524
+034 -496 +292
+100 -587 +337
+190 -282 +279
+210 +294 +678
+182 +242 +762
+146 +177 +777
+082 +122 +838
+082 +161 +680
+058 +184 +466
-016 +208 +152
-039 +184 +122
-077 +168 +049
-180 +134 +876
-179 +196 +868
-185 +279 +793
-240 +340 +590
-276 +266 +551
-358 +199 +471
-534 +138 +326
-552 +133 +323
-618 +123 +263
-754 -048 +260
-805 -153 +245
-859 -257 +304
-946 -242 +470
-948 -139 +459
-957 -067 +454
-950 +068 +516
-935 +114 +564
-923 +126 +538
-890 +160 +528
-890 +165 +516
-603 +271 +726
-612 +255 +668
-606 +258 +606
-620 +232 +634
-626 +209 +642
-604 +148 +670
-597 +120 +679
-574 +122 +659
-548 +102 +586
-532 +059 +587
-505 -005 +620
-420 -004 +720
-389 +051 +729
-363 +019 +786
-276 +026 +870
-240 +099 +929
-180 +284 +995
-094 +436 +008
-068 +425 +028
-039 +431 +063
+034 +422 +182
+036 +358 +175
+080 +401 +195
+134 +514 +198
+156 +616 +221
+145 +649 +220
+102 +654 +042
+098 +642 +033
+094 +611 +992
+114 +564 +974
+117 +525 +964
+127 +518 +974
+150 +442 +034
+163 +401 +046
+176 +345 +068
+180 +312 +000
+185 +314 +977
+189 +286 +035
+218 +226 +140
+214 +141 +105
+187 +059 +084
+142 +090 +050
+148 +093 +036
+139 +036 +036
+090 -054 +086
+083 -051 +077
+060 -059 +033
+022 -130 +000
+009 -139 +027
+001 -090 +088
-014 +048 +158
-024 +014 +134
-026 +050 +112
-014 +160 +122
-019 +106 +122
-022 +054 +083
-028 +014 +998
-022 +037 +001
-009 +050 +976
-010 -022 +038
-014 -030 +077
-017 +005 +049
-040 +326 +306
-043 +257 +206
-059 +143 +133
-082 -050 +002
-080 +015 +979
-064 +137 +969
-032 +280 +090
-037 +192 +074
-032 +186 +059
-022 +292 +090
-037 +246 +065
-045 +276 +035
-066 +238 +068
-073 +225 +038
-071 +195 +982
-054 +184 +986
-062 +190 +106
-064 +127 +078
-084 +280 +952
-063 +268 +978
-087 +228 +909
-084 +248 +050
-080 +256 +066
-077 +270 +001
-683 +433 +657
-693 +524 +515
-754 +412 +630
-752 +376 +657
-732 +376 +626
-704 +340 +606
-714 +312 +601
-723 +300 +565
-710 +272 +546
-720 +220 +601
-723 +220 +655
-710 +244 +642
-691 +221 +616
-676 +240 +639
-628 +266 +698
-622 +214 +674
-632 +164 +624
-642 +164 +526
-642 +184 +538
-631 +168 +561
-624 +166 +564
-605 +182 +585
-574 +176 +643
-524 +216 +698
-482 +242 +685
-446 +246 +698
-366 +284 +784
-334 +350 +807
-343 +256 +828
-344 +164 +964
-304 +230 +045
-262 +364 +109
-236 +412 +076
-212 +413 +050
-185 +438 +059
-122 +462 +148
-087 +531 +166
-072 +541 +123
-070 +508 +058
-063 +523 +105
-054 +500 +116
-024 +388 +038
-018 +347 +019
-009 +322 +015
+014 +310 +112
+006 +260 +094
-007 +190 +035
-010 +178 +998
+009 +248 +019
+036 +296 +030
+086 +394 +974
+093 +348 +979
+104 +318 +067
+138 +326 +152
+120 +270 +054
+111 +260 +977
+118 +240 +088
+123 +216 +061
+117 +128 +065
+146 +022 +014
+129 +101 +065
+106 +107 +037
+088 -032 +092
+095 -015 +122
+114 +029 +114
+082 +022 +038
+067 +003 +061
+044 -023 +073
+012 -068 +146
+001 -067 +105
-011 -009 +094
-024 +136 +074
-020 +156 +070
+000 +214 +061
+018 +256 +042
+019 +220 +024
+014 +166 +033
-012 +090 +098
-015 +073 +087
-017 +129 +085
+002 +280 +030
-003 +238 +031
-013 +205 +068
-026 +100 +068
-038 +069 +055
-042 +094 +062
-028 +196 +048
-036 +179 +078
-053 +163 +120
-096 +128 +084
-095 +113 +015
-099 +109 +973
-112 +084 +984
-120 +087 +992
-107 +373 +116
-178 +330 +116
-181 +211 +000
-179 +188 +919
-214 +278 +812
-201 +165 +935
-192 +209 +952
-146 +286 +998
-153 +283 +998
-181 +230 +981
-610 +223 +489
-631 +201 +569
-662 +220 +848
-644 +248 +744
-644 +264 +653
-652 +310 +666
-650 +329 +708
-670 +343 +749
-722 +394 +784
-686 +450 +767
-654 +510 +770
-566 +516 +742
-571 +435 +681
-573 +334 +601
-556 +136 +472
-548 +109 +494
-534 +113 +505
-492 +196 +512
-483 +187 +550
-433 +176 +624
-410 +014 +918
-359 +064 +736
-293 +289 +549
-210 +468 +770
-198 +417 +868
-166 +417 +986
-098 +448 +118
-082 +480 +137
-042 +595 +192
-020 +624 +034
-019 +578 +047
-024 +565 +118
+032 +578 +170
+018 +493 +179
+032 +511 +189
+058 +614 +158
+064 +584 +111
+065 +520 +098
+086 +450 +120
+082 +406 +094
+080 +387 +063
+080 +364 +038
+079 +364 +019
+092 +337 +050
+112 +210 +108
+103 +217 +070
+074 +206 +021
+046 +176 +960
+042 +191 +978
+053 +186 +010
+088 +164 +046
+106 +179 +047
+109 +186 +971
+060 +104 +880
+048 +089 +948
+045 +073 +014
+050 +068 +152
+059 +105 +166
+084 +140 +136
+090 +068 +158
+069 +013 +152
+045 +000 +080
+030 +104 +964
+053 +157 +019
+063 +144 +051
+070 +056 +078
+059 +045 +073
+046 +036 +051
+000 -012 +054
+002 +010 +083
+001 +037 +141
+002 +112 +184
-002 +126 +131
-004 +155 +046
-010 +192 +982
-015 +200 +014
-020 +224 +015
-032 +264 +976
-033 +256 +005
-036 +255 +040
-046 +224 +042
-042 +195 +035
-046 +155 +040
-054 +122 +026
-068 +110 +018
-068 +127 +997
-050 +302 +044
-092 +342 +865
-088 +353 +862
-080 +194 +224
-091 +091 +126
-059 +179 +048
-114 +168 +088
-113 +164 +099
-586 +522 +944
-600 +564 +977
-596 +626 +084
-575 +582 +001
-564 +475 +785
-572 +220 +500
-567 +162 +612
-550 +143 +708
-508 +214 +798
-511 +246 +793
-527 +226 +775
-536 +218 +570
-533 +247 +485
-530 +285 +484
-510 +350 +648
-517 +323 +703
-534 +294 +714
-558 +376 +648
-576 +386 +583
-614 +333 +526
-610 +268 +558
-580 +286 +604
-572 +312 +678
-526 +264 +718
-520 +202 +694
-508 +194 +679
-490 +280 +680
-475 +267 +695
-462 +227 +702
-368 +332 +822
-365 +375 +926
-334 +480 +997
-330 +524 +794
-322 +507 +780
-305 +469 +796
-246 +446 +878
-239 +415 +903
-207 +401 +965
-118 +432 +152
-104 +473 +145
-094 +547 +130
-120 +604 +200
-117 +623 +210
-097 +627 +067
-024 +540 +878
-009 +566 +936
-006 +506 +955
-018 +320 +998
-007 +406 +028
+018 +419 +997
+014 +236 +984
+000 +317 +994
-012 +430 +989
-032 +552 +938
-024 +512 +941
-003 +444 +960
+038 +304 +024
+037 +279 +031
+038 +252 +022
+036 +222 +986
+018 +154 +038
+010 +180 +017
+040 +352 +888
+047 +294 +955
+036 +258 +026
+030 +288 +084
+042 +261 +064
+064 +242 +049
+086 +198 +020
+076 +226 +004
+060 +204 +016
+014 +104 +080
+013 +090 +092
+010 +078 +082
+006 +102 +028
+011 +130 +041
+013 +141 +061
+008 +080 +100
+009 +106 +113
+007 +155 +098
+006 +208 +048
+001 +191 +046
+004 +191 +035
+014 +172 +036
+015 +184 +038
+011 +192 +057
-018 +116 +130
-014 +121 +110
-008 +116 +087
-014 +082 +036
-014 +114 +026
-006 +168 +035
-006 +142 +110
-013 +126 +093
-007 +143 +047
-004 +176 +006
-010 +165 +055
-012 +140 +059
-024 +082 +082
-029 +085 +117
-038 +080 +100
-052 +162 +044
-050 +179 +014
-063 +159 +017
-078 +156 +006
-078 +136 +990
-083 +150 +006
-006 +902 +094
-109 +597 +009
-131 +298 +033
-104 +014 +954
-106 +109 +917
-129 +058 +981
-671 +264 +844
-666 +363 +718
-624 +358 +536
-612 +267 +534
-616 +221 +557
-624 +150 +466
-626 +150 +425
-627 +217 +426
-608 +380 +564
-637 +348 +550
-662 +302 +484
-652 +274 +406
-635 +285 +463
-626 +259 +482
-620 +130 +434
-596 +133 +432
-548 +175 +498
-464 +214 +706
-442 +264 +765
-410 +317 +742
-380 +294 +622
-355 +307 +656
-327 +324 +736
-246 +286 +904
-184 +380 +977
-117 +462 +046
+006 +526 +200
-003 +551 +137
+002 +557 +070
+032 +662 +068
+040 +777 +112
+065 +799 +129
+054 +730 +992
+059 +720 +014
+053 +679 +995
+064 +608 +968
+071 +589 +965
+079 +561 +994
+088 +546 +974
+088 +544 +962
+083 +527 +937
+070 +438 +886
+066 +406 +878
+067 +376 +891
+094 +394 +978
+102 +371 +001
+117 +342 +035
+144 +288 +970
+145 +295 +965
+135 +315 +995
+118 +308 +018
+128 +311 +026
+147 +286 +099
+156 +254 +060
+138 +206 +980
+091 +085 +956
+064 +046 +050
+092 +116 +115
+106 +135 +088
+098 +082 +046
+086 +047 +046
+086 +023 +064
+068 +028 +084
+078 +013 +119
+076 +018 +122
+070 +082 +032
+072 +112 +035
+082 +144 +061
+088 +166 +016
+083 +118 +056
+074 +091 +104
+074 +162 +088
+081 +186 +042
+077 +147 +997
+084 +068 +022
+080 +094 +056
+067 +120 +066
+036 +132 +076
+027 +097 +114
+026 +040 +166
+030 +004 +170
+028 +049 +092
+001 +028 +051
-028 +166 +028
-027 +182 +982
-023 +103 +957
-042 -006 +038
-039 +051 +060
-041 +081 +060
-048 +122 +010
-049 +129 +007
-052 +143 +011
-106 +264 +918
-130 +162 +938
-104 +211 +950
-046 +330 +020
-040 +294 +026
-073 +155 +141
-373 +458 +351
-540 +466 +362
-640 +408 +368
-623 +372 +466
-634 +351 +602
-696 +364 +728
-695 +391 +675
-690 +421 +612
-632 +346 +500
-635 +269 +467
-626 +149 +467
-636 -020 +580
-572 +090 +580
-502 +182 +574
-456 +156 +602
-475 +168 +659
-450 +229 +685
-390 +296 +760
-374 +238 +741
-349 +230 +776
-298 +404 +020
-266 +442 +989
-231 +404 +923
-158 +386 +946
-118 +448 +991
-092 +483 +983
-026 +388 +988
-010 +403 +030
+009 +525 +049
+070 +056 +208
+051 +917 +121
+042 +682 +148
+096 +564 +288
+118 +624 +269
+127 +590 +157
+140 +514 +920
+147 +575 +933
+119 +517 +958
+068 +378 +968
+081 +419 +963
+115 +479 +940
+154 +556 +864
+171 +602 +882
+209 +527 +912
+182 +090 +022
+193 +126 +054
+179 +122 +055
+094 +156 +062
+114 +194 +099
+124 +217 +096
+098 +222 +082
+108 +240 +010
+092 +108 +883
+066 +058 +798
+108 +146 +983
+136 +144 +160
+130 +120 +238
+121 +154 +122
+106 +114 +066
+082 +044 +052
+079 +033 +076
+084 +088 +141
+088 +244 +136
+076 +242 +063
+073 +174 +999
+072 +022 +010
+079 -002 +092
+069 +017 +086
+014 +090 +064
+020 +140 +051
+049 +138 +027
+088 +094 +070
+094 +088 +100
+065 +122 +050
+072 +422 +032
+083 +338 +011
+069 +117 +010
+094 +008 +082
+079 +021 +059
+068 +027 +032
+008 +512 +310
+021 +242 +233
+044 +092 +961
+050 +096 +820
+057 +104 +959
+046 +242 +070
+024 +156 +634
+028 +077 +831
+055 +240 +959
+090 +520 +098
+074 +350 +088
+056 +293 +069
+094 +310 +898
+055 +197 +931
-745 +264 +670
-759 +271 +618
-710 +442 +732
-718 +373 +697
-719 +272 +623
-654 +220 +548
-642 +288 +560
-623 +292 +520
-632 +204 +450
-603 +218 +442
-568 +249 +507
-508 +256 +558
-469 +224 +569
-474 +097 +566
-418 -118 +546
-364 +011 +638
-276 +173 +796
-144 +244 +984
-134 +334 +920
-114 +448 +909
-078 +542 +026
-038 +569 +188
+035 +629 +283
+168 +630 +102
+187 +708 +068
+154 +750 +073
+108 +858 +078
+097 +822 +125
+084 +724 +108
+112 +584 +094
+129 +551 +097
+149 +517 +076
+180 +528 +922
+180 +517 +941
+179 +503 +999
+184 +386 +962
+179 +322 +939
+179 +272 +959
+194 +168 +100
+192 +132 +096
+220 +134 +153
+244 +224 +048
+216 +205 +929
+177 +154 +885
+146 +196 +060
+151 +241 +104
+152 +239 +060
+102 +104 +938
+103 +082 +966
+118 +092 +055
+138 -008 +178
+112 -040 +169
+090 +001 +160
+050 +100 +060
+044 +091 +070
+054 +116 +097
+064 +102 +078
+058 +084 +064
+039 +062 +061
+022 +036 +074
+026 +062 +052
+036 +109 +036
+052 +112 +064
+052 +109 +065
+055 +138 +043
+040 +132 +024
+041 +140 +030
+058 +165 +042
+072 +138 +074
+071 +119 +100
+061 +099 +093
+056 +136 +064
+048 +166 +038
+044 +210 +019
+036 +234 +964
+010 +398 +113
-042 +211 +018
+196 -776 -786
+076 -338 +380
+046 -179 +681
+030 +350 +888
+014 +296 +958
+000 +193 +057
+010 +302 +858
-789 +215 +615
-757 +354 +500
-738 +510 +584
-728 +380 +668
-721 +287 +675
-676 +356 +432
-668 +349 +428
-675 +309 +438
-674 +260 +496
-664 +283 +550
-659 +232 +603
-658 +098 +526
-630 +102 +493
-592 +086 +503
-512 -064 +730
-490 -099 +782
-448 -065 +672
-358 +072 +566
-342 +052 +647
-289 +101 +736
-164 +176 +836
-115 +241 +965
-056 +340 +082
+048 +692 +064
+049 +697 +998
+083 +683 +074
+166 +564 +406
+138 +617 +392
+119 +597 +331
+146 +688 +116
+135 +660 +131
+135 +601 +095
+146 +510 +020
+149 +523 +055
+142 +502 +062
+140 +430 +996
+147 +433 +986
+149 +437 +974
+138 +458 +932
+137 +419 +931
+124 +387 +952
+100 +316 +994
+111 +305 +020
+123 +276 +077
+146 +236 +104
+151 +269 +070
+145 +261 +985
+132 +202 +916
+139 +193 +932
+157 +175 +997
+146 +018 +164
+140 +013 +093
+117 +083 +064
+108 +166 +978
+102 +106 +010
+089 +062 +060
+078 +066 +092
+066 +055 +071
+056 +024 +076
+066 -062 +134
+066 -062 +102
+048 -087 +073
-004 -164 +164
+003 -073 +130
+026 +047 +070
+044 +084 +022
+047 +051 +063
+049 +043 +101
+076 +106 +230
+078 +166 +157
+054 +087 +040
+022 +038 +996
+031 +082 +049
+029 +086 +077
+040 +136 +068
+039 +170 +062
+045 +185 +020
+020 +070 +962
+005 +195 +035
-026 +088 +981
-058 -090 +990
-010 +039 +995
+000 +013 +044
+056 +278 +170
+058 +317 +878
+016 +265 +980
-014 +188 +138
-019 +128 +101
-014 +211 +025
-016 +250 +048
-017 +207 +034
-012 +183 +026
-034 +172 +006
-036 +174 +998
-038 +184 +026
-014 +162 +056
-017 +178 +037
-020 +172 +044
-006 +156 +114
-009 +132 +073
-755 +176 +580
-741 +413 +505
-650 +686 +614
-624 +521 +601
-607 +402 +670
-552 +532 +784
-569 +495 +698
-574 +431 +592
-580 +266 +476
-575 +203 +481
-561 +068 +462
-492 -250 +390
-452 -264 +441
-358 -166 +547
-126 +090 +940
-088 +174 +052
-054 +209 +119
-080 +094 +126
-044 +196 +145
-009 +343 +166
+060 +480 +106
+074 +451 +145
+095 +453 +132
+144 +450 +176
+144 +626 +312
+153 +525 +290
+096 +324 +020
+101 +355 +063
+157 +445 +125
+276 +656 +030
+271 +661 +977
+268 +605 +995
+252 +494 +132
+253 +436 +084
+222 +298 +992
+142 +112 +068
+140 +194 +123
+156 +312 +063
+198 +394 +942
+208 +307 +006
+206 +204 +042
+214 +078 +040
+207 +105 +987
+204 +096 +955
+160 +060 +990
+147 +091 +995
+130 +098 +972
+084 +074 +998
+093 +048 +027
+101 +005 +095
+110 -028 +168
+098 -014 +121
+092 +010 +102
+088 +052 +188
+084 +031 +159
+072 +026 +124
+054 +050 +050
+055 +034 +083
+048 +008 +101
+028 -046 +088
+015 +000 +060
+010 +052 +068
+062 +056 +166
+062 +056 +142
+055 +099 +076
+040 +142 +992
+034 +123 +019
+027 +097 +037
+008 +078 +008
+005 +111 +999
+013 +124 +035
-008 +020 +020
-008 +050 +012
+003 +113 +022
+030 +212 +994
+030 +233 +989
+031 +310 +033
-022 +192 +902
-021 +163 +896
-001 +244 +966
+102 +264 +310
+053 +273 +188
+035 +274 +042
+016 +198 +018
+008 +262 +985
+018 +269 +988
+010 +196 +038
-555 +477 +729
-589 +509 +675
-622 +486 +664
-645 +414 +643
-656 +344 +599
-654 +306 +506
-630 +306 +514
-613 +326 +610
-580 +298 +730
-582 +272 +726
-588 +229 +660
-566 +272 +566
-556 +268 +576
-557 +222 +575
-556 +130 +576
-534 +139 +590
-499 +147 +581
-414 +052 +562
-377 +075 +616
-326 +195 +658
-304 +438 +786
-276 +398 +821
-237 +329 +847
-098 +350 +944
-051 +418 +015
-002 +493 +093
+092 +632 +150
+116 +689 +126
+130 +811 +214
+106 +908 +186
+090 +878 +169
+081 +822 +165
+082 +650 +016
+085 +590 +968
+096 +518 +928
+142 +438 +926
+146 +459 +966
+151 +465 +986
+148 +402 +932
+152 +374 +943
+156 +366 +911
+152 +282 +974
+154 +280 +005
+165 +261 +025
+192 +274 +094
+188 +272 +074
+181 +230 +072
+152 +132 +110
+143 +110 +098
+127 +079 +112
+064 -008 +112
+068 +036 +076
+063 +070 +083
+038 +040 +156
+030 +030 +149
+021 +057 +116
+016 +176 +046
+027 +217 +050
+030 +235 +029
-002 +140 +082
+003 +138 +026
+002 +175 +000
-008 +242 +094
-014 +273 +095
-016 +265 +058
-024 +120 +036
-014 +175 +005
-007 +320 +064
-018 +144 +936
-030 +086 +929
-024 +104 +916
-014 +124 +082
-013 +180 +097
-016 +269 +007
-048 +106 +060
-055 +145 +047
-635 +444 +473
-595 +541 +572
-594 +416 +818
-627 +328 +876
-615 +270 +974
-570 +280 +178
-556 +272 +189
-539 +285 +146
-496 +332 +892
-514 +242 +832
-531 +188 +793
-536 +126 +878
-533 +087 +772
-528 +071 +586
-508 +132 +480
-504 +133 +593
-495 +089 +695
-458 +002 +622
-425 -015 +603
-388 -027 +654
-304 +108 +720
-265 +197 +745
-228 +244 +744
-156 +264 +914
-131 +282 +985
-077 +305 +028
+022 +350 +130
+070 +417 +099
+125 +520 +134
+168 +704 +154
+197 +703 +232
+206 +680 +197
+184 +690 +144
+176 +721 +144
+176 +725 +096
+158 +542 +932
+164 +469 +955
+176 +452 +001
+210 +498 +040
+221 +497 +025
+230 +485 +026
+240 +318 +906
+242 +274 +900
+241 +259 +972
+228 +190 +066
+227 +176 +028
+232 +169 +029
+224 +102 +064
+208 +056 +045
+188 +016 +047
+164 +016 +118
+156 +013 +121
+145 +004 +134
+102 -012 +124
+094 -026 +135
+089 -015 +150
+094 +042 +138
+081 +052 +135
+072 +074 +082
+032 +046 +082
+040 +029 +125
+036 +024 +127
+018 +048 +136
+009 +077 +089
+725 +852 +794
+762 +602 +952
+828 +645 +986
+981 +594 +914
+076 +468 +066
+051 +406 +113
+049 +230 +161
+096 -302 +896
+097 -343 +875
+073 -429 +981
+030 -426 +248
+020 -362 +322
+059 -271 +337
+004 -258 +188
+955 -166 +192
+875 -032 +170
+674 +118 +138
+604 +130 +153
+546 +149 +149
+364 +080 +944
+276 +080 +895
+159 +105 +836
-086 +236 +808
-134 +212 +738
-222 +173 +658
-370 +246 +648
-402 +287 +610
-448 +317 +567
-536 +346 +404
-559 +352 +390
-580 +372 +425
-602 +456 +442
-622 +433 +456
-638 +413 +444
-668 +510 +472
-683 +472 +426
-687 +462 +454
-682 +584 +414
-685 +559 +433
-684 +571 +473
-678 +814 +394
-677 +819 +296
-618 +134 +049
-790 +208 +498
-678 +491 +809
-732 +543 +793
-860 +230 +376
-811 +433 +263
-804 +477 +441
-776 +504 +134
-775 +448 +211
-772 +425 +353
-770 +494 +314
-794 +514 +398
-759 +556 +355
-706 +774 +522
-706 +755 +582
-719 +635 +679
-776 +170 +718
-781 +049 +592
-764 -101 +515
-718 -476 +548
-683 -516 +524
-582 -467 +525
-264 -036 +614
-192 +163 +555
-096 +403 +529
+106 +748 +566
+149 +737 +608
+220 +697 +683
+468 +562 +780
+529 +519 +783
+638 +386 +879
+908 +064 +002
+917 -120 +120
+930 -297 +170
+924 -470 +458
+928 -445 +424
+949 -476 +514
+034 -392 +534
+077 -345 +452
+087 -351 +393
+016 -482 +372
+941 -515 +389
+846 -507 +423
+726 -200 +390
+709 -035 +379
+601 -052 +215
+324 +034 +868
+235 +056 +782
+104 +078 +688
-174 +094 +414
-233 +092 +468
-313 +101 +522
-454 +154 +444
-489 +190 +418
-528 +259 +391
-612 +360 +392
-616 +401 +431
-629 +429 +419
-680 +392 +434
-680 +420 +473
-671 +471 +470
-660 +672 +460
-651 +654 +456
-678 +585 +437
-738 +508 +358
-750 +520 +375
-751 +611 +352
-796 +722 -122
-789 +625 +241
-793 +577 +406
-828 +370 +326
-818 +419 +397
-801 +433 +445
-788 +506 +366
-784 +481 +383
-775 +473 +382
-787 +506 +266
-724 +756 +338
-712 +775 +399
-728 +764 +585
-792 +562 +610
-819 +411 +620
-852 +215 +676
-874 -152 +698
-873 -226 +636
-845 -291 +546
-732 -386 +328
-661 -350 +315
-548 -283 +270
-248 +046 +292
-192 +315 +367
-145 +392 +366
+012 +476 +570
+088 +505 +604
+199 +522 +646
+534 +564 +900
+616 +639 +813
+700 +617 +917
+850 +506 +262
+862 +432 +279
+913 +362 +273
+938 +062 +184
+935 +012 +099
+924 -080 +104
+852 -120 +418
+905 -094 +378
+987 -117 +271
+058 -218 +094
+042 -178 +120
+012 -126 +196
+900 -054 +304
+864 -024 +255
+799 -013 +242
+626 +036 +192
+567 +112 +170
+484 +176 +144
+280 +214 +896
+231 +224 +918
+144 +245 +889
-042 +262 +752
-093 +236 +662
-187 +200 +484
-424 +248 +272
-461 +304 +304
-511 +324 +270
-604 +400 +232
-620 +396 +267
-628 +471 +361
-644 +548 +348
-650 +532 +373
-654 +582 +405
-708 +458 +356
-707 +487 +410
-717 +499 +415
-604 +486 +184
-694 +891 +325
-766 +671 +346
-812 +490 +494
-806 +439 +472
-795 +443 +441
-790 +428 +552
-736 +550 +389
-734 +543 +203
-714 +618 +120
-681 +639 +244
-658 +677 +560
-688 +672 +996
-710 +611 +915
-748 +452 +812
-812 +018 +652
-820 -065 +628
-814 -159 +578
-800 -346 +450
-765 -342 +368
-680 -332 +320
-368 -110 +396
-243 +016 +409
-063 +229 +428
+264 +504 +384
+357 +589 +505
+430 +762 +584
+412 +772 +670
+535 +758 +845
+681 +679 +983
+954 +418 +158
+975 +517 +056
+971 +441 +085
+982 +046 +034
+977 +066 +128
+957 +078 +195
+038 -040 +024
+052 -075 +071
+062 -099 +171
+122 -026 +356
+151 +021 +373
+143 -049 +408
+042 -160 +484
+968 -088 +463
+882 +014 +420
+704 +156 +130
+610 +113 +030
+474 +115 +936
+162 +078 +740
+073 +139 +652
-066 +190 +502
-370 +152 +192
-425 +184 +289
-474 +267 +414
-550 +318 +360
-577 +278 +352
-604 +322 +354
-668 +324 +322
-667 +408 +367
-662 +378 +341
-648 +444 +444
-627 +458 +424
-640 +455 +450
-716 +482 +464
-739 +537 +386
-719 +804 +286
-864 +552 +522
-850 +546 +338
-842 +569 +559
-828 +452 +406
-802 +503 +338
-784 +457 +443
-791 +517 +400
-787 +556 +318
-756 +754 +402
-760 +759 +449
-776 +676 +500
-812 +364 +570
-825 +185 +573
-820 -027 +556
-748 -310 +390
-686 -309 +313
-571 -312 +294
-232 -052 +362
-120 +126 +397
+040 +364 +403
+424 +012 +290
+481 +902 +341
+625 +786 +513
+752 +582 +098
+800 +666 +204
+840 +599 +309
+866 +130 +214
+870 +110 +286
+830 +090 +293
+774 +122 +174
+802 +128 +131
+861 +145 +244
+952 -036 +210
+002 -079 +248
+035 -151 +345
+110 -052 +734
+090 -047 +714
+024 -031 +608
+828 +086 +396
+768 +091 +320
+668 +071 +178
+376 -002 +858
+293 +045 +796
+162 +095 +688
-130 +224 +420
-204 +182 +355
-293 +195 +322
-454 +306 +396
-472 +385 +376
-501 +430 +294
-586 +438 +334
-602 +461 +324
-631 +456 +333
-670 +552 +408
-667 +522 +421
-652 +393 +420
-686 +576 +550
-701 +503 +652
-718 +457 +587
-720 +534 +416
-724 +578 +440
-684 +800 +340
-740 +376 +482
-738 +443 +586
-740 +424 +513
-742 +540 +418
-730 +524 +468
-746 +506 +498
-750 +480 +554
-748 +450 +534
-736 +454 +549
-736 +412 +626
-742 +415 +564
-742 +480 +556
-767 +408 +552
-774 +408 +557
-742 +680 +550
-749 +653 +594
-776 +529 +643
-830 +036 +656
-815 -092 +598
-789 -236 +496
-658 -440 +184
-585 -426 +204
-460 -405 +279
-138 -180 +430
-015 +023 +426
+103 +310 +575
+274 +688 +844
+291 +711 +890
+366 +693 +993
+548 +300 +158
+598 +246 +204
+642 +240 +220
+726 +100 +282
+731 +099 +315
+761 +015 +295
+804 -140 +116
+816 -124 +117
+833 -134 +205
+898 -232 +384
+948 -285 +421
+994 -385 +391
+982 -456 +494
+945 -393 +497
+894 -273 +548
+846 -078 +478
+808 -063 +402
+710 -087 +310
+458 -078 +030
+385 -006 +985
+254 +005 +817
-062 +022 +508
-131 +059 +449
-224 +054 +392
-386 +220 +372
-413 +282 +357
-453 +390 +344
-538 +458 +226
-545 +460 +317
-558 +484 +363
-596 +560 +476
-606 +568 +492
-611 +596 +517
-618 +548 +592
-632 +515 +681
-572 +731 +772
-694 +332 +604
-718 +291 +625
-717 +355 +598
-678 +340 +558
-668 +352 +569
-676 +458 +529
-675 +546 +557
-654 +570 +590
-665 +520 +639
-695 +398 +692
-754 +134 +702
-746 +083 +654
-727 +015 +598
-598 -102 +442
-551 -117 +396
-497 -128 +357
-278 +054 +268
-170 +174 +260
+000 +350 +307
+374 +430 +498
+511 +471 +647
+643 +386 +817
+914 +344 +186
+944 +397 +371
+911 +406 +409
+928 +428 +488
+810 +354 +432
+831 +135 +393
+822 +004 +216
+828 +022 +328
+847 +066 +243
+866 -038 +168
+889 -077 +123
+891 -053 +207
+884 -008 +250
+848 -016 +336
+814 +052 +365
+656 +016 +286
+590 +017 +181
+477 -051 +094
+236 +154 +990
+199 +192 +966
+117 +172 +896
-032 +142 +720
-070 +181 +683
-118 +210 +620
-228 +336 +510
-245 +382 +517
-271 +391 +508
-310 +484 +574
-316 +570 +613
-326 +623 +653
-344 +664 +654
-354 +670 +659
-362 +688 +645
-394 +678 +658
-402 +701 +668
-419 +674 +655
-464 +550 +620
-479 +507 +615
-499 +578 +789
-522 +442 +686
-535 +487 +582
-542 +490 +560
-738 +302 +392
-694 +463 +547
-690 +622 +414
-700 +476 +678
-730 +354 +738
-786 -014 +784
-765 -093 +744
-720 -161 +712
-546 -258 +618
-443 -172 +586
-301 -037 +502
+004 +398 +446
+055 +454 +465
+128 +536 +521
+296 +542 +682
+370 +495 +734
+494 +529 +815
+764 +368 +038
+795 +315 +250
+833 +274 +315
+862 +290 +414
+842 +217 +455
+787 +096 +400
+728 -116 +932
+693 -210 +952
+697 -255 +978
+830 -146 +228
+858 -204 +292
+891 -274 +434
+934 -330 +642
+904 -257 +606
+835 -203 +509
+690 +006 +242
+637 +006 +188
+555 -007 +126
+350 +100 +016
+295 +137 +964
+188 +139 +882
-050 +110 +628
-102 +145 +614
-185 +153 +586
-346 +204 +492
-375 +256 +492
-415 +282 +441
-500 +338 +402
-512 +364 +429
-532 +385 +474
-550 +524 +588
-566 +479 +581
-579 +493 +609
-610 +496 +580
-597 +546 +586
-563 +830 +652
-660 +350 +746
-690 +272 +706
-702 +300 +628
-646 +686 +572
-677 +503 +567
-679 +453 +606
-725 +436 +638
-763 +338 +556
-622 +678 +674
-603 +762 +675
-607 +825 +660
-668 +660 +766
-715 +457 +741
-753 +213 +764
-830 -230 +824
-818 -293 +789
-797 -353 +677
-722 -404 +430
-681 -353 +397
-610 -281 +374
-444 -098 +432
-385 -059 +444
-274 +024 +464
-032 +382 +516
+017 +483 +613
+084 +609 +706
+252 +654 +832
+314 +558 +860
+404 +553 +949
+522 +486 +026
+549 +437 +116
+596 +399 +159
+652 +196 +186
+652 +082 +188
+679 +062 +181
+686 -102 +244
+713 -066 +253
+754 -066 +242
+894 -170 +178
+933 -190 +200
+959 -221 +258
+008 -280 +346
+979 -264 +387
+931 -207 +369
+790 -062 +324
+756 -016 +309
+700 +045 +227
+506 +034 +040
+449 +056 +022
+358 +082 +988
+128 +142 +896
+073 +158 +816
-019 +167 +749
-222 +206 +622
-271 +193 +588
-326 +227 +560
-440 +280 +460
-466 +258 +429
-495 +237 +475
-538 +272 +580
-543 +323 +572
-550 +396 +559
-584 +488 +542
-582 +496 +546
-579 +469 +521
-590 +428 +492
-573 +674 +449
-619 +685 +501
-700 +508 +496
-711 +515 +653
-719 +434 +652
-724 +320 +474
-720 +393 +611
-311 +170 +974
-373 +228 +885
-494 +428 +872
-510 +379 +867
-505 +326 +796
-534 +094 +554
-575 +067 +441
-645 -016 +352
-778 -324 +548
-778 -428 +659
-810 -278 +621
-648 +016 +556
-591 +042 +469
-473 -012 +456
-244 -096 +578
-194 -186 +815
-135 -114 +951
-006 +220 +976
+049 +213 +937
+129 +198 +852
+232 +202 +130
+280 +178 +068
+312 +069 +253
+274 -266 +728
+279 -232 +807
+297 -026 +720
+300 +272 +348
+270 +192 +211
+230 +081 +059
+176 -112 +736
+158 -146 +652
+158 -183 +540
+198 -264 +578
+220 -212 +711
+256 -108 +953
+292 +156 +568
+291 +182 +571
+299 +146 +459
+312 +120 +124
+297 +118 +054
+280 +065 +976
+224 -154 +836
+200 -249 +799
+194 -249 +796
+242 -192 +772
+256 -075 +862
+278 -020 +980
+296 +012 +214
+284 +054 +247
+258 +036 +266
+206 -044 +278
+222 -048 +255
+265 -058 +064
+350 +012 +540
+352 -040 +601
+345 -127 +715
+358 -132 +938
+364 -062 +061
+354 +017 +233
+354 +184 +432
+370 +099 +278
+378 +051 +094
+334 +012 +788
+306 -065 +816
+289 -207 +784
+300 -184 +778
+310 -119 +847
+298 -054 +998
+276 -006 +306
+269 -067 +312
+282 -120 +298
+302 -184 +146
+271 -208 +096
+249 -198 +996
+222 -076 +712
+231 -061 +665
+264 -050 +617
+334 +150 +712
+331 +090 +950
+314 -033 +267
+280 -242 +592
+276 -190 +497
+273 -165 +314
+236 -168 +984
+205 -189 +952
+194 -157 +920
+216 -054 +744
+257 -006 +666
+334 -009 +613
+480 -166 +752
+490 -263 +800
+499 -319 +912
+506 -306 +222
+433 -259 +264
+369 -202 +265
+296 -038 +294
+292 +005 +398
+288 +083 +569
+452 +130 +534
+441 +008 +327
+447 -093 +105
+404 +066 +618
+378 +184 +602
+326 +210 +639
+168 -022 +694
+135 -103 +675
+075 -259 +712
-050 -628 +844
-059 -623 +883
-035 -637 +988
+026 -416 +166
+030 -465 +158
+059 -463 +118
+148 -462 +074
+167 -319 +113
+199 -202 +145
+328 +022 +138
+401 +205 +062
+479 +452 +996
+548 +718 +162
+540 +563 +204
+508 +396 +167
+406 +064 +996
+369 +066 +021
+305 +067 +088
+218 -044 +142
+179 -082 +272
+135 -187 +457
+042 -456 +474
+032 -343 +468
+074 -117 +384
+146 +464 +970
+163 +457 +853
+127 +450 +513
+042 +298 +272
+010 +214 +439
-037 +075 +571
-158 -380 +624
-193 -466 +682
-239 -591 +791
-304 -906 +930
-273 -845 +004
-200 -753 +089
-022 -552 +304
+059 -323 +364
+125 +096 +421
+234 +730 +384
+232 +823 +321
+241 +867 +239
+254 +660 +898
+254 +537 +806
+259 +306 +796
+210 -284 +808
+170 -420 +846
+115 -520 +911
+000 -692 +016
-004 -714 +049
-012 -766 +061
+034 -566 +062
+040 -533 +022
+079 -556 +021
+130 -560 +100
+176 -493 +087
+221 -440 +067
+258 -270 +132
+240 -297 +109
+235 -340 +059
+320 -290 +128
+322 -195 +171
+362 -152 +202
+360 +152 +302
+336 +213 +417
+285 +259 +545
+228 +226 +572
+209 +121 +445
+143 -005 +297
+010 -080 +906
-044 -085 +787
-103 -136 +750
-216 -068 +850
-239 +007 +803
-267 -065 +746
-360 -184 +572
-385 -343 +513
-373 -470 +460
-308 -442 +452
-243 -392 +506
-140 -423 +552
+062 -250 +768
+115 -047 +940
+180 +025 +098
+306 +304 +418
+321 +203 +337
+361 +346 +410
+416 +612 +518
+433 +494 +521
+446 +274 +478
+410 -072 +414
+381 -141 +357
+317 -242 +263
+170 -516 +162
+107 -563 +212
+051 -589 +281
-044 -558 +298
-039 -511 +307
-043 -452 +232
-088 -362 +144
-109 -306 +108
-109 -223 +010
-156 -024 +646
-200 -016 +552
-236 +015 +514
-278 +212 +404
-261 +294 +354
-235 +276 +279
-124 +102 +342
-088 +038 +482
+008 -050 +620
+160 -088 +182
+210 -100 +129
+297 -128 +094
+484 -236 +150
+499 -231 +282
+495 -321 +267
+460 -464 +388
+463 -451 +200
+483 -442 +047
+506 -438 +064
+516 -463 +022
+532 -467 +916
+592 -470 +882
+598 -479 +971
+603 -463 +109
+652 -532 +932
+628 -524 +852
+584 -525 +798
+476 -560 +762
+458 -569 +762
+425 -570 +755
+338 -548 +766
+304 -519 +818
+288 -494 +825
+368 -486 +772
+369 -434 +809
+400 -344 +750
+486 -200 +672
+528 -272 +540
+573 -293 +485
+654 -262 +404
+678 -285 +442
+705 -286 +657
+736 -288 +992
+735 -369 +065
+735 -460 +125
+740 -626 +152
+729 -571 +085
+744 -566 +903
+694 -630 +746
+679 -622 +767
+654 -631 +754
+592 -624 +690
+562 -575 +818
+531 -504 +789
+454 -338 +780
+427 -296 +742
+393 -259 +774
+358 -258 +822
+337 -279 +924
+315 -310 +007
+244 -360 +154
+233 -374 +163
+212 -335 +105
+126 -368 +958
+120 -399 +878
+107 -285 +889
+078 +086 +096
+069 +049 +122
+056 -030 +138
+006 -078 +158
-008 -073 +107
-031 -061 +060
-084 -022 +034
-102 +030 +048
-117 +042 +061
-142 +240 +096
-159 +208 +091
-178 +287 +149
-202 +348 +040
-212 +421 +997
-233 +446 +869
-318 +410 +602
-345 +377 +687
-381 +325 +698
-472 +004 +760
-500 -008 +769
-546 -045 +824
-628 -200 +708
-646 -212 +720
-672 -212 +707
-692 -194 +732
-676 -117 +719
-661 -066 +701
-640 -108 +678
-661 -125 +766
-694 -169 +804
-814 -398 +722
-866 -530 +680
-865 -489 +675
-802 -108 +826
-791 -104 +836
-767 -065 +840
-710 +038 +742
-740 +019 +762
-764 -041 +734
-816 -036 +618
-813 -034 +592
-808 -032 +520
-776 -152 +280
-769 -194 +144
-777 -353 +017
-776 -568 +060
-756 -589 +147
-699 -591 +286
-588 -502 +612
-580 -428 +654
-547 -384 +697
-496 -312 +796
-477 -291 +825
-447 -264 +825
-390 -188 +020
-400 -202 +016
-395 -183 +106
-332 -154 +020
-331 -071 +091
-340 -019 +057
-326 -142 +934
-337 -140 +010
-332 -150 +047
-322 -250 +992
-321 -263 +007
-301 -258 +973
-226 -246 +918
-213 -252 +904
-177 -259 +941
-044 -258 +940
-018 -250 +982
+032 -256 +021
+150 -372 +076
+168 -370 +100
+194 -422 +190
+232 -762 +218
+224 -798 +177
+241 -751 +142
+252 -692 +034
+215 -767 +983
+130 -839 +964
-104 -840 +000
-093 -825 +971
-124 -774 +918
-198 -700 +840
-200 -665 +843
-223 -686 +848
-276 -752 +854
-267 -717 +826
-276 -677 +795
-276 -608 +788
-292 -612 +810
-295 -584 +817
-308 -598 +784
-301 -609 +713
-286 -558 +629
-264 -376 +688
-272 -359 +725
-278 -331 +765
-280 -240 +858
-278 -213 +880
-281 -141 +901
-300 -022 +900
-318 -001 +940
-351 -020 +952
-406 -076 +128
-407 -041 +136
-410 +000 +178
-418 +086 +244
-421 +102 +200
-441 +039 +141
-458 -014 +984
-439 +078 +936
-439 +345 +965
-406 +548 +006
-397 +506 +944
-420 +508 +868
-494 +326 +814
-518 +291 +787
-535 +273 +761
-564 +134 +744
-564 +107 +721
-566 +051 +758
-594 +002 +824
-599 -051 +789
-625 -150 +732
-718 -340 +654
-732 -371 +635
-752 -396 +632
-756 -394 +582
-751 -401 +535
-742 -441 +415
-736 -472 -046
-728 -507 -038
-753 -596 +133
-760 -616 +374
-727 -518 +284
-667 -440 +151
-568 -558 +356
-474 -520 +470
-379 -454 +567
-184 -382 +536
-138 -477 +588
-059 -563 +617
+114 -792 +972
+139 -772 +139
+173 -709 +251
+244 -516 +134
+265 -693 +986
+297 -808 +906
+350 -780 +880
+367 -766 +866
+394 -675 +880
+448 -492 +986
+438 -472 +027
+450 -428 +999
+430 -428 +160
+438 -465 +134
+441 -570 +169
+364 -906 +320
+376 -986 +291
+442 -972 +164
+436 -914 +862
+447 -905 +762
+384 -954 +674
+228 -082 +648
+321 +755 +886
+346 +932 +040
+318 +839 +964
+306 +751 +815
+326 +690 +462
+339 +649 +376
+305 +523 +302
+202 +336 +066
+174 +373 +031
+105 +351 +016
-058 +288 +930
-095 +290 +905
-129 +309 +843
-242 +306 +668
-240 +263 +592
-255 +173 +429
-362 +014 +140
-391 +060 +109
-405 +135 +091
-444 +172 +164
-454 +135 +173
-423 +216 +196
-338 +352 +472
-321 +305 +593
-279 +398 +643
-178 +380 +726
-174 +394 +817
-100 +436 +845
+002 +282 +976
+051 +322 +984
+075 +267 +029
+166 +232 +138
+198 +294 +194
+258 +390 +253
+306 +402 +446
+314 +384 +523
+310 +409 +582
+298 +498 +660
+303 +521 +646
+311 +585 +716
+326 +698 +560
+333 +637 +490
+322 +550 +408
+280 +426 +202
+261 +410 +147
+218 +380 +086
+112 +252 +936
+065 +246 +888
-006 +194 +832
-158 +162 +674
-198 +150 +673
-238 +169 +679
-336 +208 +660
-378 +200 +647
-402 +226 +612
-482 +210 +588
-486 +227 +574
-503 +218 +599
-546 +208 +610
-552 +263 +596
-563 +321 +627
-576 +418 +816
-582 +412 +789
-585 +412 +758
-588 +420 +738
-595 +431 +739
-605 +415 +738
-620 +396 +700
-602 +409 +738
-611 +389 +761
-604 +336 +734
-598 +352 +758
-598 +329 +779
-640 +196 +812
-622 +312 +761
-642 +363 +774
-608 +318 +758
-603 +345 +718
-733 +648 +472
-710 +617 +456
-610 +530 +338
-576 +532 +238
-528 +476 +141
-380 +326 -010
-329 +323 +040
-258 +296 +103
-128 +272 +204
-101 +189 +277
-070 +225 +401
+014 +118 +764
+043 +216 +892
+135 +319 +978
+272 +342 +510
+315 +403 +623
+288 +445 +738
+278 +596 +796
+273 +637 +855
+279 +688 +927
+270 +702 +788
+267 +703 +676
+269 +684 +550
+256 +676 +320
+251 +668 +324
+229 +606 +252
+152 +504 +096
+110 +440 +090
+063 +385 +040
-066 +288 +830
-098 +283 +784
-160 +247 +634
-266 +300 +496
-300 +255 +439
-343 +253 +384
-444 +254 +248
-452 +276 +254
-448 +331 +246
-392 +354 +206
-393 +249 +239
-358 +186 +222
-294 +250 +098
-264 +245 +205
-239 +269 +341
-150 +294 +604
-125 +292 +706
-097 +304 +787
+038 +468 +874
+079 +435 +959
+127 +453 +986
+276 +734 +006
+338 +727 +215
+341 +720 +407
+458 +868 +474
+456 +873 +543
+451 +843 +690
+420 +706 +746
+414 +679 +710
+404 +700 +585
+408 +742 +350
+389 +678 +313
+349 +624 +206
+260 +558 +964
+232 +476 +983
+181 +417 +967
+072 +270 +742
+023 +240 +744
-070 +158 +741
-172 +286 +696
-216 +243 +698
-267 +213 +659
-380 +062 +544
-404 +093 +512
-422 +070 +513
-456 +190 +606
-453 +273 +675
-474 +358 +665
-498 +500 +620
-500 +512 +617
-512 +513 +700
-526 +462 +766
-534 +482 +760
-539 +494 +784
-548 +480 +820
-545 +440 +812
-550 +418 +794
-518 +600 +552
-527 +497 +712
-515 +391 +760
-520 +282 +764
-548 +325 +789
-576 +355 +781
-544 +386 +822
-559 +359 +780
-566 +325 +756
-572 +346 +766
-786 +468 +550
-739 +557 +564
-656 +602 +578
-616 +564 +507
-582 +477 +349
-480 +358 -062
-425 +256 -126
-322 +203 -014
-116 +086 +236
-087 +148 +230
-012 +204 +256
+126 -004 +748
+150 +013 +835
+221 +037 +988
+388 +318 +492
+404 +338 +558
+444 +372 +596
+470 +410 +712
+482 +446 +792
+493 +511 +846
+492 +510 +906
+499 +484 +819
+498 +471 +735
+498 +482 +434
+495 +480 +417
+468 +490 +346
+404 +466 +330
+370 +393 +253
+320 +344 +195
+104 +184 +978
+065 +166 +908
+024 +188 +844
-106 +090 +736
-115 +134 +723
-142 +112 +664
-228 +082 +530
-249 +080 +483
-278 +111 +403
-326 +264 +198
-350 +218 +195
-380 +106 +208
-356 +174 +146
-312 +259 +170
-259 +258 +242
-104 +230 +468
-043 +259 +579
+024 +268 +758
+184 +176 +918
+223 +183 +036
+291 +203 +085
+432 +222 +444
+469 +255 +470
+468 +197 +587
+480 +238 +504
+498 +312 +516
+510 +338 +598
+522 +382 +674
+526 +410 +650
+520 +372 +634
+522 +400 +538
+522 +394 +492
+505 +351 +412
+430 +146 +132
+392 +118 +176
+336 +110 +153
+208 +122 +080
+171 +081 +054
+104 +062 +013
-026 +030 +798
-091 +028 +794
-154 +028 +773
-296 +060 +712
-330 +063 +649
-380 +046 +603
-482 +028 +472
-494 +029 +470
-511 +042 +465
-546 +126 +522
-554 +188 +516
-573 +234 +601
-584 +378 +684
-594 +337 +755
-600 +311 +764
-622 +282 +834
-624 +266 +820
-633 +271 +805
-628 +266 +826
-630 +231 +828
-638 +211 +805
-644 +140 +780
-644 +153 +795
-637 +176 +789
-626 +606 +476
-631 +423 +659
-636 +274 +713
-610 +126 +716
-616 +192 +726
-613 +229 +741
-638 +224 +752
-629 +234 +762
-629 +270 +772
-616 +326 +814
-610 +322 +792
-666 +489 +621
-559 +503 +473
-506 +286 -150
-424 +243 -196
-284 +321 -126
+022 +400 +042
+043 +259 +077
+073 +137 +323
+244 +514 +920
+234 +447 +101
+244 +389 +175
+268 +376 +526
+285 +433 +576
+323 +584 +617
+374 +610 +754
+362 +596 +834
+377 +667 +869
+378 +756 +918
+393 +847 +902
+405 +752 +737
+360 +514 +478
+323 +491 +407
+300 +511 +287
+220 +350 +096
+173 +268 +033
+118 +197 +876
-032 +076 +480
-100 +014 +434
-169 -005 +393
-308 +002 +248
-331 +047 +189
-353 +090 +168
-382 +160 +138
-382 +132 +166
-354 +170 +196
-230 +360 +264
-186 +368 +302
-122 +346 +380
+004 +176 +794
+002 +155 +861
+090 +316 +914
+162 +316 +248
+239 +447 +226
+265 +403 +411
+328 +478 +502
+340 +489 +526
+371 +528 +591
+420 +504 +746
+420 +480 +734
+422 +440 +702
+366 +436 +578
+358 +441 +470
+334 +405 +402
+324 +412 +224
+316 +379 +226
+277 +337 +205
+200 +260 +078
+161 +251 +032
+098 +225 +989
-058 +144 +864
-091 +203 +757
-146 +197 +700
-258 +184 +630
-293 +191 +614
-327 +204 +585
-416 +212 +596
-418 +236 +582
-456 +226 +615
-484 +258 +632
-483 +323 +637
-491 +317 +713
-496 +398 +824
-499 +376 +832
-527 +330 +838
-532 +400 +752
-520 +432 +796
-529 +401 +851
-534 +368 +806
-538 +362 +800
-545 +343 +814
-518 +446 +558
-525 +447 +708
-540 +350 +818
-524 +288 +744
-533 +306 +792
-538 +299 +786
-552 +334 +736
-552 +344 +843
-553 +292 +794
-558 +290 +792
-553 +305 +804
-560 +314 +776
-544 +392 +860
-553 +349 +798
-679 +585 +539
-687 +701 +574
-578 +604 +564
-543 +556 +426
-446 +551 +231
-298 +464 -036
-239 +390 -025
-145 +284 +008
-020 +004 +166
-004 +006 +285
+058 +174 +516
+110 +264 +050
+135 +223 +208
+204 +280 +226
+378 +422 +576
+389 +413 +661
+425 +427 +684
+460 +452 +820
+474 +506 +827
+488 +503 +909
+434 +440 +788
+431 +467 +632
+414 +460 +480
+362 +374 +340
+334 +355 +355
+285 +329 +319
+170 +328 +132
+148 +334 +082
+091 +320 +986
-020 +272 +720
-053 +297 +682
-114 +256 +615
-254 +258 +492
-276 +271 +435
-308 +270 +349
-368 +206 +128
-364 +239 +099
-359 +220 +121
-338 +184 +238
-324 +170 +252
-281 +222 +318
-168 +240 +496
-118 +275 +611
-062 +312 +747
+020 +270 +000
+073 +321 +990
+109 +293 +110
+216 +476 +118
+231 +403 +192
+270 +393 +145
+366 +472 +278
+378 +439 +382
+405 +442 +476
+430 +430 +724
+444 +465 +770
+452 +516 +807
+448 +646 +628
+440 +595 +510
+419 +518 +424
+346 +336 +280
+327 +320 +215
+274 +267 +132
+144 +146 +016
+113 +147 +984
+054 +129 +920
-056 +136 +808
-108 +119 +789
-166 +121 +765
-292 +154 +628
-310 +148 +649
-348 +138 +648
-398 +096 +660
-432 +089 +625
-448 +109 +596
-500 +224 +718
-500 +251 +711
-500 +295 +729
-518 +346 +816
-519 +385 +829
-518 +400 +844
-526 +396 +864
-533 +369 +833
-536 +342 +835
-540 +294 +846
-535 +307 +857
-527 +329 +835
-496 +334 +688
-516 +326 +770
-519 +283 +828
-540 +254 +928
-535 +306 +850
-544 +311 +847
-528 +344 +842
-531 +310 +813
-623 +549 +449
-564 +564 +335
-446 +414 +194
-389 +395 +145
-322 +419 +131
-232 +256 +214
-240 +140 +306
-213 +131 +360
-148 +134 +828
-100 +181 +871
-053 +161 +030
+118 +506 +058
+151 +484 +277
+159 +472 +565
+174 +578 +586
+198 +591 +632
+218 +649 +674
+310 +720 +728
+287 +684 +782
+269 +638 +714
+236 +528 +522
+230 +552 +494
+208 +481 +413
+154 +422 +232
+132 +348 +207
+090 +326 +084
-032 +242 +870
-081 +207 +852
-147 +204 +781
-262 +242 +532
-309 +193 +481
-362 +156 +410
-442 +100 +196
-449 +135 +141
-440 +160 +071
-400 +196 -026
-386 +178 +001
-341 +215 +053
-228 +320 +220
-237 +273 +351
-189 +245 +436
-038 +134 +584
-021 +115 +745
+041 +237 +884
+134 +326 +278
+140 +288 +335
+137 +309 +464
+208 +406 +594
+200 +439 +686
+225 +477 +771
+238 +514 +810
+240 +496 +772
+240 +507 +768
+284 +654 +584
+286 +598 +500
+309 +521 +466
+294 +370 +294
+276 +340 +275
+238 +297 +225
+128 +194 +122
+093 +173 +039
+022 +131 +940
-156 +100 +762
-189 +081 +731
-230 +082 +720
-360 +046 +602
-384 +054 +587
-437 +041 +579
-514 +062 +506
-519 +050 +510
-528 +094 +479
-554 +278 +532
-565 +306 +595
-576 +383 +655
-570 +524 +788
-571 +507 +758
-576 +462 +736
-606 +340 +706
-601 +336 +724
-627 +412 +826
-646 +374 +702
-620 +331 +738
-606 +320 +755
-612 +318 +852
-609 +343 +786
-619 +299 +810
-594 +364 +746
-646 +563 +545
-663 +583 +424
-472 +440 +278
-420 +420 +205
-381 +379 +124
-248 +186 +188
-221 +241 +233
-156 +288 +317
-094 +176 +602
-089 +088 +640
-066 +052 +655
+094 +326 +020
+154 +338 +113
+246 +313 +219
+366 +132 +656
+396 +262 +728
+425 +306 +757
+444 +596 +920
+451 +716 +980
+449 +741 +003
+476 +788 +590
+475 +719 +530
+474 +598 +492
+438 +328 +360
+422 +274 +268
+359 +205 +152
+172 +092 +004
+125 +126 +006
+060 +148 +926
-082 +176 +692
-121 +166 +673
-202 +127 +610
-370 +100 +446
-406 +139 +410
-444 +204 +375
-478 +318 +292
-483 +260 +296
-455 +248 +218
-434 +140 +150
-411 +167 +168
-365 +255 +235
-264 +420 +410
-266 +317 +517
-246 +221 +620
-182 +154 +696
-157 +066 +714
-104 +014 +723
+070 +060 +984
+131 +052 +068
+210 +083 +216
+306 +156 +586
+319 +187 +571
+371 +271 +625
+386 +256 +806
+398 +322 +808
+412 +337 +857
+372 +302 +866
+382 +355 +818
+406 +417 +671
+428 +422 +512
+407 +365 +463
+374 +279 +397
+248 +138 +140
+224 +149 +082
+164 +114 +043
+036 +082 +868
-018 +108 +795
-086 +108 +684
-292 +104 +546
-332 +105 +524
-391 +160 +475
-466 +248 +420
-507 +222 +435
-538 +170 +456
-604 +122 +482
-582 +193 +484
-583 +291 +600
-594 +410 +652
-597 +426 +665
-598 +450 +687
-632 +392 +738
-621 +395 +745
-616 +405 +721
-614 +350 +702
-629 +347 +714
-572 +531 +537
-638 +388 +716
-632 +324 +716
-633 +335 +683
-640 +346 +720
-642 +365 +737
-640 +364 +711
-636 +336 +760
-663 +586 +526
-635 +600 +532
-590 +444 +414
-568 +393 +299
-522 +337 +120
-318 +306 +126
-251 +274 +137
-183 +263 +166
-064 +156 +202
-049 +203 +363
+034 +339 +441
+176 +322 +082
+225 +285 +035
+277 +132 +192
+444 +102 +636
+424 +138 +824
+393 +277 +932
+338 +582 +040
+347 +653 +024
+356 +664 +997
+394 +570 +698
+423 +501 +567
+412 +450 +514
+410 +466 +314
+364 +409 +293
+306 +329 +247
+186 +252 +986
+114 +200 +977
+033 +202 +890
-172 +122 +714
-213 +131 +657
-271 +122 +555
-406 +154 +358
-413 +146 +317
-423 +149 +314
-406 +178 +244
-420 +202 +195
-427 +190 +139
-434 +236 +142
-424 +232 +183
-383 +299 +274
-306 +264 +408
-271 +258 +481
-207 +297 +569
-104 +230 +012
-097 +294 +049
-061 +311 +091
+022 +296 +102
+032 +198 +174
+077 +268 +158
+218 +260 +274
+206 +141 +265
+236 +123 +272
+252 +096 +324
+302 +172 +376
+309 +178 +483
+370 +348 +668
+376 +314 +797
+380 +361 +870
+420 +472 +702
+409 +399 +659
+389 +315 +559
+318 +160 +264
+300 +171 +191
+258 +140 +132
+132 +094 +972
+095 +080 +908
+021 +064 +854
-124 +076 +714
-178 +067 +700
-232 +080 +652
-366 +174 +610
-388 +140 +594
-433 +136 +568
-494 +140 +490
-504 +155 +488
-519 +166 +536
-558 +302 +634
-565 +345 +664
-570 +414 +662
-566 +532 +712
-576 +499 +734
-587 +420 +703
-600 +254 +780
-591 +275 +789
-598 +378 +779
-608 +226 +852
-593 +265 +810
-581 +355 +782
-584 +336 +742
-579 +325 +767
-580 +324 +745
-636 +505 +638
-636 +573 +561
-592 +388 +490
-567 +367 +393
-529 +318 +256
-372 +256 +056
-300 +246 +089
-237 +219 +112
-042 +202 +210
+019 +189 +284
+086 +128 +455
+364 +342 +790
+365 +259 +937
+456 +214 +023
+536 +060 +520
+580 +243 +627
+600 +388 +701
+654 +600 +860
+664 +639 +947
+660 +605 +994
+634 +466 +938
+630 +464 +763
+628 +482 +626
+644 +448 +378
+608 +381 +405
+563 +269 +382
+390 +100 +186
+332 +121 +140
+240 +114 +091
+032 +122 +958
+005 +192 +842
-042 +208 +783
-190 +098 +618
-227 +113 +548
-270 +165 +452
-378 +126 +250
-397 +140 +212
-402 +163 +155
-424 +202 +080
-430 +179 +091
-424 +156 +158
-364 +140 +308
-322 +203 +381
-282 +205 +439
-194 +154 +720
-178 +162 +752
-125 +221 +774
+018 +206 +750
+062 +155 +853
+095 +104 +002
+246 +282 +134
+293 +272 +177
+342 +166 +297
+378 +160 +442
+435 +259 +467
+451 +287 +548
+518 +472 +756
+525 +480 +746
+543 +472 +808
+538 +404 +752
+551 +404 +665
+551 +436 +592
+566 +392 +382
+523 +313 +326
+458 +171 +305
+248 -024 +218
+231 +018 +175
+193 +072 +146
+106 +068 +006
+046 +046 +909
-018 +003 +798
-204 -068 +566
-236 -028 +555
-290 +013 +548
-390 +084 +480
-408 +038 +441
-419 +011 +400
-426 +188 +458
-430 +296 +525
-444 +304 +596
-458 +476 +770
-467 +465 +788
-498 +406 +857
-542 +328 +874
-549 +294 +872
-551 +247 +889
-564 +204 +914
-547 +234 +917
-509 +379 +905
-536 +278 +956
-595 +130 +894
-563 +206 +898
-524 +102 +764
-535 +171 +811
-545 +229 +792
-548 +238 +768
-544 +338 +723
-551 +279 +796
-530 +348 +756
-612 +843 +646
-609 +731 +726
-588 +626 +614
-535 +651 +425
-478 +511 +218
-278 +126 -204
-191 +119 -313
-085 +150 -222
+084 +042 +180
+111 -018 +324
+176 +052 +603
+270 +150 +074
+291 +130 +101
+368 +176 +156
+480 +298 +582
+497 +253 +750
+507 +335 +873
+538 +450 +984
+524 +484 +012
+530 +569 +009
+486 +448 +798
+478 +427 +730
+470 +417 +666
+456 +378 +476
+437 +312 +468
+386 +283 +339
+238 +210 +160
+187 +208 +116
+124 +162 +017
-066 +136 +760
-113 +138 +713
-163 +164 +582
-258 +198 +314
-299 +115 +311
-328 +107 +285
-346 +142 +126
-344 +155 +117
-331 +158 +072
-340 +086 +146
-333 +109 +213
-270 +190 +283
-182 +066 +270
-135 +060 +336
-075 +058 +461
+102 +210 +834
+126 +155 +911
+194 +173 +005
+288 +128 +332
+370 +235 +471
+388 +304 +614
+430 +376 +718
+417 +354 +699
+412 +335 +766
+440 +382 +902
+440 +395 +926
+448 +413 +861
+468 +428 +486
+462 +365 +466
+442 +316 +466
+410 +242 +352
+389 +246 +298
+341 +171 +259
+234 +060 +134
+184 +050 +055
+131 +046 +937
+002 +070 +738
-049 +039 +719
-108 +027 +679
-244 +048 +612
-288 +047 +607
-324 +096 +598
-426 +118 +590
-441 +096 +584
-468 +062 +576
-502 +124 +612
-504 +176 +642
-507 +259 +739
-512 +406 +896
-521 +404 +860
-506 +395 +859
-524 +268 +830
-521 +284 +823
-535 +274 +827
-572 +202 +834
-566 +204 +854
-565 +225 +885
-544 +276 +872
-526 +279 +885
-537 +339 +774
-560 +194 +836
-560 +221 +833
-562 +218 +823
-554 +250 +754
-553 +298 +775
-559 +482 +538
-540 +516 +357
-434 +378 +218
-367 +370 +155
-290 +325 +076
-110 +122 +082
-060 +160 +125
+020 +149 +227
+114 -084 +592
+175 -164 +645
+302 -045 +851
+568 +318 +456
+567 +395 +647
+563 +494 +842
+516 +682 +040
+533 +762 +040
+573 +772 +040
+572 +400 +040
+580 +418 +806
+590 +438 +595
+562 +372 +290
+540 +316 +194
+444 +215 +154
+250 +188 +996
+204 +255 +955
+126 +264 +966
-038 +258 +860
-065 +266 +789
-130 +212 +709
-282 +034 +390
-308 +072 +282
-347 +111 +142
-408 +084 -044
-413 +100 -071
-403 +097 -007
-342 +022 +110
-307 +064 +158
-244 +145 +289
-134 +286 +696
-108 +167 +636
-048 +202 +727
+080 +100 +946
+155 +269 +018
+207 +264 +116
+324 +304 +370
+336 +305 +452
+362 +428 +560
+382 +520 +846
+392 +661 +877
+404 +704 +870
+414 +564 +772
+407 +491 +648
+402 +442 +531
+354 +346 +384
+353 +350 +330
+326 +306 +310
+252 +202 +202
+231 +210 +168
+193 +171 +117
+074 +134 +932
+033 +090 +941
-018 +111 +866
-088 +154 +736
-139 +128 +704
-204 +085 +693
-356 +054 +706
-387 +064 +688
-430 +055 +678
-470 +100 +578
-484 +069 +614
-881 +207 +504
-870 +248 +440
-881 +249 +442
-871 +279 +471
-872 +362 +530
-874 +369 +445
-905 +224 +504
-900 +208 +382
-885 +211 +445
-876 +179 +428
-872 +180 +424
-871 +222 +441
-873 +239 +473
-893 +226 +558
-876 +283 +471
-870 +212 +486
-867 +231 +484
-867 +254 +509
-850 +328 +556
-840 +368 +583
-813 +440 +526
-726 +580 +344
-678 +560 +307
-619 +443 +282
-516 +144 +166
-495 +119 +157
-459 +123 +118
-350 +016 +330
-334 -041 +412
-290 -092 +553
-156 -158 +612
-162 -316 +676
-141 -455 +859
-052 -616 +362
-042 -652 +524
-013 -639 +687
+048 -754 +688
+141 -651 +729
+218 -638 +819
+404 -548 +726
+434 -443 +862
+454 -211 +930
+428 +038 +862
+426 -006 +830
+428 +087 +633
+362 +392 +158
+299 +429 +117
+213 +411 +978
-006 +370 +634
-055 +410 +589
-146 +383 +503
-334 +312 +518
-353 +335 +510
-395 +300 +404
-510 +182 +232
-561 +155 +214
-614 +153 +243
-738 +100 +354
-759 +103 +430
-809 +061 +391
-880 +122 +444
-897 +095 +479
-932 +073 +497
-950 +060 +480
-930 +087 +510
-918 +119 +509
-908 +190 +466
-897 +225 +475
-886 +283 +448
-876 +298 +412
-858 +297 +449
-854 +296 +460
-798 +566 +618
-831 +346 +514
-854 +256 +488
-852 +208 +442
-856 +224 +469
-923 +187 +440
-921 +187 +488
-866 +420 +722
-821 +504 +628
-777 +523 +460
-658 +514 +306
-586 +565 +284
-509 +553 +206
-380 +366 +000
-370 +327 -003
-319 +264 -047
-162 -166 +412
-152 -373 +668
-146 -509 +846
-052 -514 +858
-009 -559 +889
-007 -704 +946
+148 -622 +404
+168 -574 +469
+208 -665 +597
+306 -914 +766
+385 -854 +759
+464 -804 +778
+670 -540 +872
+707 -359 +819
+701 -175 +831
+656 -028 +514
+634 -061 +499
+609 +022 +506
+538 +394 +308
+491 +400 +214
+404 +442 +028
+214 +516 +738
+152 +479 +730
+035 +360 +642
-212 +206 +506
-244 +237 +458
-306 +244 +352
-488 +170 +154
-537 +111 +217
-588 +088 +387
-734 +020 +546
-773 +002 +612
-819 -034 +670
-928 -152 +628
-922 -144 +643
-909 -097 +633
-874 +064 +606
-864 +096 +598
-843 +156 +590
-826 +236 +432
-829 +214 +420
-823 +221 +459
-848 +174 +540
-850 +143 +583
-844 +153 +558
-846 +200 +478
-834 +208 +491
-824 +231 +533
-892 +311 +533
-864 +356 +433
-816 +302 +622
-823 +314 +622
-817 +347 +537
-802 +466 +454
-791 +510 +457
-769 +539 +402
-768 +418 +226
-755 +306 +270
-719 +167 +379
-604 +084 +428
-578 +084 +278
-553 +119 +321
-520 +230 +350
-475 +183 +448
-412 +076 +573
-282 -014 +850
-258 -050 +828
-202 -080 +958
-132 -148 +086
-125 -231 +087
-126 -305 +177
-040 -268 +560
+002 -269 +620
+079 -326 +735
+326 -406 +802
+458 -419 +634
+565 -287 +704
+650 +272 +040
+602 +422 +040
+568 +527 +005
+564 +690 +634
+574 +691 +554
+540 +618 +279
+286 +244 +780
+219 +310 +761
+152 +497 +639
+004 +694 +532
-058 +630 +522
-146 +530 +390
-380 +262 +330
-434 +210 +287
-520 +158 +247
-668 +068 +256
-691 +025 +325
-712 +038 +356
-762 +166 +340
-803 +149 +358
-862 +053 +426
-946 +014 +480
-943 +058 +441
-934 +123 +416
-948 +258 +442
-933 +261 +415
-915 +248 +447
-886 +220 +500
-893 +187 +433
-892 +210 +453
-890 +208 +576
-886 +203 +511
-877 +186 +515
-836 +190 +442
-898 +224 +459
-853 +299 +595
-810 +380 +560
-815 +330 +522
-808 +314 +556
-746 +446 +528
-727 +476 +486
-688 +474 +423
-614 +368 +258
-583 +300 +288
-544 +193 +258
-434 +070 +166
-373 +024 +205
-315 -026 +257
-182 -040 +320
-135 -079 +539
-099 -115 +909
-094 -142 +718
-093 -134 +662
-064 -145 +562
-024 -182 +602
-007 -188 +637
+041 -337 +695
+216 -464 +818
+295 -394 +845
+405 -429 +943
+734 -044 +974
+743 +031 +976
+748 +072 +923
+656 +386 +566
+621 +510 +397
+546 +570 +152
+274 +544 +964
+251 +508 +867
+149 +472 +692
-104 +280 +546
-137 +199 +495
-189 +197 +430
-314 +220 +256
-400 +214 +205
-494 +179 +247
-708 +038 +392
-731 -050 +450
-770 -040 +457
-850 +024 +494
-887 -010 +484
-915 +042 +575
-958 +016 +582
-949 +034 +576
-930 +026 +560
-902 +058 +522
-893 +117 +492
-890 +159 +448
-844 +490 +358
-838 +497 +450
-838 +395 +364
-894 +184 +482
-893 +198 +456
-883 +194 +441
-874 +194 +504
-870 +227 +515
-856 +242 +529
-855 +398 +442
-858 +336 +483
-856 +244 +528
-838 +253 +523
-829 +262 +512
-804 +460 +570
-729 +590 +537
-616 +646 +451
-428 +512 +152
-401 +361 +119
-368 +169 +064
-262 +008 +086
-244 +010 +234
-222 -122 +365
-134 -432 +854
-123 -503 +069
-099 -496 +207
-126 -362 +636
-121 -341 +650
-103 -324 +776
+072 -198 +994
+147 -280 +928
+260 -395 +891
+598 -486 +704
+667 -335 +731
+686 +168 +715
+524 +898 +926
+503 +762 +916
+500 +563 +788
+442 +404 +282
+404 +419 +183
+359 +448 +989
+210 +464 +626
+126 +442 +560
+017 +434 +501
-232 +338 +338
-282 +319 +299
-382 +245 +222
-572 +050 +248
-632 +006 +210
-708 -053 +199
-810 -064 +296
-836 +001 +322
-862 +028 +325
-930 -048 +456
-951 -042 +468
-938 +010 +475
-914 +130 +500
-913 +182 +546
-908 +240 +552
-912 +238 +486
-906 +187 +521
-879 +300 +470
-864 +108 +686
-874 +074 +579
-867 +163 +492
-862 +346 +446
-861 +289 +492
-858 +281 +497
-842 +224 +508
-844 +202 +497
-848 +217 +483
-866 +226 +442
-869 +218 +476
-871 +214 +498
-860 +198 +500
-857 +198 +499
-855 +209 +534
-816 +207 +401
-818 +277 +562
-760 +534 +668
-745 +528 +602
-729 +492 +530
-596 +518 +396
-535 +529 +314
-473 +458 +174
-376 +232 -028
-356 +185 +047
-334 +055 +079
-196 -180 +230
-112 -202 +402
-030 -363 +656
+106 -718 +150
+158 -614 +314
+169 -502 +540
+124 -404 +040
+154 -387 +022
+213 -333 +995
+472 -236 +004
+553 -155 +914
+675 -160 +793
+912 +028 +956
+884 +090 +998
+862 +201 +840
+794 +478 +508
+750 +471 +414
+663 +479 +330
+492 +470 +054
+425 +438 +916
+315 +397 +728
+008 +260 +354
-069 +236 +303
-153 +295 +270
-338 +204 +328
-402 +131 +306
-505 +078 +258
-654 +132 +368
-709 +083 +348
-768 -016 +356
-916 -098 +416
-915 -080 +464
-932 -030 +486
-920 +088 +570
-914 +133 +570
-903 +164 +509
-880 +216 +394
-882 +230 +431
-873 +244 +449
-870 +290 +458
-847 +373 +600
-859 +309 +587
-858 +262 +378
-856 +227 +446
-864 +172 +544
-856 +238 +490
-873 +231 +471
-873 +236 +465
-868 +094 +544
-857 +119 +518
-849 +173 +525
-848 +194 +500
-847 +192 +489
-841 +200 +504
-850 +306 +557
-808 +357 +531
-740 +474 +630
-687 +466 +602
-653 +467 +456
-548 +528 +174
-515 +508 +185
-448 +485 +101
-278 +424 -090
-246 +273 +084
-203 +091 +263
-050 -282 +704
-052 -398 +748
-008 -492 +736
+112 -704 +070
+182 -588 +283
+225 -440 +453
+242 -340 +960
+257 -406 +906
+346 -360 +690
+588 -504 +876
+656 -618 +937
+780 -458 +901
+992 -402 +494
+001 -367 +525
+998 -209 +623
+838 +284 +584
+807 +283 +328
+716 +423 +221
+552 +366 +210
+499 +317 +083
+403 +358 +982
+140 +436 +802
+078 +347 +851
-021 +237 +840
-194 +170 +582
-216 +177 +519
-283 +157 +368
-498 +058 +276
-559 +064 +270
-643 +012 +301
-802 -054 +358
-820 -060 +432
-853 -107 +420
-884 -088 +390
-868 -030 +455
-854 +035 +490
-854 +202 +444
-876 +190 +498
-896 +188 +500
-920 +182 +376
-913 +193 +403
-891 +351 +308
-898 +062 +694
-875 +181 +705
-895 +174 +551
-902 +052 +372
-879 +151 +443
-867 +162 +452
-866 +168 +410
-882 +258 +432
-884 +296 +530
-864 +148 +596
-837 +284 +503
-816 +360 +491
-780 +458 +496
-730 +519 +470
-635 +580 +414
-504 +452 +106
-499 +355 -008
-471 +243 +022
-354 +024 +384
-320 -024 +441
-259 -112 +485
-080 -226 +642
-049 -203 +770
+009 -159 +868
+218 -012 +210
+238 -006 +411
+256 -095 +588
+344 -186 +000
+383 -182 +933
+480 -131 +856
+574 +128 +588
+626 +112 +631
+712 +045 +671
+936 +006 +996
+959 +321 +916
+922 +492 +757
+800 +666 +424
+766 +616 +426
+713 +493 +318
+538 +522 +030
+481 +481 +960
+386 +457 +869
+172 +402 +704
+100 +321 +637
-006 +251 +522
-232 +112 +334
-311 +080 +296
-423 +047 +273
-622 +022 +362
-639 +004 +364
-711 -020 +317
-840 -122 +310
-876 -113 +362
-901 -093 +345
-948 +084 +360
-936 +134 +395
-934 +167 +423
-918 +186 +494
-917 +175 +526
-937 +169 +517
-930 +140 +474
-925 +109 +464
-914 +094 +464
-876 +182 +486
-866 +272 +485
-881 +168 +572
-870 +198 +492
-879 +185 +516
-894 +164 +468
-831 +227 +467
-826 +220 +406
-840 +187 +443
-828 +255 +459
-782 +448 +470
-748 +469 +459
-690 +518 +387
-548 +480 +128
-514 +378 +074
-458 +235 -005
-272 +146 +178
-227 +115 +276
-173 -042 +415
-030 -358 +950
-065 -475 +102
-034 -540 +151
+128 -210 +634
+137 -071 +763
+144 -025 +817
+238 -030 +854
+310 -062 +819
+411 -016 +896
+658 -084 +994
+723 -095 +017
+761 +305 +962
+630 +742 +680
+588 +666 +581
+533 +607 +497
+430 +430 +098
+381 +470 +945
+301 +450 +808
+036 +424 +506
-030 +412 +550
-120 +387 +495
-278 +366 +458
-346 +297 +332
-435 +169 +240
-610 +016 +226
-635 +063 +333
-689 +049 +374
-792 +072 +254
-806 +056 +347
-843 +016 +469
-888 +002 +456
-902 +044 +484
-899 +094 +501
-902 +210 +450
-889 +224 +453
-888 +180 +495
-800 +274 +398
-842 +201 +496
-870 +141 +577
-892 +066 +460
-881 +120 +529
-878 +147 +519
-880 +076 +502
-872 +088 +530
-859 +117 +527
-846 +140 +506
-845 +121 +546
-825 +206 +618
-827 +207 +597
-804 +234 +570
-813 +228 +563
-810 +244 +536
-778 +412 +594
-768 +498 +650
-728 +570 +588
-622 +522 +386
-583 +473 +309
-541 +424 +207
-400 +318 +130
-375 +250 +156
-339 +187 +191
-212 +162 +308
-166 +054 +423
-108 -085 +630
+044 -296 +704
+074 -418 +893
+121 -371 +135
+246 -026 +752
+233 -058 +891
+236 -195 +835
+294 -304 +830
+347 -312 +782
+429 -290 +715
+600 -312 +870
+670 -300 +750
+750 -267 +677
+876 -168 +806
+875 -043 +714
+840 +189 +592
+688 +312 +470
+667 +319 +293
+597 +389 +118
+344 +626 +704
+241 +599 +690
+150 +568 +709
-096 +502 +614
-154 +506 +571
-222 +448 +474
-354 +378 +246
-394 +363 +191
-432 +344 +161
-550 +174 +102
-608 +144 +161
-661 +142 +248
-814 +014 +398
-827 -031 +415
-856 -028 +415
-868 +188 +472
-878 +185 +503
-872 +224 +590
-884 +208 +630
-888 +262 +606
-881 +293 +568
-864 +338 +468
-855 +343 +505
-841 +351 +544
-850 +126 +692
-860 +148 +687
-855 +201 +525
-836 +096 +620
-827 +175 +526
-823 +201 +550
-830 +200 +558
-836 +176 +524
-836 +139 +840
-837 +308 +564
-815 +312 +456
-790 +382 +628
-773 +376 +574
-765 +374 +520
-694 +608 +450
-622 +663 +408
-552 +662 +225
-434 +532 +050
-374 +384 +158
-331 +136 +205
-202 -088 +224
-119 -066 +340
-022 -098 +462
+214 -132 +102
+228 -184 +171
+276 -124 +483
+292 +122 +744
+300 +213 +870
+308 +268 +844
+502 +342 +900
+551 +203 +907
+679 +294 +974
+926 +484 +952
+954 +524 +714
+910 +686 +783
+950 +906 +550
+850 +826 +316
+765 +696 +284
+610 +862 +958
+518 +672 +861
+381 +661 +714
+034 +306 +362
-007 +380 +385
-116 +295 +302
-320 +256 +114
-401 +177 +078
-469 +202 +225
-642 +166 +252
-675 +143 +278
-723 +089 +356
-806 +104 +498
-838 +042 +452
-858 +069 +522
-828 +344 +450
-853 +156 +555
-879 +085 +525
-904 +144 +528
-907 +108 +555
-900 +103 +415
-870 +142 +612
-866 +051 +535
-858 +149 +539
-876 +146 +560
-865 +129 +601
-816 +557 +445
-780 +582 +338
-686 +594 +376
-656 +629 +381
-628 +733 +351
-558 +840 +254
-543 +849 +207
-510 +869 +110
-422 +850 +068
-397 +817 +129
-382 +717 +226
-396 +422 +296
-409 +377 +376
-413 +331 +474
-402 +144 +542
-386 +138 +642
-347 +174 +801
-254 +166 +822
-207 +124 +787
-144 +059 +839
+042 +026 +064
+104 +074 +032
+172 +147 +086
+342 +174 +114
+382 +130 +165
+409 +135 +307
+496 -038 +620
+607 +016 +489
+731 +014 +447
+954 -058 +414
+935 +075 +456
+945 +121 +307
+980 +152 +216
+960 +224 +116
+897 +265 +077
+708 +228 +870
+652 +230 +952
+584 +290 +961
+446 +604 +844
+430 +619 +851
+419 +651 +926
+452 +702 +956
+442 +635 +920
+383 +663 +939
+238 +630 +782
+179 +590 +875
+110 +583 +731
-116 +520 +436
-165 +458 +413
-223 +460 +456
-364 +332 +650
-395 +290 +636
-441 +228 +527
-614 +230 +486
-615 +263 +590
-636 +271 +711
-610 +428 +802
-619 +414 +821
-635 +340 +836
-684 +250 +752
-694 +255 +711
-695 +317 +586
-670 +504 +544
-679 +471 +626
-671 +374 +538
-710 +262 +756
-702 +287 +712
-706 +288 +662
-738 +346 +584
-748 +293 +570
-748 +520 +567
-699 +577 +535
-572 +726 +544
-539 +686 +542
-527 +658 +539
-452 +650 +408
-453 +526 +277
-441 +376 +225
-362 +020 -098
-311 +035 +192
-230 +078 +576
-098 +244 +108
-042 +267 +001
+023 +186 +949
+142 -052 +984
+196 -048 +961
+283 -082 +047
+532 -088 +236
+591 -125 +335
+682 -161 +431
+872 -020 +596
+914 -007 +542
+994 -082 +472
+226 -100 +158
+310 -148 +094
+324 -020 +130
+228 +210 +194
+133 +228 +091
+019 +213 +958
+772 +150 +872
+740 +175 +943
+700 +238 +999
+600 +344 +054
+587 +371 +065
+568 +428 +025
+512 +542 +870
+447 +477 +808
+324 +473 +728
+050 +414 +662
-022 +387 +617
-117 +325 +533
-320 +154 +576
-373 +110 +641
-436 +090 +708
-570 +070 +694
-604 +036 +661
-639 +024 +604
-684 +108 +738
-686 +112 +795
-684 +106 +816
-690 +114 +798
-696 +112 +778
-698 +161 +760
-696 +218 +664
-696 +223 +628
-688 +329 +626
-712 +200 +724
-714 +180 +725
-713 +266 +705
-744 +112 +746
-734 +198 +723
-659 +402 +609
-650 +470 +622
-616 +502 +620
-592 +555 +605
-561 +575 +545
-516 +398 +442
-524 +323 +385
-524 +287 +298
-486 +138 +298
-455 +058 +373
-437 -008 +482
-290 +022 +602
-224 +011 +673
-112 +024 +727
+146 -034 +818
+222 -060 +877
+347 -047 +007
+624 +012 +274
+652 +051 +332
+703 +051 +457
+788 -054 +536
+846 -092 +477
+932 -111 +434
+102 -228 +354
+134 -154 +312
+171 -158 +243
+208 -076 +892
+167 -078 +871
+164 -114 +904
+058 +238 +852
+016 +184 +879
+912 +263 +867
+704 +450 +912
+694 +462 +895
+668 +429 +919
+602 +552 +988
+571 +501 +995
+507 +449 +995
+252 +502 +772
+198 +513 +840
+132 +475 +781
-058 +386 +554
-125 +288 +514
-227 +166 +480
-464 +012 +482
-501 +019 +561
-549 +035 +548
-670 -044 +556
-693 -019 +530
-711 +026 +650
-738 +092 +696
-742 +101 +713
-743 +127 +733
-744 +220 +784
-742 +202 +762
-739 +207 +715
-722 +216 +646
-728 +194 +658
-729 +359 +680
-720 +196 +828
-707 +212 +734
-714 +218 +696
-682 +505 +564
-610 +695 +572
-456 +802 +476
-450 +781 +478
-448 +758 +431
-464 +546 +270
-487 +419 +211
-485 +309 +276
-464 +100 +290
-432 +043 +416
-373 +040 +518
-266 +130 +820
-228 +108 +776
-157 +115 +819
+038 +388 +106
+086 +460 +113
+073 +333 +227
+100 +020 +422
+131 +032 +360
+208 +032 +389
+402 +222 +438
+458 +300 +442
+511 +372 +462
+620 +404 +520
+615 +421 +440
+634 +305 +443
+740 +218 +090
+748 +257 +050
+682 +397 +050
+504 +568 +120
+465 +603 +135
+440 +686 +042
+434 +570 +988
+404 +518 +045
+370 +571 +983
+288 +550 +676
+253 +445 +700
+191 +571 +728
+104 +858 +772
+073 +750 +755
+001 +652 +713
-188 +450 +616
-232 +436 +632
-301 +341 +640
-424 +274 +840
-429 +307 +813
-445 +287 +765
-476 +236 +620
-502 +245 +628
-531 +300 +628
-610 +190 +626
-642 +213 +797
-654 +168 +814
-670 +208 +642
-681 +229 +667
-684 +250 +701
-690 +242 +658
-690 +261 +691
-686 +273 +706
-696 +252 +748
-705 +237 +720
-715 +274 +686
-712 +312 +596
-736 +422 +639
-725 +443 +636
-682 +572 +632
-636 +633 +649
-577 +667 +613
-402 +778 +312
-389 +668 +237
-392 +560 +403
-464 +394 +750
-431 +382 +631
-410 +311 +580
-354 +258 +538
-330 +210 +517
-306 +112 +564
-214 -074 +702
-152 -092 +646
-028 -083 +718
+166 -122 +996
+214 -118 +021
+315 -147 +133
+564 -140 +440
+666 -101 +536
+759 -066 +711
+786 +004 +012
+813 -001 +820
+873 -013 +542
+924 -112 +342
+934 -123 +304
+950 -071 +157
+866 +004 +956
+822 +060 +929
+717 +183 +981
+412 +268 +064
+403 +249 +033
+441 +216 +019
+452 +266 +146
+447 +387 +186
+447 +452 +108
+344 +480 +996
+306 +463 +988
+244 +501 +903
+070 +408 +814
+014 +378 +742
-085 +307 +697
-282 +236 +664
-001 +117 +003
-026 +116 +978
-024 +131 +996
-018 +179 +002
-016 +506 +940
-025 +346 +937
-034 +225 +025
-022 +226 +926
-039 +188 +000
-042 +189 +992
-092 +044 +020
-090 +128 +046
-506 +253 +993
-483 +268 +931
-534 +324 +834
-526 +329 +831
-510 +293 +829
-518 +146 +810
-498 +121 +801
-479 +092 +754
-418 +016 +614
-395 -025 +600
-338 -069 +599
-226 -192 +622
-165 -139 +728
-081 -018 +798
+050 +082 +828
+136 +065 +894
+234 +116 +004
+420 +424 +412
+408 +507 +373
+370 +555 +276
+420 +696 +436
+398 +651 +454
+376 +619 +438
+330 +628 +346
+325 +669 +255
+307 +662 +123
+258 +566 +916
+256 +540 +923
+259 +493 +944
+292 +380 +928
+291 +346 +943
+293 +299 +948
+258 +198 +960
+260 +207 +965
+259 +189 +988
+224 +110 +904
+218 +122 +914
+207 +149 +946
+180 +112 +072
+160 +066 +081
+151 +067 +087
+122 +032 +134
+116 +005 +128
+107 -023 +121
+074 -086 +170
+063 -058 +188
+053 -014 +185
+044 +130 +082
+043 +148 +046
+037 +125 +036
+026 +128 +102
+030 +178 +056
+027 +195 +000
+016 +200 +062
+018 +213 +043
+022 +231 +008
+016 +178 +052
+016 +175 +102
+017 +207 +113
+000 +218 +012
-003 +188 +980
+000 +176 +981
+012 +222 +020
+009 +208 +983
-003 +154 +979
-012 +292 +170
-014 +177 +070
-008 +111 +069
+014 +282 +982
-020 +391 +748
+007 +281 +928
+022 +104 +992
+016 +173 +006
+019 +174 +046
+006 +302 +130
+012 +355 +077
-010 +287 +070
-629 +285 +734
-602 +381 +556
-582 +546 +656
-563 +514 +745
-568 +399 +793
-594 +264 +810
-605 +277 +783
-590 +271 +764
-576 +192 +742
-549 +199 +709
-536 +193 +654
-512 +094 +574
-504 +056 +601
-493 +044 +625
-390 +044 +650
-368 +040 +734
-336 +073 +819
-284 +050 +092
-198 +161 +958
-094 +392 +797
-048 +514 +052
-019 +516 +139
+028 +516 +176
+090 +504 +074
+088 +527 +052
+038 +607 +037
+118 +690 +152
+118 +669 +110
+124 +695 +090
+124 +608 +978
+123 +609 +957
+139 +677 +961
+164 +774 +934
+145 +705 +916
+153 +646 +888
+184 +514 +954
+173 +459 +966
+169 +394 +963
+186 +348 +892
+191 +342 +898
+190 +330 +912
+184 +296 +944
+196 +282 +960
+213 +319 +997
+230 +340 +022
+222 +304 +024
+228 +272 +053
+212 +156 +092
+207 +142 +093
+195 +130 +107
+140 +060 +170
+139 +113 +115
+138 +136 +062
+120 +146 +040
+124 +176 +032
+128 +177 +063
+112 +060 +136
+095 +047 +109
+082 +062 +087
+070 +110 +998
+062 +118 +013
+062 +156 +031
+076 +162 +012
+083 +141 +024
+088 +103 +036
+092 +152 +080
+083 +183 +054
+068 +169 +016
+054 +088 +006
+064 +093 +008
+076 +129 +022
+112 +210 +104
+097 +248 +107
+077 +178 +982
+062 +106 +010
+060 +186 +048
+049 +295 +979
+040 +210 +094
+052 +160 +060
+067 +213 +010
+078 +288 +040
-577 +239 +759
-576 +306 +824
-588 +297 +816
-590 +297 +724
-590 +256 +566
-581 +225 +572
-577 +195 +596
-550 +094 +656
-537 +050 +610
-462 -021 +587
-276 -164 +654
-249 -160 +669
-160 -068 +722
-050 +156 +822
-007 +101 +862
+079 +109 +977
+274 +380 +322
+276 +476 +423
+272 +519 +407
+266 +448 +234
+312 +586 +320
+294 +650 +341
+238 +726 +144
+224 +711 +095
+213 +683 +031
+190 +598 +002
+197 +575 +997
+219 +554 +011
+254 +450 +048
+267 +406 +043
+282 +346 +034
+320 +296 +998
+324 +275 +982
+320 +228 +945
+324 +120 +944
+313 +072 +032
+302 +034 +057
+270 -028 +088
+267 -006 +139
+263 +008 +150
+230 +048 +022
+225 +059 +027
+206 +042 +029
+160 -042 +038
+147 -053 +046
+133 -050 +058
+090 -046 +056
+096 -030 +035
+104 +005 +033
+098 +064 +056
+098 +091 +055
+104 +141 +051
+100 +182 +018
+098 +151 +028
+102 +113 +038
+126 +262 +200
+113 +222 +121
+114 +197 +049
+116 +080 +954
+111 +059 +027
+107 +060 +069
+106 +098 +048
+096 +083 +028
+112 +118 +094
+112 +052 +124
+107 +090 +047
+081 +155 +082
+038 +196 +804
+039 +247 +933
+061 +207 +004
-629 +289 +536
-635 +330 +531
-618 +342 +506
-607 +290 +485
-596 +153 +490
-582 -244 +666
-467 -155 +607
-355 -011 +569
-144 +278 +844
-105 +293 +976
-130 +195 +950
-068 +224 +902
-040 +345 +029
+004 +447 +120
+004 +378 +154
+033 +351 +199
+117 +399 +174
+388 +014 +568
+309 +860 +512
+260 +759 +476
+164 +538 +234
+163 +514 +159
+181 +518 +075
+212 +500 +956
+220 +478 +996
+219 +473 +058
+198 +444 +044
+179 +428 +001
+191 +452 +979
+236 +448 +092
+243 +353 +079
+242 +188 +013
+230 -044 +032
+242 -016 +036
+240 -029 +010
+230 -030 +976
+231 -019 +972
+229 -004 +002
+210 -018 +072
+204 -058 +084
+198 -088 +105
+170 -122 +124
+165 -120 +096
+164 -092 +122
+178 -026 +144
+150 -054 +056
+117 -070 +031
+100 +024 +098
+113 +071 +126
+115 +075 +096
+072 -026 +036
+073 -020 +075
+080 +021 +066
+106 +132 +014
+105 +156 +032
+098 +156 +032
+080 +102 +014
+078 +110 +019
+072 +121 +021
+050 +116 +076
+041 +157 +107
+040 +171 +078
+028 -088 +942
+034 -011 +967
+031 +028 +073
+020 +312 +922
+026 +238 +971
+039 +175 +029
+042 +154 +056
-553 +531 +770
-566 +526 +640
-614 +316 +556
-611 +284 +593
-597 +278 +571
-556 +306 +514
-556 +276 +539
-538 +208 +564
-488 +024 +556
-446 +005 +580
-364 +017 +621
-190 +000 +742
-152 -054 +755
-085 -018 +782
+098 +116 +988
+147 +195 +179
+184 +208 +249
+266 +090 +214
+313 +177 +277
+350 +347 +442
+346 +586 +578
+296 +603 +444
+253 +527 +310
+180 +434 +118
+189 +441 +158
+175 +371 +178
+160 +358 +100
+173 +399 +035
+188 +359 +004
+200 +216 +038
+196 +193 +103
+189 +171 +064
+200 +176 +990
+215 +195 +958
+231 +154 +959
+236 +072 +034
+248 +063 +043
+245 +012 +060
+174 -204 +094
+185 -087 +071
+189 +016 +964
+180 +060 +946
+179 +014 +055
+176 -039 +136
+182 -074 +080
+186 -063 +070
+170 -108 +078
+114 -218 +162
+119 -146 +115
+119 -103 +056
+092 -178 +002
+087 -200 +007
+091 -143 +035
+072 -060 +080
+067 -067 +078
+068 -066 +072
+054 -072 +032
+066 -069 +024
+075 -056 +029
+090 +006 +146
+091 +000 +119
+097 +001 +070
+092 -032 +026
+090 -025 +017
+106 +147 +153
+084 +072 +210
+065 +054 +070
+038 +048 +968
+028 +044 +058
+037 +070 +180
+036 +031 +102
+016 -026 +962
+015 -066 +011
+019 +050 +927
+046 +114 +020
+060 +019 +067
+071 +123 +072
+014 +054 +124
-568 +164 +688
-549 +322 +524
-534 +410 +686
-544 +275 +717
-556 +151 +675
-540 +070 +648
-539 +020 +596
-539 -092 +516
-468 -330 +424
-395 -307 +532
-291 -174 +816
-180 +010 +040
-223 -111 +878
-216 -162 +716
-068 +114 +852
-013 +236 +994
+029 +291 +133
+078 +340 +256
+103 +378 +285
+123 +418 +276
+130 +384 +262
+134 +397 +249
+146 +465 +237
+148 +524 +246
+128 +503 +204
+093 +455 +173
+066 +446 +080
+081 +431 +084
+110 +369 +071
+156 +230 +226
+157 +198 +169
+150 +174 +107
+156 +246 +044
+177 +294 +008
+202 +314 +972
+232 +206 +894
+237 +121 +982
+212 +018 +117
+222 +056 +100
+220 +108 +019
+214 +116 +985
+200 +000 +068
+193 -034 +100
+191 -055 +109
+156 -146 +086
+135 -173 +078
+113 -183 +085
+082 -182 +102
+088 -152 +112
+078 -128 +126
+058 -098 +168
+048 -102 +125
+041 -086 +113
+056 -008 +096
+054 +021 +045
+050 +058 +994
+030 +090 +982
+019 +034 +997
+025 +015 +012
+038 +062 +004
+046 +084 +007
+054 +102 +013
+086 +472 +386
+045 +352 +276
+017 +233 +142
+014 +194 +846
+000 +183 +924
-005 +144 +047
-024 +138 +960
-024 +153 +986
-013 +179 +030
+000 +206 +990
+000 +195 +016
-001 +225 +035
-024 +216 +952
-027 +173 +025
-042 +185 +991
-068 +126 +018
-688 +244 +903
-659 +295 +758
-636 +478 +846
-635 +436 +813
-621 +396 +795
-590 +490 +764
-593 +468 +706
-596 +429 +680
-560 +360 +718
-550 +312 +757
-537 +255 +710
-488 +078 +438
-461 +031 +415
-409 -026 +466
-276 -156 +536
-230 -170 +522
-164 -134 +589
-016 -006 +716
+036 +122 +827
+099 +204 +908
+254 +364 +008
+292 +400 +091
+320 +455 +224
+412 +602 +430
+401 +667 +496
+399 +708 +467
+372 +884 +360
+366 +991 +277
+338 +988 +149
+302 +870 +898
+317 +812 +921
+333 +673 +945
+362 +400 +996
+361 +404 +999
+379 +414 +025
+366 +258 +868
+361 +257 +846
+360 +230 +900
+304 +038 +066
+284 +010 +070
+250 -015 +065
+186 -040 +064
+170 -040 +079
+132 -041 +073
+088 -026 +076
+088 -022 +113
+078 -031 +164
+040 -010 +164
+051 +039 +127
+048 +117 +051
+052 +212 +008
+049 +187 +046
+061 +209 +066
+056 +222 +064
+049 +233 +062
+054 +416 +046
-008 +064 +874
+004 +091 +937
+037 +139 +871
+042 +218 +126
+038 +233 +166
+019 +130 +124
-016 +214 +994
-025 +201 +001
-527 +347 +964
-512 +445 +880
-564 +418 +960
-575 +452 +942
-559 +488 +908
-512 +544 +802
-513 +498 +764
-532 +420 +700
-552 +366 +612
-571 +298 +615
-591 +277 +601
-580 +254 +464
-579 +176 +485
-575 +035 +530
-522 -054 +452
-493 -100 +508
-457 -127 +600
-370 -070 +688
-330 +012 +697
-303 +063 +730
-192 +210 +908
-187 +205 +945
-138 +263 +983
-076 +276 +012
-038 +326 +038
-012 +341 +101
+036 +336 +148
+042 +370 +139
+075 +399 +133
+120 +372 +148
+161 +403 +120
+173 +408 +122
+274 +504 +114
+265 +475 +161
+278 +504 +178
+298 +552 +144
+301 +551 +137
+310 +564 +132
+338 +560 +034
+348 +538 +989
+354 +478 +988
+358 +340 +964
+368 +354 +961
+374 +356 +976
+384 +288 +968
+384 +283 +961
+387 +259 +964
+356 +180 +016
+351 +176 +019
+346 +184 +011
+300 +164 +016
+288 +161 +043
+297 +212 +066
+292 +154 +020
+274 +118 +006
+249 +086 +003
+214 +092 +054
+211 +114 +065
+204 +100 +068
+168 +080 +084
+168 +085 +050
+154 +087 +070
+150 +056 +074
+136 +064 +085
+137 +125 +057
+108 +188 +026
+123 +376 +508
+089 +176 +871
+052 -066 +440
+072 +003 +228
+104 +267 +957
+058 +042 +160
+077 +153 +132
+082 +230 +143
+068 +202 +002
+055 +168 +023
+044 +149 +962
+070 +224 +104
+059 +240 +106
+054 +230 +014
+042 +292 +084
-615 +508 +615
-599 +523 +697
-610 +510 +702
-603 +442 +634
-617 +341 +591
-646 +114 +504
-612 +113 +517
-568 +146 +546
-436 +270 +558
-418 +296 +573
-391 +321 +649
-308 +322 +844
-302 +311 +856
-254 +325 +840
-172 +424 +804
-133 +463 +820
-086 +480 +831
+012 +498 +988
+027 +484 +968
+073 +526 +940
+156 +562 +936
+171 +557 +939
+215 +562 +956
+280 +512 +104
+296 +586 +153
+313 +617 +145
+338 +702 +056
+339 +670 +034
+365 +700 +015
+362 +694 +006
+365 +676 +006
+355 +610 +977
+378 +510 +906
+392 +514 +860
+413 +559 +844
+464 +638 +852
+453 +598 +859
+442 +557 +850
+434 +522 +820
+436 +484 +851
+439 +453 +858
+446 +342 +896
+440 +327 +919
+430 +317 +942
+402 +254 +936
+388 +257 +941
+378 +218 +949
+352 +186 +984
+357 +216 +974
+358 +238 +990
+352 +230 +028
+339 +214 +048
+331 +237 +033
+310 +220 +006
+307 +229 +029
+297 +224 +054
+284 +258 +014
+278 +242 +001
+279 +248 +993
+268 +246 +014
+267 +277 +015
+259 +259 +001
+234 +256 +974
+235 +271 +987
+251 +418 +997
+224 +298 +008
+214 +225 +942
+221 +250 +971
+222 +298 +022
+216 +308 +986
+207 +318 +999
+176 +270 +912
+195 +268 +981
+187 +283 +952
-659 +149 +794
-664 +218 +668
-684 +354 +666
-691 +303 +687
-701 +267 +659
-704 +232 +578
-702 +251 +559
-688 +250 +560
-670 +042 +544
-643 -035 +514
-593 -125 +398
-478 -192 +298
-434 -115 +376
-368 -031 +529
-272 +114 +980
-244 +135 +962
-190 +212 +930
-052 +284 +812
-011 +333 +919
+037 +343 +006
+112 +360 +186
+160 +404 +133
+210 +428 +117
+280 +362 +196
+306 +431 +204
+339 +464 +236
+336 +470 +234
+353 +488 +235
+375 +485 +236
+424 +608 +216
+427 +609 +173
+424 +575 +154
+404 +512 +040
+409 +494 +018
+420 +466 +992
+450 +382 +976
+447 +343 +969
+453 +322 +946
+464 +220 +940
+452 +188 +968
+442 +153 +998
+412 +052 +024
+402 +036 +032
+391 +056 +032
+364 +128 +990
+351 +099 +992
+332 +086 +985
+290 +094 +970
+282 +083 +977
+264 +069 +007
+244 +080 +992
+245 +073 +015
+245 +084 +041
+226 +142 +034
+222 +129 +031
+214 +130 +029
+192 +132 +028
+188 +122 +025
+187 +130 +037
+184 +146 +056
+186 +172 +052
+183 +200 +036
+188 +224 +006
+186 +211 +996
+176 +190 +024
+178 +162 +016
+196 +216 +053
+174 +120 +030
+162 +064 +962
+163 +155 +068
+162 +153 +052
+150 +176 +082
+143 +179 +044
+129 +173 +030
+110 +188 +052
+115 +217 +968
-703 +256 +675
-623 +407 +606
-662 +298 +552
-670 +231 +579
-671 +204 +579
-620 +224 +498
-617 +214 +506
-593 +180 +551
-488 +114 +596
-454 +121 +633
-413 +117 +675
-308 +134 +772
-278 +157 +765
-224 +185 +830
-134 +318 +954
-102 +287 +956
-053 +271 +989
+056 +282 +008
+116 +299 +004
+152 +282 +054
+240 +236 +242
+282 +298 +234
+323 +368 +263
+392 +430 +212
+393 +412 +206
+413 +397 +200
+416 +440 +198
+426 +469 +158
+431 +521 +141
+442 +584 +086
+436 +554 +060
+443 +530 +040
+460 +480 +964
+467 +456 +940
+483 +419 +907
+502 +354 +852
+517 +333 +851
+526 +276 +879
+496 +108 +890
+490 +126 +921
+490 +121 +915
+468 +004 +972
+468 -004 +994
+448 -027 +039
+430 -012 +048
+413 -037 +036
+393 -036 +039
+372 -010 +064
+359 +006 +052
+346 +018 +044
+314 +046 +036
+314 +068 +043
+312 +090 +033
+310 +116 +024
+307 +126 +012
+297 +106 +029
+274 +136 +008
+278 +144 +016
+275 +161 +012
+264 +124 +070
+265 +136 +054
+261 +136 +058
+250 +120 +998
+241 +128 +007
+240 +150 +015
+270 +506 +700
+227 +209 +953
+232 +189 +011
+242 +248 +738
+229 +166 +933
+218 +120 +972
+208 +160 +058
+206 +199 +998
+192 +135 +034
+186 +178 +166
+185 +195 +030
+184 +166 +043
+196 +196 +086
-721 +277 +659
-721 +361 +517
-732 +376 +608
-739 +350 +616
-739 +335 +578
-742 +272 +426
-732 +225 +385
-721 +125 +380
-660 -112 +466
-629 -090 +481
-548 -064 +536
-422 -026 +748
-400 -039 +777
-342 -019 +846
-214 +190 +820
-178 +204 +802
-122 +211 +779
+010 +186 +850
+054 +202 +932
+130 +275 +015
+256 +406 +196
+280 +414 +227
+313 +438 +272
+350 +502 +272
+353 +521 +276
+360 +535 +257
+382 +586 +200
+377 +529 +184
+374 +439 +137
+400 +498 +154
+408 +467 +139
+408 +418 +118
+410 +380 +032
+415 +409 +006
+419 +419 +979
+434 +376 +910
+448 +334 +891
+454 +299 +932
+480 +308 +978
+476 +283 +966
+457 +231 +957
+416 +114 +004
+408 +100 +013
+405 +103 +989
+392 +110 +904
+388 +092 +938
+377 +090 +988
+366 +106 +044
+356 +097 +042
+347 +092 +022
+328 +116 +036
+324 +125 +046
+316 +138 +037
+292 +114 +992
+286 +120 +997
+286 +125 +998
+280 +132 +074
+273 +132 +075
+271 +157 +048
+250 +146 +000
+239 +131 +013
+236 +130 +018
+216 +102 +016
+224 +134 +020
+227 +166 +021
+224 +228 +002
+232 +223 +001
+221 +190 +991
+204 +172 +978
+211 +190 +981
+213 +202 +004
+220 +256 +996
+217 +250 +956
+216 +186 +021
+218 +166 +070
+212 +146 +041
+217 +154 +046
+222 +270 +044
+223 +189 +023
-731 +245 +719
-720 +333 +649
-740 +376 +620
-741 +321 +627
-742 +282 +595
-720 +194 +488
-694 +152 +426
-661 +039 +389
-548 -192 +474
-526 -251 +520
-495 -288 +566
-398 -258 +746
-332 -116 +779
-271 -015 +812
-148 +174 +968
-087 +256 +909
-037 +310 +949
+018 +338 +036
+046 +475 +170
+060 +546 +154
+048 +526 +058
+079 +464 +073
+128 +430 +151
+208 +356 +180
+243 +446 +235
+259 +505 +113
+296 +592 +064
+272 +543 +105
+297 +624 +174
+338 +780 +100
+352 +748 +036
+366 +699 +926
+388 +622 +866
+395 +592 +881
+419 +567 +888
+454 +502 +826
+441 +467 +814
+433 +414 +836
+440 +368 +012
+436 +367 +026
+418 +341 +032
+388 +264 +928
+376 +260 +939
+387 +309 +937
+414 +328 +064
+388 +287 +045
+366 +247 +045
+326 +182 +020
+330 +206 +034
+310 +192 +019
+296 +258 +998
+292 +270 +996
+281 +280 +973
+242 +266 +926
+230 +248 +924
+219 +229 +973
+204 +242 +992
+204 +237 +005
+206 +243 +993
+198 +266 +994
+195 +291 +986
+198 +318 +989
+186 +380 +994
+187 +379 +980
+189 +379 +994
+188 +330 +004
+191 +308 +014
+188 +281 +005
+186 +244 +018
+179 +269 +015
+185 +265 +002
+176 +274 +008
+171 +274 +002
+162 +279 +999
+150 +304 +014
+154 +307 +973
+152 +294 +032
+132 +306 +042
+138 +297 +054
+135 +251 +036
+144 +274 +974
+135 +251 +005
+123 +269 +008
+211 -100 +673
+162 -097 +653
+044 -020 +668
+016 -948 +676
-007 -857 +683
-066 -464 +454
-100 -336 +426
-137 -189 +399
-226 +178 +432
-255 +224 +598
-273 +248 +695
-278 +396 +788
-259 +492 +820
-241 +666 +848
-170 +808 +898
-138 +770 +957
-091 +691 +000
-040 +394 +114
-050 +264 +104
-051 +104 +009
-080 -286 +774
-078 -355 +744
-068 -473 +699
-010 -760 +590
+039 -760 +532
+104 -876 +651
+192 -264 +296
+219 -251 +385
+307 -263 +292
+544 -132 +002
+592 -006 +005
+625 -846 +061
+590 -602 +314
+594 -558 +268
+574 -488 +276
+530 -386 +236
+487 -363 +251
+411 -352 +196
+234 -262 +088
+175 -265 +060
+105 -201 +992
-082 -078 +720
-141 -058 +682
-221 -046 +730
-362 -064 +710
-390 -031 +653
-420 -093 +625
-490 -248 +676
-509 -304 +697
-548 -411 +755
-620 -482 +836
-638 -470 +878
-643 -404 +894
-702 -328 +836
-724 -420 +808
-749 -471 +739
-824 -492 +620
-830 -517 +591
-849 -567 +560
-862 -610 +358
-860 -621 +325
-845 -549 +267
-822 -338 +194
-817 -313 +198
-772 -246 +168
-690 -080 +028
-697 -098 +079
-665 -157 +158
-552 -142 +316
-503 -121 +355
-375 -052 +452
-214 +260 +796
-197 +421 +948
-171 +514 +041
-110 +676 +132
-103 +651 +172
-103 +594 +261
-104 +382 +428
-102 +283 +411
-126 +191 +477
-132 +082 +598
-124 -015 +591
-160 -263 +652
-308 -612 +718
-309 -603 +502
-330 -580 +194
-486 -730 +838
-495 -749 +769
-533 -671 +657
-590 -378 +394
-608 -300 +299
-628 -182 +212
-642 +172 +086
-627 +252 +088
-595 +411 +173
-574 +568 +456
-567 +556 +573
-578 +405 +623
-606 -088 +552
-619 -073 +600
-629 +000 +530
-482 +176 +414
-389 +088 +419
-283 -005 +622
+016 -228 +764
+077 -244 +942
+182 -224 +080
+346 -058 +524
+378 -058 +472
+383 -116 +490
+412 -266 +454
+444 -334 +463
+466 -399 +400
+446 -462 +464
+432 -491 +460
+431 -588 +389
+420 -778 +124
+380 -763 +145
+323 -667 +106
+238 -318 +136
+217 -261 +112
+176 -270 +958
+036 -254 +364
-046 -202 +238
-173 -192 +058
-370 -550 +058
-378 -676 +248
-369 -775 +460
-344 -900 +920
-349 -877 +002
-321 -793 +105
-238 -508 +214
-198 -491 +279
-159 -410 +266
-054 -152 +126
-036 +055 +090
-029 +410 +031
-082 +240 +906
-071 +129 +919
-077 +833 +085
-184 -146 +586
-224 -436 +572
-294 -703 +408
-440 -528 +720
-470 -315 +526
-518 -158 +242
-562 -012 -186
-490 +009 -114
-356 -028 +049
+042 -298 +636
+074 -457 +822
+121 -468 +150
+142 -394 +424
+169 -401 +415
+182 -369 +479
+198 -168 +594
+221 -108 +537
+304 +105 +438
+468 +510 +006
+463 +458 +090
+441 +374 +203
+396 +008 +202
+352 -141 +161
+259 -261 +193
+044 -462 +458
+042 -512 +368
+000 -545 +292
-052 -422 +976
-050 -354 +946
-072 -225 +889
-126 +194 +432
-173 +193 +327
-202 +233 +073
-078 +012 +162
-030 -031 +439
+042 -198 +771
+198 -402 +204
+198 -346 +370
+186 -218 +582
+144 -120 +896
+165 -106 +889
+204 -052 +756
+234 -070 +458
+226 -112 +416
+225 -088 +278
+160 +090 +944
+093 +130 +754
-032 +042 +575
-284 -258 +222
-314 -288 +219
-321 -394 +303
-286 -552 +604
-238 -537 +616
-154 -420 +601
+062 -364 +804
+140 -305 +802
+239 -238 +934
+406 -244 +406
+423 -218 +525
+464 -131 +501
+438 -078 +734
+377 -212 +830
+308 -387 +770
+304 -666 +224
+307 -596 +168
+343 -353 +023
+296 +200 +972
+247 +307 +054
+198 +344 +022
+046 -134 +998
-035 -373 +010
-155 -573 +900
-388 -640 +546
-443 -585 +523
-486 -556 +546
-460 -330 +402
-409 -231 +386
-391 -001 +224
-248 +156 +330
-215 +041 +560
-144 -066 +753
+036 -068 +864
+110 -011 +836
+240 -013 +796
+520 -214 +846
+550 -256 +124
+555 -279 +528
+578 -170 +004
+606 -172 +943
+625 -242 +827
+550 -428 +482
+536 -344 +312
+530 -279 +082
+424 -432 +946
+342 -566 +910
+206 -720 +884
-026 -928 +806
-023 -830 +735
-039 -673 +595
-072 -414 +500
-050 -321 +472
+004 -165 +471
+164 +186 +708
+154 +232 +891
+156 +268 +993
+242 +442 +124
+262 +336 +183
+259 +081 +299
+194 -378 +592
+153 -408 +720
+141 -466 +712
+098 -600 +428
+087 -551 +446
+153 -327 +314
+182 -050 +158
+180 -011 +058
+084 +135 +005
-092 +200 +870
-173 +024 +668
-308 -180 +505
-506 -200 +180
-516 -159 +321
-499 -161 +351
-370 -188 +310
-298 -182 +347
-228 -170 +586
-096 -018 +214
-027 +015 +089
+076 +005 +016
+220 -046 +008
+244 -041 +198
+250 -039 +386
+260 -084 +770
+263 -060 +766
+269 +034 +748
+354 +254 +506
+340 +218 +428
+289 +204 +444
+366 +262 +102
+317 +205 +003
+235 +122 +929
+020 +042 +642
-051 +032 +500
-177 -069 +377
-422 -252 +432
-415 -197 +440
-383 -209 +410
-250 -318 +384
-189 -354 +506
-099 -354 +708
+102 -258 +144
+149 -257 +253
+174 -225 +347
+232 -262 +704
+283 -149 +654
+333 -041 +573
+332 +134 +396
+310 +165 +365
+286 +147 +211
+206 -010 +930
+185 -096 +842
+155 -187 +733
+104 -320 +516
+113 -338 +573
+165 -333 +670
+384 -170 +722
+444 -039 +754
+528 +054 +817
+654 +116 +978
+671 +092 +121
+694 +073 +231
+712 -056 +262
+694 -197 +347
+671 -328 +407
+628 -510 +260
+605 -512 +213
+563 -462 +204
+522 -404 +244
+494 -359 +168
+441 -331 +202
+306 -340 +236
+275 -296 +197
+202 -191 +035
-024 +054 +728
-184 +034 +776
-244 -042 +682
-442 -240 +326
-466 -303 +336
-497 -366 +351
-514 -524 +548
-509 -470 +648
-486 -362 +737
-488 -332 +770
-478 -335 +725
-448 -339 +607
-330 -448 +488
-269 -332 +446
-146 -202 +352
+186 -048 +476
+298 -048 +688
+412 -009 +953
+574 +154 +530
+570 +160 +654
+537 +119 +753
+458 +036 +986
+424 -012 +980
+376 -131 +961
+332 -434 +676
+329 -443 +590
+333 -456 +483
+298 -414 +704
+230 -385 +257
+027 -540 -130
-374 -994 -090
-375 -986 +158
-316 -915 +456
-118 -662 +744
-026 -547 +728
+159 -199 +731
+426 +456 +142
+404 +426 +276
+407 +282 +349
+398 +164 +420
+399 +075 +217
+371 +015 +293
+278 -264 +708
+262 -324 +874
+298 -379 +846
+414 -390 +352
+356 -395 +233
+277 -457 +004
+020 -650 +612
-036 -735 +492
-126 -802 +336
-226 -698 +146
-163 -476 +231
-024 -185 +258
+240 +290 +524
+245 +376 +877
+227 +427 +291
+182 +272 +994
+129 +121 +013
+068 -129 +866
+014 -724 +090
-043 -923 +847
-029 -037 +398
+178 -624 -128
+239 -174 +252
+299 +298 +810
+332 +582 +698
+293 +264 +795
+187 -116 +916
+232 -904 +126
+270 -108 +469
+290 -043 -007
+456 +008 +338
+453 +273 +719
+427 +244 +349
+384 -306 +040
+542 -336 +040
+674 -365 +919
+686 -498 +588
+625 -484 +450
+528 -366 +048
+186 -080 +296
+030 -117 +118
-143 -144 -069
-380 -186 -452
-322 -244 -364
-167 -376 -214
+316 -312 +360
+464 -301 +577
+636 -293 +696
+044 -260 +790
+077 -207 +120
+063 -213 +529
+006 -252 +890
+009 -157 +805
+000 -162 +768
+980 -166 +652
+979 -145 +608
+966 -228 +513
+696 -494 +860
+677 -599 +715
+575 -717 +500
+330 -780 -040
+233 -694 -117
+172 -580 -027
+192 -090 +464
+302 -171 +496
+439 -247 +658
+696 -124 +228
+684 +120 +422
+714 +308 +511
+822 +366 +460
+844 +206 +438
+800 -119 +308
+696 -700 +210
+696 -763 +272
+693 -845 +227
+606 -932 +110
+537 -897 +226
+506 -859 +319
+492 -964 +396
+540 -066 +437
+571 -816 +221
+344 +016 +406
+199 +086 +369
+032 +204 +385
-202 +106 +376
-166 +023 +402
-154 -010 +452
-032 -222 +458
+022 -092 +564
+150 +025 +597
+360 +464 +058
+402 +502 +242
+467 +449 +299
+400 +548 +974
+374 +572 +007
+374 +464 +845
+320 +356 +470
+315 +379 +408
+316 +367 +299
+264 +312 +126
+264 +268 +926
+230 +191 +715
+062 -136 +396
-018 -243 +377
-161 -412 +289
-482 -672 +294
-471 -491 +285
-399 -372 +352
-152 -348 +460
-040 -543 +446
+030 -813 +858
+084 -150 +706
+118 -126 +678
+185 -945 +608
+312 -722 +182
+360 -652 +199
+343 -588 +266
+284 -518 +436
+243 -527 +221
+254 -540 +116
+210 -256 +002
+150 -259 +052
+092 -372 +052
+070 -536 +850
+102 -482 +769
+141 -316 +710
+106 +018 +882
+157 -002 +848
+182 +000 +833
+314 +030 +720
+277 +207 +979
+209 +455 +402
+056 +806 +864
+048 +658 +776
+034 +535 +633
+042 +460 +190
+020 +203 +114
-120 -131 +083
-450 -784 +962
-397 -872 +783
-396 -995 +660
-324 -000 +464
-305 -929 +512
-245 -758 +500
-012 -368 +422
+052 -282 +455
+181 -073 +376
+468 +776 +798
+441 +863 +038
+372 +854 +401
+264 +404 +688
+248 +234 +598
+221 +078 +589
+184 -102 +474
+184 -123 +364
+169 -064 +319
+128 -024 +380
+143 -086 +369
+161 -202 +301
+060 -522 +930
-003 -583 +767
-083 -608 +505
-098 -376 +072
-032 -331 +116
+087 -308 +236
+320 -516 +836
+351 -640 +970
+367 -725 +346
+532 -466 +728
+553 -348 +728
+575 -268 +529
+588 -172 +182
+580 -150 +231
+569 -041 +317
+566 +166 +360
+535 +207 +314
+483 +234 +278
+332 +244 +152
+289 +235 +174
+234 +246 +161
+068 +166 +082
+030 +098 +033
-060 +005 +851
-356 -332 +450
-431 -331 +347
-527 -389 +153
-646 -514 -140
-612 -486 -077
-517 -509 +064
-278 -588 +458
-188 -545 +594
-055 -422 +763
+288 +020 +440
+291 +288 +541
+315 +472 +650
+392 +592 +632
+386 +590 +501
+339 +583 +412
+164 +412 +548
+096 +238 +651
+016 -146 +688
+002 -690 +592
+011 -634 +526
+032 -483 +225
-076 -276 +260
-175 -330 -007
-230 -343 -225
-214 -140 -060
-128 -117 +238
-071 -069 +674
+028 -074 +614
-015 +167 +827
-035 +343 +934
+114 +522 +000
+165 +480 +622
+142 +381 +142
-090 +136 -010
-158 -011 -247
-207 -133 -002
-284 -108 +748
-300 +192 +894
-258 +423 +716
-118 +428 +716
-169 +279 +559
-243 +060 +268
-354 -508 +092
-306 -415 +550
-297 +031 +295
-218 +686 +034
-150 +496 +652
-170 +162 +058
-326 -416 -336
-326 -326 +136
-343 -087 +993
-298 +272 +822
-285 +136 +555
-394 -152 +193
-726 -810 +824
-716 -809 +721
-620 -760 +634
-290 -076 +586
-200 +242 +342
-177 +474 +660
-336 +306 +698
-442 +004 +842
-488 -332 +552
-586 -710 +848
-602 -600 +853
-565 -377 +777
-422 +124 +402
-399 +164 +349
-363 +078 +319
-240 -186 +160
-176 -232 +433
-121 -218 +807
+018 -150 +410
+071 +017 +445
+164 +239 +372
+302 +786 +272
+284 +839 +207
+235 +639 +080
+068 -070 +716
+069 -223 +641
+115 -203 +711
+204 +106 +084
+220 +187 +364
+261 +225 +623
+360 +248 +672
+386 +205 +447
+388 +126 +176
+296 -056 +860
+223 -144 +961
+150 -285 +013
-046 -628 +160
-087 -732 +197
-077 -794 +310
+018 -518 +758
+053 -346 +708
+084 -167 +450
+084 -028 +748
+009 -128 +514
-116 -270 +324
-306 -452 +356
-303 -454 +483
-259 -447 +610
-094 -416 +828
-040 -324 +914
+036 -171 +066
+240 +258 +388
+243 +487 +408
+213 +713 +355
+124 +704 +048
+089 +620 +936
+064 +499 +826
+062 +264 +218
+085 +100 +492
+016 -151 +137
-168 -524 +040
-114 -517 +760
-083 -517 +451
-044 -756 +638
-017 -721 +478
+052 -301 +534
+070 +668 +278
+031 +531 +468
-018 +175 +499
+010 -340 +996
+047 -315 +680
+009 -266 +658
-102 +030 +230
-053 +084 +313
-041 -013 +359
-060 -382 +294
-024 -513 +115
-020 -717 +010
+042 -872 +808
+072 -713 +797
+142 -478 +847
+248 -030 +962
+241 +030 +961
+253 +097 +009
+312 +486 +250
+330 +654 +344
+355 +723 +476
+398 +508 +600
+405 +384 +508
+388 +185 +295
+250 -356 +986
+182 -440 +866
+079 -600 +621
-110 -656 +066
-064 -482 +067
+047 -209 +233
+316 +192 +838
+371 +157 +075
+428 -023 +410
+384 -586 +036
+346 -618 +895
+271 -604 +651
+076 -674 +212
+028 -694 +254
+017 -742 +205
+046 -788 +044
+069 -691 +028
+087 -513 +979
+018 -076 +720
-029 -017 +606
-068 +048 +418
-012 +224 +306
+027 +274 +425
+114 +145 +599
+210 +162 +426
+213 +206 +549
+196 +296 +686
+176 +244 +906
+168 +221 +754
+125 +182 +623
+054 +186 +614
+077 +173 +494
+088 +075 +246
-116 -264 +568
-218 -421 +429
-342 -539 +321
-584 -548 +196
-601 -369 +196
-656 -274 +076
-830 -288 -056
-887 -318 +052
-892 -365 +183
-894 -458 +508
-900 -570 +668
-927 -348 +647
-806 +274 +624
-921 +033 +569
-934 -070 +396
-890 +150 +368
-854 +192 +416
-812 +194 +552
-724 +340 +598
-741 +356 +472
-735 +424 +459
-722 +532 +582
-752 +434 +538
-794 +281 +558
-832 +126 +632
-841 +098 +727
-808 +095 +760
-716 +072 +700
-686 +136 +580
-642 +224 +517
-544 +406 +402
-529 +337 +377
-502 +233 +308
-360 +132 +432
-321 +233 +575
-298 +244 +895
-224 +366 +364
-219 +464 +371
-217 +521 +372
-202 +616 +344
-168 +586 +233
-091 +574 +997
+048 +956 +620
+054 +114 +672
+083 +264 +751
+084 +046 +076
+030 +785 +127
-051 +499 +169
-206 +142 +278
-260 +077 +343
-308 -029 +383
-390 -186 +480
-375 -234 +332
-354 -334 +020
-382 -402 +100
-415 -334 -022
-411 -211 -041
-268 +056 -012
-197 +128 +027
-040 +313 +196
+202 +752 +788
+141 +657 +110
+084 +619 +389
+006 +856 +606
+034 +897 +722
+022 +811 +881
+012 +474 +964
+049 +251 +825
+036 -070 +697
-008 -652 +978
-099 -672 +807
-206 -587 +631
-346 -026 +284
-355 +080 +143
-336 +169 +111
-248 +640 +344
-245 +722 +641
-258 +840 +932
-300 +034 +216
-320 +040 +307
-357 +916 +385
-398 +316 +292
-422 +099 +199
-482 -194 +045
-558 -528 +442
-541 -550 +185
-469 -042 +221
-434 +092 +982
-470 +034 +161
-529 +920 +176
-594 +518 +890
-639 +394 +834
-676 +247 +739
-612 +006 +110
-596 -109 -016
-559 -170 +152
-394 -174 +382
-309 +049 +390
-242 +239 +353
-112 +418 +562
-157 +451 +899
-207 +560 +395
-270 +916 +040
-235 +963 +013
-127 +885 +790
+030 +634 +166
+013 +595 +978
-064 +494 +740
-246 +148 +336
-335 -034 +228
-413 -218 +137
-426 -186 +062
-379 -078 +386
-332 +154 +738
-330 +568 +204
-325 +750 +377
-336 +863 +580
-260 +796 +462
-250 +628 +367
-294 +321 +275
-434 -442 +014
-502 -688 +869
-509 -805 +639
-536 -684 +308
-495 -414 +346
-424 +158 +311
-344 +524 +276
-335 +342 +476
-368 +818 +652
-478 -620 +930
-463 -637 +896
-402 -434 +982
-406 +426 +624
-398 +511 +769
-358 +708 +831
-168 +152 +262
-172 +999 +185
-206 +701 +058
-332 +068 +610
-391 -090 +464
-500 -302 +269
-654 -554 +116
-604 -464 +097
-491 -197 +096
-286 +302 +300
-189 +314 +400
-104 +281 +663
-108 +546 +448
-120 +677 +726
-176 +781 +883
-178 +582 +012
-147 +407 +815
-101 +287 +584
-100 -078 +164
-141 -174 +991
-250 -317 +713
-514 -390 +200
-550 -313 +206
-565 -048 +220
-604 +576 +482
-608 +608 +535
-602 +594 +579
-576 +566 +478
-589 +745 +533
-594 +828 +807
-698 +580 +342
-680 +422 +363
-670 +183 +321
-660 -338 +140
-652 -264 +837
-625 -111 +347
-698 +256 -744
-664 +165 -883
-463 +039 -800
+074 +020 +060
+198 +008 +292
+334 +041 +860
+496 -056 +362
+557 -032 +625
+580 +221 +807
+574 +292 +396
+534 +304 +597
+450 +320 +819
+388 +256 +862
+408 +160 +682
+387 +122 +636
+368 +152 +590
+367 +246 +607
+462 +409 +601
+594 +358 +888
+431 +274 +644
+151 +215 +430
-370 +288 +022
-449 +376 -034
-500 +368 +002
-620 +138 +058
-670 +007 +092
-726 -142 +090
-784 -348 +250
-787 -438 +432
-769 -524 +638
-704 -506 +812
-646 -430 +835
-537 -251 +978
-322 +232 +336
-308 +362 +363
-313 +418 +353
-332 +610 +178
-364 +655 +086
-406 +641 +989
-462 +320 +662
-464 +298 +527
-450 +256 +318
-274 +340 -052
-209 +397 -052
-050 +456 +097
+328 +486 +644
+356 +623 +260
+282 +780 +650
+116 +966 +040
+226 +869 +826
+252 +734 +597
+178 +238 +320
+174 +099 +243
+073 -125 +165
-330 -674 +888
-406 -752 +820
-442 -805 +802
-442 -634 +340
-374 -472 +242
-275 -184 +180
-176 +198 +498
-236 +515 +862
-291 +466 +250
-328 +810 +616
-304 +672 +349
-335 +475 +129
-454 -052 +466
-558 -166 +127
-663 -344 -270
-554 -446 -598
-372 -341 -381
-112 -195 -008
+382 +220 +772
+439 +209 +001
+513 +190 +249
+564 +444 +992
+547 +608 +016
+520 +637 +028
+506 +644 +934
+492 +588 +774
+447 +551 +654
+310 +362 +478
+310 +294 +392
+291 +173 +172
+086 -198 +422
-082 -178 +293
-271 -172 +105
-552 -210 -500
-460 -219 -535
-271 -135 -430
+186 -054 +296
+222 -006 +885
+147 +157 +463
+142 +442 +040
+175 +481 +040
+183 +499 +029
+172 +608 +804
+202 +613 +654
+224 +558 +357
+152 +426 +816
+083 +406 +603
-059 +401 +283
-422 +366 -318
-493 +307 -250
-500 +152 +587
-516 +334 +820
-519 +352 +827
-523 +368 +850
-516 +390 +732
-532 +351 +738
-541 +296 +777
-542 +278 +752
-544 +278 +771
-550 +338 +779
-562 +306 +866
-568 +282 +832
-646 +186 +789
-562 +286 +730
-567 +280 +797
-574 +287 +796
-574 +318 +718
-607 +625 +593
-534 +795 +597
-530 +620 +490
-515 +513 +297
-492 +379 +168
-414 +186 -080
-310 +234 -021
-193 +203 +121
-010 +200 +358
+020 +199 +393
+039 +277 +530
+124 +316 +850
+138 +241 +989
+141 +170 +189
+238 +390 +398
+266 +443 +507
+286 +410 +679
+292 +398 +798
+286 +433 +757
+294 +460 +729
+298 +498 +846
+316 +600 +755
+334 +638 +618
+346 +646 +500
+337 +590 +495
+312 +526 +437
+250 +380 +268
+224 +353 +212
+181 +335 +126
+054 +200 +984
+002 +212 +902
-042 +241 +770
-170 +246 +548
-202 +162 +478
-262 +123 +363
-332 +088 +160
-362 +074 +117
-373 +105 +075
-374 +110 +004
-385 +055 +053
-367 +063 +136
-228 +128 +378
-184 +211 +515
-107 +316 +556
+040 +222 +776
+079 +303 +803
+154 +340 +839
+272 +078 +986
+318 +137 +100
+405 +270 +200
+498 +304 +584
+505 +388 +578
+537 +427 +510
+574 +440 +704
+605 +468 +709
+629 +490 +793
+656 +488 +914
+648 +491 +843
+646 +527 +690
+636 +452 +444
+618 +367 +390
+579 +299 +309
+476 +172 +230
+423 +125 +149
+355 +108 +069
+182 +034 +826
+110 +035 +812
+039 +058 +727
-162 +058 +598
-202 +076 +599
-256 +107 +571
-368 +178 +516
-405 +135 +493
-451 +093 +499
-516 +128 +476
-523 +264 +530
-544 +314 +563
-590 +364 +758
-593 +367 +746
-605 +387 +748
-604 +364 +734
-615 +361 +729
-616 +335 +718
-600 +392 +734
-583 +484 +810
-610 +378 +712
-630 +290 +778
-622 +251 +774
-618 +280 +728
-592 +338 +706
-596 +358 +806
-647 +374 +594
-614 +318 +904
-608 +305 +824
-615 +279 +815
-614 +364 +700
-625 +252 +782
-524 +633 +315
-505 +597 +262
-368 +474 +110
-322 +391 +089
-258 +299 +083
-112 +074 +160
-071 +069 +106
+030 +026 +147
+300 +162 +790
+347 +087 +836
+384 -089 +150
+450 +158 +708
+497 +411 +640
+533 +537 +750
+492 +290 +040
+442 +292 +040
+375 +329 +040
+328 +572 +740
+385 +726 +601
+462 +808 +570
+544 +604 +478
+520 +521 +387
+458 +403 +244
+296 +258 +066
+255 +272 +039
+179 +265 +002
+036 +310 +798
-020 +282 +764
-080 +287 +698
-208 +340 +508
-244 +235 +404
-296 +153 +234
-366 +032 -158
-376 +006 -108
-368 +043 -121
-328 +068 -052
-313 +029 +000
-264 +101 +099
-086 +204 +396
-062 +171 +568
-023 +174 +660
+066 +166 +988
+112 +165 +999
+177 +184 +151
+276 +216 +352
+324 +194 +393
+361 +256 +472
+418 +314 +650
+471 +378 +612
+505 +416 +726
+594 +566 +982
+585 +553 +947
+574 +506 +852
+554 +490 +542
+560 +458 +492
+546 +395 +495
+534 +282 +316
+520 +271 +261
+476 +232 +184
+374 +232 +032
+320 +103 +053
+236 -007 +982
+032 -078 +750
-014 -098 +715
-099 -094 +627
-242 -036 +538
-291 -046 +533
-338 -015 +526
-426 +058 +540
-434 +063 +575
-457 +106 +567
-438 +376 +684
-466 +388 +733
-487 +341 +811
-498 +332 +808
-509 +322 +842
-520 +272 +877
-544 +246 +820
-544 +255 +853
-549 +246 +842
-544 +336 +832
-546 +339 +847
-538 +344 +853
-560 +258 +842
-539 +246 +779
-548 +321 +843
-548 +104 +828
-555 +161 +774
-566 +171 +798
-562 +196 +828
-556 +251 +797
-620 +594 +561
-547 +634 +566
-480 +420 +316
-422 +374 +147
-360 +297 -036
-164 +070 -210
-075 +082 -100
-001 +070 -011
+204 +088 +474
+258 +135 +544
+367 +207 +673
+670 +230 +306
+682 +156 +543
+705 +270 +792
+704 +634 +040
+683 +717 +040
+614 +600 +040
+498 +456 +014
+529 +524 +821
+574 +584 +648
+638 +498 +304
+610 +453 +243
+530 +297 +254
+342 +108 +162
+294 +175 +131
+223 +196 +989
+048 +036 +708
-003 -037 +626
-063 -084 +438
-208 -202 -062
-228 -202 -209
-237 -158 -423
-230 -212 -534
-203 -300 -361
-101 -233 -116
+104 -042 +500
+192 +108 +672
+235 +070 +894
+400 +148 +522
+416 +229 +520
+451 +320 +606
+478 +432 +746
+486 +458 +706
+480 +440 +666
+478 +376 +688
+474 +377 +663
+477 +406 +706
+488 +520 +702
+496 +504 +671
+502 +488 +639
+518 +324 +474
+504 +262 +417
+469 +162 +324
+358 +020 +200
+327 +023 +124
+269 +007 +016
+108 +024 +762
+064 +022 +768
-006 +018 +687
-210 -038 +554
-247 -098 +556
-286 -091 +637
-388 -046 +630
-424 -074 +598
-451 -071 +525
-496 -076 +598
-502 +033 +649
-503 +124 +725
-492 +342 +898
-511 +341 +933
-519 +257 +931
-542 +170 +934
-532 +151 +883
-539 +124 +889
-538 +138 +896
-541 +146 +888
-542 +129 +892
-558 +128 +846
-559 +103 +855
-574 +118 +788
-510 +344 +982
-530 +182 +905
-537 +130 +888
-556 +052 +884
-555 +081 +861
-558 +120 +878
-560 +066 +862
-620 +513 +537
-427 +652 +570
-542 +456 +516
-516 +465 +444
-467 +435 +364
-404 +298 +182
-383 +246 +246
-354 +320 +319
-310 +328 +586
-281 +299 +612
-219 +353 +586
-066 +246 +650
-042 +182 +766
+037 +240 +764
+232 +170 +900
+251 +083 +014
+321 +148 +097
+468 +246 +428
+509 +253 +503
+543 +310 +608
+608 +566 +778
+621 +657 +806
+633 +698 +813
+612 +532 +610
+607 +492 +533
+602 +515 +394
+598 +512 +214
+572 +459 +254
+530 +403 +227
+404 +264 +130
+361 +276 +094
+305 +219 +095
+164 +242 +022
+115 +220 +956
+059 +209 +916
-096 +218 +802
-093 +266 +758
-127 +280 +741
-248 +212 +732
-259 +219 +668
-292 +230 +535
-378 +236 +290
-380 +268 +193
-381 +263 +061
-356 +020 -034
-322 +000 -066
-231 +079 -032
-108 +048 +440
-026 +166 +520
+063 +142 +655
+178 -120 +028
+236 +050 +076
+330 +227 +218
+370 +222 +554
+397 +328 +549
+441 +442 +399
+526 +316 +498
+502 +324 +466
+531 +359 +371
+550 +382 +306
+581 +425 +414
+601 +436 +520
+614 +490 +644
+585 +491 +558
+579 +527 +457
+538 +404 +438
+531 +369 +396
+524 +333 +284
+444 +212 +104
+411 +175 +076
+349 +151 +073
+198 +086 +074
+165 +100 +021
+122 +148 +958
+026 +242 +704
-016 +238 +635
-111 +177 +646
-254 -008 +842
-284 -007 +842
-312 +041 +773
-400 +052 +560
-419 +038 +576
-442 +004 +587
-486 +086 +594
-483 +131 +662
-491 +190 +725
-502 +214 +878
-510 +262 +841
-527 +216 +822
-526 +320 +782
-523 +328 +807
-526 +301 +866
-518 +330 +876
-522 +318 +903
-527 +311 +889
-532 +284 +808
-567 +201 +854
-557 +195 +842
-542 +170 +812
-538 +185 +817
-550 +184 +890
-550 +252 +828
-556 +252 +813
-616 +605 +557
-537 +706 +581
-562 +552 +552
-552 +524 +453
-523 +489 +361
-440 +386 +120
-400 +378 +090
-330 +312 +058
-170 +038 +156
-138 +038 +183
-094 +058 +333
+076 +298 +818
+094 +287 +928
+108 +162 +014
+216 +124 +188
+279 +145 +266
+343 +168 +395
+418 +220 +746
+428 +249 +699
+434 +376 +722
+480 +662 +592
+489 +634 +499
+499 +548 +456
+524 +364 +570
+528 +354 +537
+529 +372 +513
+528 +464 +488
+535 +491 +468
+527 +480 +353
+450 +320 +262
+404 +216 +240
+332 +113 +191
+178 -018 +968
+818 -217 +581
+832 -227 +575
+836 -274 +604
+835 -294 +613
+836 -312 +593
+846 -322 +574
+851 -332 +575
+865 -336 +579
+864 -322 +568
+864 -312 +554
+850 -267 +462
+760 -160 +072
+673 -173 +073
+567 -098 +039
+338 -118 +086
+287 -259 +220
+225 -416 +348
+114 -822 +990
+152 -825 +256
+189 -746 +624
+432 +018 +040
+446 +003 +025
+441 -003 +012
+438 +020 +700
+452 +023 +596
+420 -163 +505
+362 -362 +232
+365 -237 +153
+332 -088 +940
+320 +346 +120
+369 +457 +015
+355 +381 +019
+358 -014 -364
+359 -014 -323
+337 +028 -143
+300 +088 +180
+283 -008 +183
+255 -064 +250
+184 -242 +448
+135 -270 +634
+064 -203 +933
+020 +156 +268
-014 -064 +562
+005 -206 +801
+066 -076 +040
+083 +003 +040
+103 +008 +040
+028 -008 +040
-010 +071 +023
-061 +239 +814
-128 +404 +184
-240 +185 +086
-133 +265 +836
+192 +210 +318
+262 +152 +258
+358 +113 +272
+516 -020 +408
+537 -111 +422
+582 -174 +325
+698 -306 +218
+726 -235 +220
+751 -294 +202
+848 -230 +210
+857 -279 +240
+874 -342 +231
+712 -802 +428
+767 -493 +387
+844 -348 +390
+898 -244 +372
+913 -324 +433
+918 -336 +469
+946 -312 +454
+911 -387 +471
+914 -347 +522
+876 -316 +424
+870 -309 +419
+867 -323 +468
+836 -288 +578
+846 -306 +528
+843 -283 +585
+830 -264 +598
+827 -264 +607
+818 -253 +638
+829 -069 +525
+755 -138 +121
+604 +134 +418
+561 -086 +411
+522 -181 +292
+416 -098 +334
+365 -060 +378
+280 -064 +479
+102 -156 +804
+060 -278 +982
+123 -433 +251
+222 -312 +928
+323 -079 +984
+391 +099 +012
+390 +228 +040
+253 +099 +040
+109 +154 +934
-032 +256 +136
-003 +204 +778
+009 +047 +616
+064 +230 +318
+115 +430 +077
+213 +532 -291
+156 +168 -610
+291 -017 -415
+247 -032 -288
+204 -398 +478
+147 -462 +491
+078 -469 +537
-220 -358 +106
-146 -210 +473
-067 +022 +757
+120 +220 +040
+102 +125 +040
+112 +173 +040
+010 +148 +040
-058 +186 +941
-125 +349 +704
-200 +644 +312
-219 +574 +191
-165 +532 +780
+162 +412 -254
+293 +284 -355
+408 +215 -217
+632 +066 -036
+651 +008 -038
+691 -026 +047
+778 -178 +220
+795 -218 +242
+813 -305 +252
+836 -544 +446
+868 -509 +551
+860 -719 +685
+888 -074 +452
+910 -005 +396
+884 -125 +405
+886 -232 +508
+892 -256 +514
+899 -287 +483
+892 -368 +540
+882 -312 +505
+883 -274 +527
+876 -198 +450
+873 -197 +508
+882 -187 +522
+864 -128 +488
+853 -150 +495
+864 -153 +508
+880 -136 +582
+886 -157 +620
+908 -201 +793
+044 -246 -096
+946 +101 +083
+806 +013 +323
+804 -634 +246
+791 -567 +369
+795 -401 +349
+736 -160 +122
+645 -198 +077
+528 -197 +164
+246 -004 +010
+222 -050 +118
+117 -237 +436
+154 -332 +940
+178 -338 +078
+278 -266 +278
+514 +034 +548
+490 +041 +794
+447 +141 +917
+100 +426 +040
+027 +381 +040
-026 +277 +752
-078 +090 +948
-057 +095 +836
-016 +157 +600
+096 +374 -086
+157 +420 -318
+188 +440 -533
+100 +332 -416
+139 +233 +108
+189 +126 +132
+162 -138 +296
+105 -205 +407
+017 -281 +583
-252 -196 +260
-206 -065 +485
-100 -023 +763
+184 +306 +040
+213 +441 +040
+183 +447 +040
+046 +302 +040
-010 +320 +902
-048 +260 +635
-122 +238 +014
-068 +402 +761
+062 +466 +419
+286 +248 +032
+349 +139 +013
+446 +061 +043
+630 -064 +112
+677 -113 +119
+710 -182 +191
+812 -324 +364
+811 -396 +433
+829 -374 +455
+846 -212 +474
+859 -318 +495
+885 -417 +452
+974 -724 +770
+985 -531 +756
+956 -234 +579
+826 +180 +436
+851 +117 +516
+829 -037 +544
+824 -518 +594
+848 -420 +560
+782 -354 +928
+840 -286 +556
+829 -245 +528
+881 -224 +506
+862 -202 +408
+905 -182 +440
+882 -201 +493
+862 -202 +624
+864 -210 +567
+869 -230 +516
+846 -274 +552
+885 -195 +714
+923 -179 +648
+014 -418 +520
+052 -334 +614
+079 -150 +658
+934 -182 +730
+868 -289 +683
+806 -238 +595
+688 -236 +510
+672 -170 +362
+623 -077 -054
+398 -002 -708
+284 +044 -542
+175 -064 -115
-002 -276 +630
+008 -319 +781
+025 -368 +923
+102 -492 +472
+146 -338 +507
+205 -093 +522
+360 +024 +002
+402 -135 +021
+417 -132 +031
+234 -194 +040
+114 -110 +040
-032 +011 +815
-198 +192 +732
-119 +294 +495
+021 +342 +263
+210 +172 -238
+249 +102 -343
+252 +141 -298
+252 +048 -132
+245 -028 -109
+203 -070 -038
+048 -230 +270
-040 -295 +545
-102 -250 +003
-092 -240 +008
-026 -091 +024
+069 +059 +032
+152 +054 +040
+167 +129 +040
+162 +139 +040
+010 +088 +914
-050 +169 +731
-067 +271 +422
-036 +206 +858
+028 +187 +650
+119 +149 +409
+378 +168 +058
+438 +145 +083
+511 +061 +130
+664 -170 +224
+701 -269 +211
+750 -349 +240
+816 -378 +420
+831 -304 +479
+834 -268 +534
+844 -322 +468
+859 -332 +515
+884 -295 +514
+884 -188 +516
+872 -212 +555
+858 -206 +595
+842 -332 +736
+848 -333 +600
+850 -220 +561
+844 -240 +664
+832 -222 +663
+835 -247 +637
+852 -176 +652
+861 -146 +618
+852 -170 +545
+852 -050 +606
+841 -095 +637
+840 -112 +603
+009 -200 +683
+067 -129 +683
+944 -482 +096
+047 -424 +880
+023 -345 +660
+884 -060 +184
+827 -080 +079
+739 -253 +004
+542 -346 -088
+457 -283 -112
+354 -097 -167
+216 +272 -590
+128 +138 -440
-090 -117 +349
-294 -656 +108
-265 -608 +327
-136 -631 +628
+168 -006 +940
+280 +126 +990
+351 +074 +015
+304 +140 +040
+151 +045 +040
-061 -035 +040
-408 +028 +398
-425 +116 +083
-361 +325 +592
-002 +408 -516
+065 +344 -666
+245 +552 -717
+466 +260 -460
+378 +183 -387
+343 +096 -140
+222 -268 +284
+148 -295 +349
+095 -270 +546
-116 -480 +262
-110 -295 +512
-035 -030 +660
+070 -108 +040
+123 -115 +040
+154 -042 +040
+126 +020 +040
+071 +084 +040
-009 +201 +002
-146 +578 +368
-121 +565 +131
-076 +334 +871
+066 +112 +272
+131 +120 +137
+263 +032 +038
+664 +220 +020
+648 +119 +050
+651 +039 +135
+702 -064 +316
+754 -158 +274
+807 -257 +267
+880 -460 +316
+887 -437 +404
+892 -377 +475
+946 -378 +734
+911 -292 +662
+895 -218 +605
+948 -384 +590
+916 -313 +607
+900 -304 +578
+870 -186 +608
+850 -174 +577
+839 -179 +580
+822 -252 +614
+816 -253 +625
+808 -195 +640
+818 -190 +606
+821 -169 +594
+835 -139 +599
+869 -128 +661
+879 -134 +651
+986 -166 +640
+027 -041 +688
+066 -138 +745
+978 -292 +788
+922 -198 +658
+832 -265 +575
+670 -322 +296
+643 -167 +094
+576 -043 -134
+394 +082 -706
+254 +044 -576
+030 -173 -102
-174 -324 +738
-181 -300 +942
-092 -324 +014
+012 -490 +800
+017 -344 +182
+110 -246 +611
+434 +094 +040
+474 +185 +040
+427 +237 +040
+066 -424 +040
-114 -603 +944
-235 -527 +597
-346 -086 +804
-296 -016 +514
-168 +128 +121
+144 +406 -558
+203 +377 -544
+248 +273 -344
+282 +100 -062
+274 +111 -099
+190 +067 -130
-048 -256 +104
-123 -310 +289
-207 -353 +715
-418 -276 +020
-308 +003 +030
-163 +240 +035
+020 -162 +040
-024 -052 +040
-115 +106 +040
-346 +240 +958
-410 +314 +555
-339 +417 +086
-054 +262 +496
+013 +230 +401
+165 +194 +214
+486 +122 +020
+583 +061 +038
+670 -012 +051
+806 -116 +122
+825 -031 +125
+847 -028 +100
+862 -090 +188
+871 -149 +230
+867 -200 +253
+914 -274 +412
+929 -270 +415
+969 -329 +576
+956 -104 +562
+923 -149 +489
+923 -148 +536
+890 -132 +576
+888 -151 +544
+882 -158 +536
+878 -158 +454
+889 -153 +465
+892 -165 +482
+906 -188 +534
+887 -160 +556
+890 -225 +540
+884 -152 +550
+892 -177 +570
+908 -055 +517
+904 -035 +536
+916 -060 +566
+953 -112 +530
+907 -110 +554
+796 -100 +442
+734 -089 +322
+587 -203 +176
+484 -266 -094
+380 -240 -064
+281 -154 +183
+134 -032 +634
+049 -081 +853
+066 -088 +056
+076 +056 +484
+196 +017 +606
+294 -177 +823
+490 +268 +040
+403 +075 +040
+184 -103 +040
-256 +090 +040
-312 +234 +780
-301 +152 +360
-182 -006 +578
-075 +125 +401
+062 +268 +190
+254 +492 -426
+305 +508 -493
+340 +434 -406
+312 +094 -178
+312 +056 -192
+214 -097 +024
-004 -374 +578
-084 -311 +741
-165 -212 +977
-224 -062 +714
-166 -020 +876
-139 +058 +958
-070 -100 +040
-077 +037 +040
-141 +013 +040
-356 -100 +040
-386 +007 +791
-369 +188 +348
-144 +508 +582
-039 +511 +498
+076 +367 +406
+298 +038 +216
+351 +024 +153
+440 +015 +114
+672 -052 +212
+699 -053 +208
+727 -063 +230
+784 -084 +290
+818 -105 +315
+839 -088 +382
+936 -040 +898
+931 -038 +130
+929 -514 +702
+900 -310 +392
+913 -148 +522
+888 -197 +667
+826 -008 +636
+849 -062 +596
+860 -092 +550
+900 -028 +552
+890 -077 +588
+882 -070 +603
+866 -068 +572
+861 -075 +603
+872 -105 +429
+870 -172 +433
+810 -196 +354
+770 -190 +289
+684 -151 +186
+564 +042 -484
+423 -035 -323
+281 -115 +043
-016 -278 +622
-068 -351 +762
-044 -315 +049
-060 -250 +040
+067 -053 +040
+180 +105 +040
+338 +172 +040
+350 +163 +040
+229 -207 +040
-170 -456 +040
-261 -167 +860
-274 +024 +224
-008 +308 -086
+074 +226 -157
+167 +203 -263
+274 +248 -554
+258 +270 -503
+237 +228 -530
+202 +330 -194
+152 +156 +036
+043 -054 +193
-250 -472 +892
-234 -398 +201
-215 -395 +613
-176 -012 +040
-096 -052 +040
-056 -141 +040
-134 -114 +040
-166 -099 +033
-210 +055 +843
-256 +196 +146
-179 +311 +891
-038 +310 +650
+282 +074 +204
+303 -039 +207
+416 +008 +191
+602 -066 +262
-314 +239 +695
-367 +245 +678
-482 +260 +554
-527 +223 +548
-589 +129 +534
-686 +084 +634
-705 +062 +645
-711 +065 +663
-728 +106 +698
-715 +191 +776
-714 +276 +720
-736 +136 +638
-744 +125 +648
-743 +190 +664
-736 +224 +660
-733 +242 +562
-750 +193 +659
-730 +317 +557
-700 +449 +600
-536 +782 +514
-468 +784 +482
-479 +794 +548
-462 +520 +582
-483 +375 +501
-482 +267 +443
-428 +092 +414
-415 +042 +439
-392 +076 +479
-270 +140 +568
-249 +082 +648
-210 +020 +837
-162 -164 +190
-151 -152 +203
-073 -001 +181
+066 +156 +214
+112 +166 +203
+174 +211 +304
+260 +250 +580
+278 +198 +589
+319 +121 +585
+418 +172 +474
+448 +152 +472
+473 +110 +396
+526 -016 +610
+567 +091 +472
+548 +050 +265
+506 +258 +992
+428 +409 +067
+374 +464 +072
+322 +590 +754
+282 +625 +846
+227 +579 +045
+150 +550 +196
+131 +500 +156
+092 +521 +038
+038 +520 +880
+002 +537 +840
-043 +520 +744
-156 +366 +646
-206 +352 +634
-242 +392 +672
-362 +374 +702
-399 +335 +680
-454 +283 +638
-546 +264 +664
-563 +243 +664
-579 +232 +698
-630 +222 +724
-635 +273 +683
-640 +366 +762
-662 +354 +664
-663 +301 +644
-677 +274 +683
-694 +202 +714
-700 +200 +712
-706 +221 +674
-734 +210 +656
-735 +193 +679
-735 +172 +658
-750 +174 +664
-752 +206 +606
-715 +338 +603
-673 +442 +589
-562 +768 +622
-571 +751 +637
-580 +598 +652
-578 +348 +578
-553 +345 +516
-534 +324 +441
-504 +136 +406
-500 +107 +429
-473 +146 +404
-434 -040 +424
-404 -084 +544
-302 -042 +725
-156 +026 +186
-132 -009 +132
-090 -075 +025
+004 -064 +162
+030 +006 +211
+085 +058 +267
+212 +238 +472
+227 +248 +467
+267 +113 +481
+396 +020 +406
+422 +061 +365
+462 +063 +293
+518 +038 +118
+552 +015 +157
+555 +093 +220
+522 +262 +216
+506 +189 +314
+529 +131 +337
+670 +058 +226
+646 +156 +124
+591 +307 +074
+464 +626 +082
+439 +627 +047
+385 +535 +039
+268 +256 +994
+236 +308 +975
+224 +484 +964
+144 +554 +908
+132 +560 +856
+089 +548 +816
-048 +288 +824
-090 +242 +790
-157 +204 +741
-320 +222 +700
-361 +239 +721
-407 +283 +729
-496 +274 +660
-514 +257 +670
-542 +249 +689
-582 +252 +768
-600 +215 +763
-607 +253 +786
-670 +148 +762
-677 +147 +721
-683 +186 +719
-664 +250 +750
-636 +319 +637
-655 +251 +701
-682 +192 +772
-685 +227 +738
-684 +201 +649
-730 +210 +838
-788 +205 +787
-775 +233 +738
-682 +824 +200
-623 +929 +995
-591 +838 +737
-520 +492 +138
-480 +522 +193
-433 +573 +421
-376 +510 +620
-389 +380 +615
-414 +195 +555
-470 -084 +532
-482 -059 +587
-474 -028 +635
-432 -030 +736
-417 -078 +776
-376 -088 +815
-252 -072 +646
-213 -072 +688
-131 -041 +832
+068 +076 +120
+136 +100 +157
+190 +128 +210
+272 +168 +312
+304 +144 +378
+368 +119 +374
+532 +088 +382
+572 +098 +401
+617 +135 +438
+672 +218 +294
+651 +127 +232
+642 +050 +145
+638 -022 +056
+646 +042 +075
+666 +029 +101
+688 +018 +122
+651 +058 +017
+587 +096 +031
+412 +244 +108
+395 +247 +064
+363 +250 +047
+332 +174 +212
+319 +180 +215
+315 +213 +158
+308 +402 +968
+283 +437 +026
+269 +508 +988
+214 +512 +916
+169 +482 +931
+114 +419 +886
-008 +356 +770
-062 +301 +773
-135 +253 +809
-278 +252 +776
-315 +216 +779
-376 +162 +741
-494 +104 +656
-523 +063 +675
-570 +008 +715
-674 -108 +726
-687 -085 +712
-713 -105 +685
-744 -048 +676
-739 +045 +654
-727 +114 +723
-726 +096 +808
-727 +111 +517
-750 +060 +554
-770 +052 +640
-761 +056 +667
-756 +052 +691
-754 -014 +588
-768 +082 +707
-775 +228 +630
-744 +375 +638
-678 +570 +670
-658 +485 +629
-615 +467 +623
-562 +478 +670
-559 +475 +678
-552 +432 +597
-530 +200 +260
-532 +099 +284
-531 +078 +513
-518 +080 +752
-523 +022 +692
-476 -042 +626
-388 -188 +780
-353 -154 +853
-312 -114 +908
-264 -076 +970
-238 -045 +009
-178 -054 +970
-050 +118 +104
-010 +096 +157
+044 +075 +223
+140 +062 +326
+173 +037 +325
+219 +055 +289
+306 -050 +410
+340 -053 +438
+383 -009 +400
+462 +082 +376
+460 +120 +380
+461 +092 +338
+452 +114 +200
+442 +112 +210
+433 +130 +224
+362 +278 +102
+328 +258 +148
+304 +271 +173
+270 +460 +086
+256 +511 +077
+233 +512 +083
+196 +574 +036
+185 +608 +001
+174 +606 +993
+076 +352 +918
+031 +352 +917
-033 +378 +856
-178 +236 +768
-222 +244 +688
-270 +262 +612
-398 +154 +726
-422 +174 +755
-454 +199 +749
-536 +172 +672
-553 +188 +641
-578 +192 +678
-646 +216 +820
-652 +192 +768
-661 +174 +648
-704 +106 +720
-700 +127 +752
-706 +113 +705
-720 +140 +708
-716 +156 +716
-714 +136 +683
-736 +060 +742
-728 +084 +715
-761 +194 +710
-764 +213 +629
-684 +492 +740
-653 +517 +740
-638 +488 +744
-592 +378 +622
-583 +319 +576
-580 +239 +527
-556 +230 +590
-555 +271 +553
-540 +242 +628
-528 +036 +664
-529 +006 +675
-529 -055 +686
-508 -198 +670
-480 -183 +656
-442 -138 +690
-338 -120 +832
-302 -113 +858
-262 -077 +961
-122 +082 +960
-067 +052 +082
-057 -088 +337
+026 -044 +250
+050 -036 +196
+071 -077 +211
+140 -124 +214
+163 -133 +269
+190 -084 +339
+286 +072 +408
+307 +065 +363
+319 +021 +377
+356 -140 +380
+355 -111 +328
+351 -073 +300
+314 +052 +118
+292 +042 +132
+259 +082 +105
+174 +146 +020
+180 +104 +132
+190 +145 +115
+210 +420 +052
+192 +406 +118
+181 +422 +124
+108 +490 +092
+100 +456 +099
+081 +497 +033
+014 +518 +920
-009 +455 +884
-061 +403 +819
-166 +424 +804
-202 +372 +815
-246 +287 +833
-376 +198 +834
-417 +176 +895
-450 +175 +925
-520 +148 +700
-532 +140 +708
-559 +107 +697
-614 +058 +686
-619 +037 +703
-635 +020 +707
-676 -034 +696
-677 -005 +672
-680 +041 +681
-678 +204 +940
-662 +219 +801
-692 +131 +799
-702 +126 +696
-711 +100 +676
-723 +128 +730
-741 +198 +690
-694 +309 +698
-628 +410 +796
-632 +451 +720
-623 +499 +682
-606 +530 +696
-593 +470 +694
-580 +399 +649
-538 +348 +528
-552 +321 +517
-540 +209 +564
-558 -090 +638
-553 -116 +531
-539 -150 +478
-426 -048 +652
-382 -024 +710
-307 +016 +751
-206 +056 +916
-201 +005 +936
-167 -037 +967
-058 -150 +108
-046 -124 +240
-007 -040 +303
+068 +088 +398
+091 +058 +412
+110 +051 +455
+190 +018 +468
+217 +024 +396
+259 +024 +298
+306 +094 +266
+320 +065 +223
+328 +064 +192
+336 +036 +278
+343 +022 +238
+351 +028 +171
+316 +192 +132
+295 +107 +160
+285 +115 +111
+254 +234 +068
+242 +198 +166
+241 +202 +154
+216 +318 +064
+199 +352 +157
+174 +389 +189
+120 +406 +092
+095 +431 +072
+071 +420 +023
-006 +412 +834
-031 +441 +831
-074 +449 +816
-148 +424 +786
-186 +394 +778
-223 +419 +744
-326 +404 +812
-342 +378 +838
-352 +354 +797
-414 +322 +808
-423 +306 +811
-437 +286 +759
-510 +136 +706
-528 +117 +686
-561 +101 +689
-624 +068 +720
-637 +064 +703
-641 +070 +709
-632 +164 +726
-606 +276 +805
-606 +241 +680
-640 +204 +778
-642 +201 +775
-657 +179 +752
-650 +262 +800
-648 +226 +784
-644 +221 +778
-634 +106 +802
-495 +280 +384
-587 +241 +605
-638 +378 +898
-602 +498 +894
-537 +689 +831
-342 +088 +518
-333 +872 +630
-336 +651 +767
-356 +416 +674
-360 +372 +534
-382 +298 +427
-366 +322 +458
-342 +301 +516
-319 +242 +569
-294 -020 +592
-314 -108 +598
-312 -085 +628
-248 -062 +728
-245 -082 +791
-225 -085 +858
-138 -012 +042
-112 -056 +174
-062 -051 +353
+048 -030 +604
+058 -031 +615
+065 -065 +637
+100 -106 +472
+137 -106 +329
+172 -070 +264
+244 -064 +256
+260 -114 +337
+293 -169 +371
+426 -048 +288
+438 -004 +285
+450 +054 +301
+468 +252 +232
+416 +260 +175
+353 +145 +056
+258 +302 +078
+225 +311 +150
+207 +295 +178
+166 +348 +166
+142 +334 +127
+131 +299 +076
+088 +324 +022
+074 +363 +029
+055 +434 +967
-012 +364 +934
-034 +334 +984
-070 +303 +946
-204 +302 +746
-224 +315 +732
-268 +238 +787
-384 +096 +902
-412 +074 +883
-459 +073 +819
-562 +142 +666
-586 +074 +648
-618 -019 +645
-650 +136 +642
-661 +148 +676
-664 +219 +638
-688 +334 +584
-697 +244 +611
-717 +195 +692
-738 +152 +592
-745 +144 +610
-754 +200 +652
-776 +164 +628
-770 +367 +635
-740 +443 +609
-670 +578 +686
-642 +639 +667
-627 +571 +618
-594 +434 +500
-572 +440 +522
-545 +420 +554
-502 +436 +524
-504 +443 +502
-505 +347 +516
-498 +160 +570
-483 +128 +613
-481 +063 +668
-418 +030 +708
-400 +015 +744
-373 -045 +754
-308 -166 +784
-280 -140 +838
-231 -131 +933
-124 -072 +184
-101 -040 +270
-083 -019 +295
-058 -100 +318
-035 -161 +271
+009 -172 +274
+162 -060 +378
+191 +040 +376
+219 +063 +366
+258 +048 +208
+265 -015 +202
+270 -003 +206
+278 -048 +198
+290 -071 +179
+306 -055 +173
+338 +006 +182
+317 +009 +174
+328 +045 +275
+346 +178 +326
+336 +208 +275
+310 +234 +255
+244 +274 +198
+222 +309 +144
+203 +338 +130
+118 +364 +150
+092 +379 +132
+057 +363 +078
-024 +390 +946
-056 +390 +880
-114 +392 +868
-190 +450 +792
-222 +400 +751
-266 +338 +749
-366 +198 +752
-395 +203 +749
-428 +246 +714
-480 +336 +606
-522 +185 +686
-570 +088 +637
-674 +048 +548
-692 +024 +551
-705 +048 +589
-704 +358 +872
-712 +229 +782
-716 +168 +648
-726 +192 +760
-709 +221 +741
-713 +179 +759
-710 +212 +642
-716 +190 +681
-724 +212 +689
-730 +397 +768
-710 +439 +667
-626 +646 +616
-585 +630 +607
-522 +577 +573
-422 +490 +510
-422 +485 +438
-407 +410 +407
-422 +150 +568
-424 +110 +606
-419 +064 +643
-410 -212 +714
-383 -227 +727
-323 -141 +742
-178 -062 +044
-152 -051 +145
-107 -041 +158
-048 -072 +178
-028 +002 +185
-006 +017 +181
+044 +012 +270
+057 -004 +307
+074 -052 +282
+150 -064 +302
+198 -031 +348
+237 -105 +400
+326 -116 +340
+341 -090 +329
+371 -027 +317
+358 -036 +346
+361 -094 +324
+374 -055 +246
+338 -094 +142
+334 -067 +125
+307 -019 +133
+260 +010 +118
+248 +062 +092
+223 +108 +057
+164 +210 +178
+152 +257 +180
+130 +303 +145
+102 +320 +112
+083 +375 +116
+073 +380 +119
+032 +416 +004
+026 +448 +000
-011 +443 +006
-092 +508 +962
-114 +464 +919
-161 +402 +836
-286 +336 +762
-320 +304 +735
-363 +262 +723
-458 +248 +722
-473 +239 +728
-510 +253 +666
-560 +186 +612
-591 +129 +580
-617 +149 +556
-674 +188 +600
-687 +116 +587
-713 +083 +591
-744 +204 +632
-740 +188 +636
-726 +265 +733
-754 +122 +616
-757 +180 +660
-753 +179 +715
-748 +112 +610
-758 +195 +685
-763 +180 +696
-686 +321 +511
-667 +497 +639
-622 +516 +622
-611 +469 +571
-602 +410 +533
-574 +312 +488
-564 +313 +519
-552 +293 +493
-482 +094 +626
-474 +092 +643
-453 +108 +644
-398 +028 +592
-361 +041 +625
-312 +017 +689
-202 -078 +928
-185 -066 +954
-141 -039 +041
-008 -104 +224
+008 -151 +247
+031 -183 +309
+094 -240 +464
+123 -172 +413
+151 -082 +416
+216 +024 +298
+235 +069 +250
+254 +050 +254
+332 +078 +180
+349 +056 +188
+383 -026 +225
+486 +156 +306
+479 +195 +286
+459 +190 +277
+448 +098 +172
+430 +117 +184
+402 +166 +145
+330 +228 +110
+318 +227 +119
+308 +278 +093
+260 +442 +044
+237 +431 +067
+199 +475 +044
+150 +526 +898
+126 +452 +916
+094 +448 +949
+028 +558 +940
+006 +530 +935
-026 +478 +900
-144 +478 +824
-143 +450 +805
-184 +341 +819
-318 +262 +790
-349 +239 +823
-399 +243 +838
-466 +196 +876
-476 +247 +856
-497 +255 +800
-542 +264 +696
-561 +224 +708
-585 +161 +709
-652 +048 +662
-658 +052 +630
-681 +055 +642
-702 +252 +800
-701 +178 +768
-706 +125 +705
-690 +404 +532
-728 +192 +609
-712 +264 +659
-754 +028 +820
-739 +064 +693
-725 +134 +656
-734 +280 +662
-727 +260 +691
-737 +220 +703
-748 +172 +638
-746 +201 +608
-732 +497 +605
-704 +552 +658
-636 +506 +624
-635 +470 +643
-618 +433 +585
-588 +320 +406
-580 +300 +399
-552 +276 +411
-528 +180 +450
-502 +192 +538
-467 +202 +602
-396 +046 +730
-375 +012 +713
-334 +017 +723
-208 -062 +800
-187 -124 +890
-142 -172 +939
-014 -224 +022
-003 -261 +140
+026 -251 +214
+120 -118 +250
+164 -137 +241
+213 -130 +301
+300 -108 +364
+331 -136 +332
+411 -174 +240
+498 -074 +406
+497 -123 +479
+537 -167 +425
+616 +006 +242
+584 -033 +263
+566 -058 +192
+586 +018 +926
+556 +015 +025
+526 +018 +075
+462 +118 +090
+428 +122 +179
+396 +168 +249
+338 +282 +262
+312 +280 +254
+292 +286 +185
+234 +294 +008
+208 +298 +985
+176 +265 +960
+034 +228 +902
+009 +275 +879
-036 +292 +842
-154 +256 +800
-208 +206 +877
-259 +155 +891
-360 +024 +872
-405 +043 +859
-449 +076 +782
-524 +074 +574
-547 +078 +571
-578 +067 +630
-628 +016 +680
-652 -011 +644
-684 -040 +640
-718 +032 +602
-710 +122 +693
-703 +136 +623
-740 +026 +648
-745 +063 +692
-742 +076 +723
-736 +094 +666
-739 +075 +699
-735 +129 +691
-738 +120 +616
-707 +251 +752
-697 +373 +651
-630 +608 +648
-605 +556 +622
-577 +491 +600
-534 +408 +578
-512 +330 +561
-480 +256 +513
-388 +236 +490
-338 +153 +543
-347 +046 +611
-324 -018 +704
-324 -084 +756
-305 -169 +815
-144 -014 +836
-095 +043 +950
-053 -031 +999
-004 -314 +110
+046 -247 +236
+109 -156 +352
+170 -076 +460
+185 -140 +458
+242 -281 +495
+380 -254 +642
+439 -114 +593
+493 -055 +526
+560 +036 +208
+556 +034 +261
+538 +045 +351
+506 +146 +366
+470 +147 +307
+429 +145 +263
+352 +238 +156
+318 +258 +134
+289 +266 +140
+184 +366 +058
+161 +420 +042
+146 +451 +047
+114 +516 +164
+099 +485 +078
+044 +431 +911
-098 +360 +722
-152 +359 +630
-202 +382 +545
-306 +452 +452
-337 +347 +477
-426 +233 +548
-596 +082 +476
-628 +073 +481
-676 +044 +549
-718 +042 +690
-723 +060 +727
-710 +089 +716
-708 +156 +720
-715 +167 +696
-726 +158 +708
-674 +354 +628
-693 +234 +779
-701 +146 +742
-730 +174 +494
-744 +174 +655
-743 +167 +666
-740 +198 +654
-736 +241 +709
-741 +188 +699
-814 +553 +775
-739 +517 +677
-648 +402 +728
-635 +436 +671
-614 +526 +625
-554 +468 +662
-581 +346 +584
-553 +289 +505
-550 +058 +508
-541 +099 +541
-492 +225 +550
-416 +132 +578
-403 +026 +608
-366 -025 +672
-262 -072 +756
-236 -126 +792
-165 -178 +850
-008 -276 +004
+022 -244 +050
+078 -160 +099
+192 -002 +288
+226 -017 +345
+261 -076 +444
+330 -078 +470
+366 -014 +441
+392 +020 +490
+452 -016 +474
+477 -068 +428
+508 -025 +379
+570 -014 +152
+562 -028 +125
+567 -068 +107
+564 +032 +132
+542 +062 +149
+487 +052 +185
+426 +012 +136
+407 +039 +121
+374 +100 +132
+270 +286 +160
+250 +269 +138
+209 +247 +110
+132 +280 +074
+143 +311 +072
+136 +300 +075
+058 +302 +052
+030 +311 +011
-033 +275 +917
-178 +162 +782
-255 +157 +761
-299 +183 +794
-438 +094 +862
-456 +080 +833
-481 +086 +798
-542 +142 +700
-554 +125 +632
-586 +112 +637
-628 +100 +728
-639 +096 +695
-653 +042 +648
-712 -052 +616
-695 +055 +704
-702 +034 +710
-724 -014 +640
-741 -007 +639
-750 +053 +648
-758 +116 +582
-756 +058 +621
-759 +038 +643
-752 +102 +654
-773 +098 +712
-741 +364 +459
-693 +435 +550
-604 +500 +736
-584 +505 +728
-571 +472 +724
-574 +258 +630
-571 +240 +612
-566 +240 +552
-498 +242 +524
-503 +171 +643
-484 +099 +737
-436 +000 +826
-415 -071 +790
-392 -161 +756
-306 -084 +642
-269 -030 +672
-203 -049 +758
-114 -168 +082
-075 -121 +074
-013 -018 +164
+110 +112 +306
+161 +163 +262
+204 +139 +203
+284 -036 +190
+314 -009 +189
+357 -007 +230
+400 -038 +382
+424 -069 +365
+478 -090 +298
+554 +058 +404
+575 +138 +365
+572 +106 +289
+592 +052 +202
+583 +056 +214
+566 +031 +181
+490 +202 +258
+453 +166 +254
+434 +117 +169
+382 +082 +010
+351 +137 +034
+325 +247 +037
+308 +364 +922
+314 +356 +016
+263 +370 +136
+152 +494 +088
+139 +451 +960
+101 +356 +961
-036 +098 +228
-037 +148 +084
-063 +206 +934
-184 +256 +860
-196 +267 +864
-236 +257 +849
-336 +184 +904
-367 +206 +866
-416 +175 +791
-514 +150 +590
-540 +092 +585
-570 +040 +590
-628 -086 +600
-656 -081 +578
-682 -071 +586
-724 +098 +640
-689 +459 +713
-693 +273 +778
-722 -008 +610
-732 +044 +690
-733 +108 +621
-746 +100 +728
-750 +086 +720
-747 +101 +705
-752 +128 +718
-737 +161 +782
-708 +253 +585
-668 +374 +724
-650 +389 +720
-754 +209 +575
-723 +325 +477
-670 +480 +470
-684 +403 +489
-696 +308 +487
-688 +102 +454
-675 +056 +465
-632 +032 +509
-494 +032 +680
-495 +002 +722
-472 -020 +778
-352 +098 +942
-324 +160 +968
-282 +226 +978
-226 +146 +984
-187 +161 +976
-134 +153 +989
-042 +194 +076
-009 +308 +087
+022 +306 +088
+068 +330 +128
+105 +361 +099
+128 +305 +123
+216 +346 +034
+244 +330 +079
+249 +255 +090
+372 +446 +086
+350 +395 +060
+365 +430 +132
+366 +462 +162
+370 +471 +162
+382 +495 +119
+428 +546 +114
+427 +516 +084
+440 +490 +040
+472 +392 +972
+474 +391 +952
+481 +396 +937
+486 +330 +914
+493 +307 +920
+491 +256 +934
+486 +142 +970
+486 +130 +973
+487 +149 +989
+480 +156 +966
+463 +123 +956
+450 +133 +977
+386 +042 +982
+384 +049 +994
+379 +036 +002
+360 +030 +960
+359 +036 +978
+349 +026 +015
+330 +032 +024
+327 +050 +016
+319 +069 +015
+310 +100 +992
+307 +100 +013
+302 +094 +026
+286 +108 +060
+295 +138 +052
+295 +160 +049
+270 +178 +010
+271 +175 +002
+268 +166 +009
+266 +154 +088
+263 +157 +093
+258 +182 +085
+246 +222 +018
+245 +241 +992
+228 +227 +849
+202 +006 +166
+341 +338 +141
+286 +191 +058
+250 +142 +014
+240 +160 +019
+233 +134 +055
+216 +202 +012
-746 +311 +596
-733 +310 +548
-712 +402 +726
-698 +342 +696
-680 +242 +578
-650 -052 +270
-590 -059 +277
-545 -050 +392
-452 -028 +730
-431 -017 +731
-409 -012 +740
-320 +090 +754
-283 +135 +726
-228 +154 +779
-032 +298 +918
-021 +227 +994
+037 +213 +075
+114 +398 +180
+192 +443 +206
+241 +420 +168
+354 +472 +322
+357 +474 +265
+382 +546 +332
+424 +736 +218
+403 +750 +227
+396 +753 +228
+362 +658 +122
+371 +657 +088
+394 +640 +997
+430 +564 +840
+427 +537 +887
+424 +469 +915
+426 +348 +894
+416 +330 +900
+419 +316 +932
+408 +314 +954
+408 +290 +966
+392 +246 +961
+366 +208 +990
+351 +176 +965
+340 +139 +967
+312 +172 +080
+322 +183 +060
+305 +139 +033
+266 +074 +042
+253 +079 +049
+248 +088 +067
+240 +078 +122
+244 +107 +120
+245 +154 +072
+250 +202 +018
+239 +191 +021
+242 +194 +996
+202 +154 +982
+209 +186 +984
+204 +182 +000
+208 +224 +088
+212 +227 +082
+211 +238 +058
+214 +242 +008
+197 +211 +008
+189 +213 +016
+184 +180 +010
+174 +186 +029
+171 +207 +038
+152 +202 +068
+178 +251 +988
+175 +188 +045
+174 +228 +154
+159 +137 +071
+140 +139 +042
+102 +124 +996
+095 +096 +989
+090 +092 +022
-782 +136 +358
-722 +120 +285
-586 +098 +432
-587 +087 +487
-553 +083 +418
-442 +080 +328
-382 +062 +478
-303 +026 +664
-086 +030 +988
-025 +081 +032
+067 +222 +078
+248 +330 +152
+249 +399 +157
+292 +429 +240
+346 +628 +202
+367 +629 +174
+377 +611 +167
+374 +586 +106
+385 +573 +140
+410 +614 +143
+418 +622 +176
+430 +607 +150
+434 +620 +103
+490 +638 +944
+498 +607 +921
+508 +542 +928
+518 +440 +848
+524 +418 +841
+533 +375 +878
+566 +266 +958
+552 +209 +958
+552 +168 +926
+538 +088 +976
+520 +104 +995
+497 +088 +025
+422 +048 +014
+422 +092 +006
+410 +113 +005
+384 +156 +996
+381 +124 +010
+352 +065 +020
+326 +012 +984
+313 +016 +982
+303 +029 +990
+290 +074 +038
+284 +082 +035
+280 +070 +027
+282 +062 +046
+281 +056 +067
+280 +037 +051
+276 +066 +030
+276 +076 +025
+256 +087 +036
+236 +114 +026
+218 +107 +019
+229 +125 +016
+230 +106 +074
+238 +127 +071
+242 +169 +040
+214 +202 +006
+196 +178 +023
+173 +139 +998
+164 +052 +072
+176 +049 +032
+191 +054 +050
+204 +178 +098
+201 +122 +069
+194 +086 +048
+208 +026 +054
+190 -008 +056
+186 +005 +028
+176 -054 +098
+165 +009 +058
+160 -005 +042
+152 -028 +116
+172 +043 +068
+152 +028 +095
+118 +002 +130
+116 +002 +089
+121 -125 +023
+162 +248 +078
+154 +174 +907
+153 +062 +948
+132 +074 +058
+128 +052 +031
+112 +086 +066
+088 +142 +012
+094 +125 +008
+089 +141 +022
+070 +196 +028
+084 +221 +043
+086 +171 +053
+088 +234 +026
+108 +170 +989
+100 +133 +009
+104 +274 +130
+094 +168 +091
+098 +175 +059
+100 +160 +034
+096 +160 +014
+100 +201 +998
-838 +332 +533
-800 +466 +373
-774 +340 +332
-770 +250 +305
-750 +117 +250
-656 -146 +228
-621 -187 +273
-541 -167 +369
-354 -110 +562
-311 -113 +648
-251 -029 +750
-086 +170 +946
-025 +236 +971
+026 +152 +035
+212 +198 +070
+240 +204 +156
+280 +183 +205
+446 +416 +302
+452 +459 +332
+454 +501 +410
+410 +504 +512
+413 +523 +451
+427 +559 +382
+404 +524 +196
+412 +493 +151
+410 +433 +117
+404 +298 +024
+410 +270 +003
+420 +260 +980
+450 +200 +968
+452 +171 +962
+452 +151 +947
+468 +096 +916
+449 +066 +922
+442 +048 +931
+432 +020 +988
+435 +020 +975
+426 -031 +995
+422 -012 +030
+413 -040 +031
+409 -035 +033
+388 -062 +060
+381 -054 +034
+369 -047 +052
+354 -002 +034
+343 -004 +052
+346 +012 +052
+320 +012 +028
+313 +013 +032
+294 +001 +016
+276 +020 +012
+273 +022 +008
+266 +047 +018
+270 +122 +034
+275 +261 +981
+258 +194 +020
+228 -076 +204
+227 -090 +115
+237 -078 +064
+306 +504 +556
+258 +335 +859
+239 +258 +964
+200 +016 +022
+203 +039 +032
+219 +122 +055
+184 +120 +000
+192 +148 +030
-691 +411 +706
-703 +683 +558
-684 +558 +496
-718 +435 +472
-728 +328 +453
-740 +176 +464
-714 +066 +443
-666 -126 +418
-570 -528 +410
-485 -563 +468
-351 -508 +619
-038 -276 +070
-008 -187 +096
+062 +035 +144
+180 +454 +154
+197 +514 +154
+197 +507 +162
+242 +572 +254
+244 +572 +291
+240 +555 +279
+270 +606 +206
+270 +608 +154
+274 +621 +123
+282 +616 +046
+289 +588 +045
+290 +537 +035
+306 +440 +000
+308 +401 +984
+320 +367 +977
+336 +306 +988
+331 +275 +996
+330 +252 +008
+324 +192 +082
+324 +176 +082
+323 +144 +085
+298 +066 +048
+291 +045 +052
+279 +022 +066
+238 -042 +112
+222 -025 +106
+207 +003 +084
+168 +046 +062
+168 +050 +053
+166 +037 +067
+138 +010 +088
+147 +019 +094
+154 +036 +099
+164 +104 +044
+155 +131 +033
+137 +113 +003
+112 +136 +954
+174 +585 +658
+123 +273 +897
+126 +132 +144
+124 +093 +073
+120 +106 +025
+110 +180 +020
-788 +212 +374
-716 +416 +370
-698 +420 +460
-714 +288 +438
-710 +142 +395
-650 -140 +380
-606 -224 +453
-551 -335 +571
-338 -254 +864
-268 -197 +976
-203 -204 +061
+048 +078 +014
+081 +122 +061
+133 +142 +124
+252 +396 +262
+259 +410 +319
+285 +474 +228
+316 +666 +220
+304 +621 +305
+290 +593 +317
+290 +578 +180
+281 +565 +119
+280 +546 +090
+298 +536 +002
+305 +526 +999
+323 +530 +966
+376 +448 +970
+390 +406 +997
+414 +364 +027
+434 +242 +064
+434 +205 +074
+422 +170 +079
+414 +048 +014
+389 -001 +019
+371 -058 +030
+308 -106 +060
+301 -096 +042
+281 -070 +063
+244 -010 +070
+228 -032 +080
+211 -049 +050
+196 -068 +014
+185 -052 +017
+182 -017 +025
+178 +070 +040
+177 +091 +039
+173 +109 +037
+178 +094 +050
+162 +058 +054
+165 +078 +041
+166 +126 +090
+169 +149 +082
+169 +167 +059
+146 +200 +932
+132 +159 +042
+165 +144 +076
+130 -032 +968
+137 -001 +015
+144 +036 +017
+144 +052 +058
-948 +181 +312
-841 +366 +287
-850 +344 +206
-866 +210 +191
-850 +082 +196
-792 -178 +264
-754 -185 +320
-687 -181 +426
-544 -226 +648
-511 -201 +677
-437 -109 +658
-238 +232 +788
-200 +228 +819
-153 +157 +902
+020 +124 +050
+089 +283 +148
+114 +244 +119
+246 +474 +196
+252 +493 +207
+258 +549 +331
+278 +696 +226
+271 +665 +250
+274 +654 +189
+276 +612 +154
+275 +582 +116
+268 +513 +087
+290 +386 +124
+336 +447 +046
+368 +439 +970
+418 +336 +938
+403 +288 +992
+396 +236 +037
+358 +156 +082
+366 +130 +071
+375 +087 +089
+388 +018 +080
+371 +015 +079
+359 +040 +038
+326 +080 +978
+319 +055 +990
+307 +034 +014
+288 +006 +062
+284 +010 +065
+276 -006 +056
+250 -050 +084
+256 -012 +077
+251 +007 +083
+238 +016 +056
+231 +030 +044
+224 +045 +044
+194 +078 +016
+189 +099 +970
+188 +111 +980
+184 +094 +042
+187 +090 +057
+190 +104 +074
+172 +116 +108
+164 +114 +085
+164 +103 +057
+136 +076 +018
+149 +049 +166
+141 +087 +160
+136 +030 +222
+149 +057 +112
+137 +054 +074
-883 +288 +389
-928 +356 +310
-828 +368 +266
-806 +263 +191
-751 +154 +190
-654 -086 +364
-655 -183 +374
-612 -240 +451
-446 -170 +638
-384 -053 +745
-330 +110 +850
-210 +492 +176
-230 +415 +194
-245 +326 +096
-190 +218 +036
-165 +203 +014
-089 +274 +999
-002 +206 +088
+037 +258 +125
+078 +326 +183
+126 +442 +346
+119 +451 +252
+132 +471 +263
+188 +564 +222
+186 +541 +267
+212 +510 +234
+236 +344 +180
+239 +313 +170
+262 +320 +126
+290 +286 +048
+286 +266 +035
+282 +230 +013
+306 +136 +982
+316 +052 +053
+317 -017 +079
+318 +018 +070
+310 +021 +004
+289 +001 +991
+274 +016 +040
+273 +005 +071
+265 -005 +089
+276 +024 +056
+259 +011 +078
+251 -001 +057
+216 -022 +070
+215 -004 +057
+197 -014 +058
+170 -044 +050
+161 -052 +058
+151 -043 +080
+144 +012 +032
+132 -008 +045
+110 -028 +024
+104 +014 +042
+124 +023 +113
+133 +038 +150
+134 +062 +068
+114 +030 +019
+147 +100 +837
+032 +094 +284
+072 +057 +218
+094 +014 +089
+102 +076 +046
+089 +164 +021
+070 +128 +016
+044 +132 +052
+032 +091 +065
+028 +116 +019
-871 +190 +416
-828 +240 +432
-726 +442 +482
-744 +342 +437
-751 +224 +303
-694 +022 +174
-661 +013 +291
-610 -035 +433
-492 -070 +612
-457 -096 +660
-411 -111 +786
-246 -056 +822
-180 +017 +992
-146 -099 +099
+008 +090 +330
+035 +104 +286
+070 +172 +277
+132 +206 +334
+167 +312 +303
+164 +309 +262
+202 +508 +230
+192 +420 +200
+203 +399 +188
+262 +422 +136
+266 +407 +133
+275 +433 +109
+332 +556 +158
+327 +531 +127
+329 +484 +095
+328 +248 +028
+327 +188 +065
+326 +136 +087
+320 +110 +056
+305 +048 +048
+304 +067 +004
+312 +120 +978
+312 +086 +029
+315 +081 +033
+294 +006 +040
+276 -019 +033
+263 -037 +064
+236 -066 +020
+234 -037 +991
+217 -079 +022
+196 -140 +106
+189 -113 +120
+189 -069 +080
+164 -082 +098
+167 -057 +078
+174 -032 +079
+162 -010 +072
+157 -011 +049
+159 +006 +041
+130 -002 +054
+131 +022 +050
+130 +043 +046
+112 +024 +094
+109 +028 +057
+096 -073 +152
+132 +128 +080
+129 +087 +081
+124 +052 +095
+114 +068 +098
+105 +043 +070
+108 +068 +093
+110 +036 +048
+118 +036 +070
-720 +229 +580
-680 +311 +545
-668 +022 +608
-666 -118 +580
-607 -133 +622
-400 -086 +630
-356 -107 +733
-287 -044 +816
-134 +036 +022
-069 +162 +990
-019 +232 +043
+102 +232 +124
+133 +333 +146
+170 +366 +229
+198 +554 +336
+209 +573 +312
+212 +556 +301
+232 +586 +112
+240 +628 +129
+259 +636 +089
+274 +648 +084
+283 +586 +039
+280 +502 +036
+302 +354 +072
+313 +345 +035
+321 +316 +990
+336 +180 +968
+319 +161 +959
+323 +125 +019
+294 -048 +124
+284 -070 +119
+266 -092 +092
+238 -100 +118
+230 -092 +112
+229 -075 +133
+210 -002 +122
+205 +000 +097
+194 -019 +089
+156 -048 +120
+150 -043 +117
+146 -013 +100
+132 +084 +050
+122 +090 +058
+111 +099 +071
+080 +092 +040
+081 +133 +028
+080 +176 +014
-102 -122 +526
-007 -026 +290
+013 -058 +194
+076 +074 +050
+054 +056 +001
+035 +037 +017
+020 +166 +054
-765 +276 +665
-757 +333 +552
-710 +508 +636
-718 +426 +614
-727 +335 +590
-710 +172 +476
-701 +143 +426
-678 +093 +438
-618 -106 +664
-601 -194 +710
-559 -272 +760
-444 -310 +710
-379 -248 +706
-287 -118 +756
-100 +026 +974
-055 +107 +109
-018 +178 +152
+110 +400 +038
+115 +399 +059
+130 +362 +098
+250 +600 +120
+246 +565 +163
+265 +589 +161
+282 +646 +192
+292 +649 +199
+285 +610 +132
+288 +580 +080
+290 +583 +062
+296 +560 +019
+288 +456 +976
+300 +441 +980
+312 +396 +013
+324 +306 +988
+328 +301 +970
+337 +296 +978
+356 +246 +040
+360 +229 +025
+363 +225 +007
+364 +214 +998
+355 +205 +980
+329 +157 +977
+268 +034 +050
+257 +019 +060
+253 +037 +062
+250 +032 +100
+247 +029 +109
+256 +051 +103
+250 +074 +072
+237 +053 +065
+221 +053 +052
+194 +100 +024
+188 +106 +020
+185 +116 +037
+192 +140 +076
+188 +135 +068
+171 +110 +073
+168 +164 +024
+157 +142 +030
+147 +121 +024
+144 +098 +016
+189 +440 +555
+172 +339 +907
+132 +022 +094
+126 +052 +031
+109 +081 +032
+112 +164 +004
+099 +168 +014
+104 +173 +064
-752 +243 +542
-777 +223 +588
-778 +660 +548
-773 +554 +504
-780 +427 +414
-760 +190 +310
-727 +145 +346
-677 +057 +428
-636 -296 +730
-609 -338 +785
-541 -257 +836
-396 -010 +900
-384 -018 +892
-347 +020 +868
-254 +122 +922
-221 +144 +912
-154 +143 +897
-014 +192 +008
+023 +185 +020
+075 +140 +068
+202 +286 +998
+225 +297 +052
+244 +381 +108
+354 +602 +132
+376 +699 +236
+400 +772 +238
+420 +830 +284
+417 +768 +229
+382 +659 +147
+332 +456 +998
+337 +442 +991
+336 +406 +977
+344 +280 +924
+329 +258 +901
+335 +239 +928
+354 +240 +966
+364 +225 +979
+362 +167 +003
+358 +026 +028
+347 +004 +054
+330 -013 +080
+300 -022 +094
+273 -055 +103
+250 -078 +096
+224 -068 +078
+226 -047 +084
+235 +002 +087
+234 +010 +086
+223 -005 +083
+223 +000 +064
+194 +012 +060
+177 +030 +042
+171 +028 +024
+146 +024 +044
+163 +087 +055
+174 +180 +053
+160 +248 +066
+155 +247 +009
+103 +311 +964
+088 -110 +148
+111 +099 +993
+074 -059 +061
+144 +380 +012
+112 +244 +067
+091 +155 +130
+114 +286 +784
+084 +172 +989
+082 +165 +026
+050 -042 +020
+051 +060 +329
-708 +304 +640
-711 +537 +610
-630 +544 +664
-646 +437 +669
-656 +342 +641
-658 +218 +528
-652 +179 +541
-640 +088 +563
-594 -162 +490
-565 -184 +503
-509 -154 +584
-354 -072 +694
-313 -087 +802
-232 -057 +897
-062 +118 +932
-014 +178 +976
+050 +220 +059
+158 +358 +288
+183 +385 +249
+200 +418 +312
+222 +478 +204
+225 +413 +253
+233 +457 +212
+282 +514 +156
+278 +507 +157
+279 +461 +174
+322 +458 +142
+328 +442 +071
+334 +415 +029
+356 +320 +990
+364 +306 +993
+383 +296 +982
+410 +202 +078
+422 +180 +056
+426 +154 +020
+436 +108 +914
+435 +044 +983
+428 -008 +002
+406 -094 +078
+401 -065 +037
+381 -074 +060
+336 -138 +086
+324 -146 +092
+305 -144 +092
+282 -068 +078
+271 -071 +079
+256 -098 +107
+248 -070 +068
+242 -066 +061
+242 -090 +060
+184 -022 +042
+203 +035 +010
+198 +003 +089
+236 +004 +086
+235 +057 +057
+221 +081 +042
+210 +124 +044
+191 +097 +007
+205 +205 +687
+112 +246 +108
+140 +171 +073
+141 +117 +018
+160 +216 +122
-724 +112 +433
-700 +311 +440
-644 +332 +502
-650 +230 +457
-616 +159 +469
-514 +062 +498
-480 +002 +531
-411 -029 +638
-240 -096 +716
-153 -077 +788
-012 -082 +856
+208 -120 +064
+276 +002 +163
+359 +257 +270
+360 +630 +602
+344 +567 +473
+332 +464 +399
+402 +458 +100
+416 +451 +186
+417 +391 +246
+454 +368 +286
+451 +388 +208
+448 +426 +111
+438 +466 +964
+444 +459 +979
+454 +432 +955
+446 +326 +900
+458 +266 +920
+466 +190 +984
+476 +050 +976
+476 +042 +984
+477 +010 +009
+444 -064 +996
+444 -047 +988
+429 -054 +020
+394 -058 +026
+385 -054 +039
+379 -044 +047
+350 -032 +046
+346 -028 +033
+337 -026 +023
+318 -024 +012
+312 -039 +019
+291 -055 +031
+262 -056 +036
+257 -055 +065
+264 -048 +075
+236 -012 +072
+236 +006 +048
+225 +023 +043
+214 +034 +028
+204 +019 +043
+208 +030 +050
+204 +100 +068
+326 +627 +340
+330 +394 +795
+168 +038 +078
+176 +009 +048
-488 +202 +923
-497 +231 +908
-512 +226 +816
-501 +258 +844
-494 +258 +849
-486 +194 +862
-493 +241 +843
-511 +222 +900
-516 +212 +860
-510 +217 +856
-504 +191 +845
-490 +138 +792
-479 +115 +754
-463 +066 +716
-404 -036 +694
-401 -082 +686
-349 -057 +581
-248 -298 +630
-200 -327 +720
-104 -287 +757
+080 +126 +044
+103 +116 +068
+138 +185 +124
+330 +204 +220
+321 +221 +236
+352 +282 +265
+362 +564 +372
+348 +674 +407
+282 +712 +362
+278 +632 +188
+256 +457 +241
+277 +482 +227
+266 +306 +138
+257 +282 +087
+267 +255 +005
+282 +228 +926
+293 +267 +960
+314 +306 +977
+346 +240 +950
+341 +263 +967
+330 +273 +980
+316 +290 +892
+316 +267 +903
+321 +235 +935
+318 +066 +996
+328 +108 +026
+318 +052 +068
+280 +052 +044
+290 +073 +070
+280 +054 +127
-567 +229 -159
-628 -108 -106
-574 -237 -127
-443 -330 +090
-172 -488 +556
-090 -435 +670
+018 -279 +880
+144 +408 +040
+009 +558 +040
-075 +467 +040
+166 +248 +964
+195 +402 +716
+204 +539 +453
+136 +678 +632
+042 +785 +343
-131 +650 -007
-526 -242 -192
-596 -561 -105
-573 -625 +150
-414 +500 +354
-402 +834 +398
-345 +848 +142
-410 -194 +290
-339 -603 +218
-316 +002 +840
-306 +470 +022
-235 +115 +795
-190 +268 +089
-256 -788 +152
-278 -544 +399
-181 -464 +561
+158 +000 +930
+241 +597 +057
+318 +948 +281
+422 +472 +040
+448 +405 +958
+445 +913 +735
+342 -058 +472
+251 -269 +367
+126 -393 +358
-196 -500 +144
-207 -412 +085
-291 -218 +685
-574 -128 -090
-588 -198 -292
-490 +052 -252
-310 +452 +622
-298 +606 +126
-286 +324 +360
-380 -090 +080
-469 -497 +544
-511 -737 +300
-408 +418 +084
-443 +658 +308
-374 +717 +476
-304 -184 +700
-345 -410 +538
-368 +032 +989
-400 +334 +906
-279 +310 +707
-153 +030 +276
-154 +234 +314
-271 +062 +147
-395 -112 +026
-526 -132 +416
-527 -290 +784
-501 -378 +176
-398 +684 +162
-389 +023 +028
-360 +965 +836
-430 +020 +580
-423 +054 +467
-384 +021 +316
-274 -166 +898
-282 +099 +246
-289 +365 +475
-150 +914 +040
-106 +936 +005
-047 +700 +822
-024 +050 +244
-077 +039 +042
-196 -065 +572
-528 -270 -698
-588 -122 -958
-497 +029 -935
+002 +110 -322
+206 +066 -044
+442 +040 +469
+684 +062 +714
+589 +218 +877
+547 +376 +876
+488 +744 +040
+445 +686 +993
+405 +575 +399
+220 +554 +986
+193 +616 +254
+173 +626 +452
+290 +518 +832
+349 +512 +791
+387 +374 +507
+392 +100 +818
+219 -099 +580
-012 -293 +417
-408 -234 -340
-437 +222 -203
-450 +604 +251
-504 +514 +188
-518 +130 +165
-539 -513 +911
-356 -296 +788
-339 +519 +809
-340 +087 +969
-366 +342 +912
-398 -183 +581
-350 -090 +212
-116 +096 -088
-075 +033 +603
-075 +154 +120
-084 +452 +664
-021 +590 +775
+066 +815 +887
+236 +230 +890
+286 +071 +709
+309 +858 +440
+172 +160 +764
+034 -028 +579
-180 -177 +422
-634 -412 +392
-670 -385 +394
-662 -204 +404
-572 +564 +202
-553 +620 +245
-539 +590 +501
-524 +252 +902
-543 -009 +814
-522 -399 +693
-330 -244 +876
-270 +251 +061
-248 +615 +266
-204 +960 +564
-174 +036 +427
-122 +097 +258
-086 +984 +086
-130 +821 +925
-216 +512 +661
-494 -108 +208
-549 -235 +248
-579 -414 +396
-482 -282 +928
-378 +232 +944
-316 +785 +891
-186 +142 +830
-208 +971 +740
-257 +521 +680
-414 -404 +074
-387 -379 +122
-330 -197 +088
-192 +340 +906
-153 +400 +942
-126 +526 +084
-140 +798 +566
-076 +774 +455
+001 +681 +134
+062 +818 +260
+065 +728 +207
+061 +620 +438
+048 +598 +986
+061 +556 +034
+072 +471 +288
+082 +252 +764
+068 +188 +720
+011 +093 +644
-104 -104 +430
-148 -096 +410
-169 -095 +323
-256 -108 +918
-293 -058 +831
-353 +074 +683
-490 +284 +502
-512 +243 +527
-519 +204 +437
-458 +316 +242
-426 +434 +279
-383 +656 +230
-320 +714 -084
-298 +699 +018
-287 +523 +227
-304 +006 +840
-374 +872 +829
-455 +661 +872
-692 +016 +172
-752 -099 +184
-774 -190 +038
-786 -098 +506
-767 +020 +238
-739 +165 -125
-634 +530 -428
-572 +517 -349
-475 +457 -086
-284 +384 +418
-226 +396 +461
-132 +451 +617
+044 +586 +162
+047 +423 +169
+086 +466 +220
+122 +666 +664
+113 +669 +738
+093 +617 +735
+076 +752 +608
+075 +767 +571
+095 +728 +481
+168 +634 +060
+117 +562 +888
+018 +400 +630
-324 +070 +238
-410 -024 +193
-469 -121 +125
-460 -220 +076
-372 -195 +231
-270 -049 +590
-010 +602 +190
+004 +830 +188
+024 +172 +346
+094 +688 +462
+106 +451 +352
+089 +084 +134
-020 +412 +576
-079 +368 +341
-141 +373 +175
-222 +186 +886
-273 +042 +286
-335 -115 +649
-442 -264 +850
-438 -286 +646
-417 -307 +490
-358 -190 +106
-326 +007 +866
-344 +258 +621
-478 +616 +112
-509 +745 +002
-550 +814 -170
-578 +754 -270
-554 +719 -223
-478 +673 -204
-178 +514 +018
-097 +436 +269
-018 +322 +738
+062 +154 +660
+035 +130 +828
-045 +110 +934
-200 +170 +762
-210 +138 +539
-256 +092 +307
-340 -006 +018
-341 -011 +981
-336 -010 +917
-334 -070 +800
-319 -053 +773
-289 +007 +758
-246 +136 +848
-225 +192 +912
-171 +239 +021
-074 +350 +110
-073 +337 +121
-065 +331 +136
-082 +340 +108
-040 +301 +105
-006 +361 +103
+028 +548 +060
+023 +571 +987
-019 +613 +953
-088 +602 +866
-118 +573 +809
-126 +481 +728
-108 +386 +692
-085 +423 +717
-050 +542 +735
-020 +002 +002
-020 +011 +076
-015 +798 +110
-012 +424 +244
-009 +478 +284
+001 +700 +247
+090 +982 +922
+116 +813 +788
+083 +496 +654
-162 -318 +264
-290 -656 +290
-383 -013 +488
-254 -972 +174
-182 -744 +330
+007 -416 +648
+500 +666 +040
+552 +061 +839
+489 +384 +539
+236 +468 +966
+213 +205 +856
+137 +858 +662
-106 +216 +160
-189 +069 +003
-208 -150 -123
-114 -410 +092
+039 -277 +314
+267 -211 +546
+548 +304 +734
+488 +388 +800
+383 +506 +920
+246 +546 +870
+227 +435 +623
+197 +458 +490
+128 +514 +358
+120 +495 +343
+160 +508 +287
+234 +314 +974
+181 +133 +759
+088 -075 +320
-094 -470 -480
-070 -315 +029
-074 +201 +821
-104 +148 +962
-008 +095 +882
+119 +870 +637
+160 +618 +764
+071 +568 +532
-041 +298 +297
-314 -582 +058
-313 -439 +588
-272 +137 +288
-188 +878 +610
-149 +664 +330
-183 +225 +849
-318 -312 +294
-290 +094 +528
-288 +526 +965
-276 +786 +490
-269 +602 +452
-265 +390 +411
-222 +326 +262
-188 +724 +035
-149 +088 +618
-206 +728 +236
-320 +400 +302
-480 -066 +496
-690 -778 +536
-639 -640 +442
-544 -358 +439
-234 +714 +568
-251 +267 +813
-242 +290 +033
-322 +284 +112
-405 -115 +893
-426 -372 +763
-354 +972 +152
-322 +289 +159
-259 +024 +920
-458 -510 +488
-438 -700 +524
-335 -097 +877
-212 +758 +342
-124 +681 +236
-036 +136 +961
-138 -430 +310
-190 -772 +404
-242 -768 +908
-188 +174 +800
-127 +495 +588
-030 +592 +171
+088 +354 -212
+117 +276 -109
+238 +163 +351
+446 -512 +984
+489 -310 +223
+495 -125 +545
+448 +346 +040
+441 +423 +960
+459 +450 +668
+468 +612 +180
+435 +659 +189
+388 +616 +264
+296 +320 +346
+256 +124 +354
+217 -004 +418
+186 -010 +006
+088 +083 +806
-079 +191 +508
-482 +258 -278
-551 +186 -536
-520 +239 -356
-480 +728 +352
-505 +692 +602
-502 +591 +348
-612 +164 +540
-655 +118 +500
-718 +010 +411
-820 -246 +438
-831 -306 +541
-824 -441 +534
-742 -464 +752
-673 -336 +878
-577 -124 +904
-372 +314 +784
-324 +342 +759
-234 +387 +752
-004 +534 +570
+069 +669 +565
+139 +862 +593
+236 +324 +914
+259 +297 +022
+281 +266 +061
+384 +010 +968
+349 +116 +086
+324 +067 +190
+298 +554 +250
+262 +383 +238
+238 +301 +129
+242 +166 +778
+203 -003 +748
+070 -361 +738
-204 -138 +602
-300 -989 +440
-275 -751 +432
+052 -238 +474
+208 -244 +537
+419 -164 +594
+838 -096 +108
+897 -008 +021
+972 +027 +229
+006 -124 +472
+028 -117 +182
+045 -168 +109
+996 -214 +038
+989 -189 +084
+007 -167 +028
+016 -112 +856
+982 -134 +798
+945 -161 +877
+880 -254 +856
+852 -321 +887
+800 -358 +897
+694 -460 +804
+642 -395 +846
+577 -356 +849
+438 -266 +000
+466 -265 +028
+447 -173 +056
+340 -074 +146
+292 -037 +116
+284 -046 +074
+202 +024 +032
+168 +070 +983
+112 +090 +891
-054 +200 +780
-095 +228 +723
-153 +244 +672
-248 +268 +730
-269 +259 +770
-239 +234 +824
-268 +542 +824
-222 +612 +860
-164 +705 +832
+010 +482 +870
+011 +368 +008
-011 +235 +109
-114 +130 +994
-134 +149 +882
-155 +154 +819
-202 +054 +016
-212 +015 +027
-216 +026 +118
-232 +036 +190
-240 +025 +263
-219 +013 +235
-188 +072 +172
-177 +148 +128
-156 +226 +065
-124 +376 +984
-112 +338 +036
-120 +281 +125
-092 +198 +206
-081 +228 +181
-082 +241 +100
-064 +218 +880
-067 +269 +889
-072 +314 +888
-068 +276 +822
-059 +145 +688
+013 -058 +510
+436 -392 +170
+605 -187 +338
+696 +201 +832
+748 +558 +596
+763 +417 +440
+752 +384 +396
+722 +310 +416
+730 +311 +429
+743 +361 +456
+856 +524 +448
+842 +271 +389
+789 -078 +320
+614 -688 +984
+524 -674 +843
+426 -568 +623
+366 -408 +228
+406 -045 +388
+454 +460 +821
+438 +932 +338
+456 +835 +279
+464 +691 +170
+442 +492 +996
+420 +478 +035
+349 +306 +157
+142 -128 +416
+108 -126 +340
+034 -194 +231
-170 -384 +906
-169 -388 +796
-203 -362 +822
-268 -232 +056
-253 -177 +935
-251 -193 +909
-178 -184 +664
-131 -191 +515
-049 +048 +533
+062 +394 +578
+096 +654 +826
+121 +940 +159
+166 +002 +740
+204 +806 +629
+255 +534 +385
+284 -160 +698
+235 -288 +459
+202 -404 +046
+566 -906 -452
+761 -807 +048
+941 -687 +716
+140 -348 +864
+127 -245 +859
+139 -202 +758
+290 -044 +590
+354 +111 +528
+344 +348 +425
+190 +614 +204
+116 +571 +208
+050 +451 +116
+920 +188 +986
+862 +070 +917
+732 -070 +806
+384 -242 +602
+245 -256 +652
+066 -352 +741
-240 -740 +898
-241 -802 +853
-208 -736 +753
-050 +350 +710
-094 +980 +736
-102 +215 +958
-178 +668 +502
-233 +446 +430
-299 +142 +302
-512 -414 +182
-517 -392 +035
-537 -326 +890
-576 -228 +622
-586 -180 +577
-606 -070 +454
-610 +136 +196
-586 +116 +147
-505 +130 +176
-312 +424 +586
-285 +470 +691
-241 +531 +836
-176 +116 +130
-180 +231 +227
-204 +210 +281
-276 +838 +142
-315 +724 +024
-392 +591 +876
-550 +352 +632
-573 +364 +606
-620 +341 +573
-724 +222 +592
-739 +253 +580
-754 +311 +552
-794 +144 +344
-829 +015 +299
-874 -096 +178
-936 -226 +058
-928 -224 +143
-907 -250 +279
-820 -354 +608
-789 -391 +658
-734 -324 +715
-580 -104 +732
-569 -095 +832
-508 -135 +844
-416 +030 +920
-386 +014 +885
-353 +044 +926
-262 +140 +018
-243 +151 +059
-220 +238 +133
-148 +324 +108
-095 +366 +056
-015 +378 +959
+072 +396 +940
+067 +415 +012
+079 +447 +103
+068 +418 +240
+055 +344 +231
+055 +230 +167
+078 +232 +314
+058 +255 +359
+050 +215 +321
+092 +036 +210
+075 -025 +235
+051 -081 +225
-024 -262 +264
-076 -322 +326
-093 -299 +371
-094 -106 +234
-104 -041 +139
-086 -030 +037
-086 -082 +914
-092 -053 +809
-079 +077 +594
-048 +218 +254
-016 +065 +272
+103 -124 +284
+440 -392 +428
+556 -264 +705
+627 -105 +002
+644 +692 +040
+640 +872 +040
+654 +984 +832
+558 +712 +376
+515 +562 +243
+438 +358 +041
+228 +028 +748
+199 +083 +768
+156 +210 +835
+124 +424 +060
+122 +403 +076
+100 +349 +009
-016 +140 +794
-083 +042 +765
-176 -058 +750
-338 -260 +708
-374 -360 +706
-398 -413 +736
-402 -538 +952
-337 -541 +946
-208 -364 +947
+058 +102 +992
+071 +259 +988
+069 +502 +000
+024 +180 +144
+003 +163 +244
-021 +022 +379
-158 +402 +630
-195 +074 +684
-216 -378 +550
-264 -866 +606
-313 -792 +276
-272 -579 +155
-048 +710 +578
-028 +178 +052
-023 +164 +367
-114 +106 +428
-221 -224 +200
-374 -591 +637
-326 -546 +164
-255 +096 +674
-186 +583 +247
-066 +528 +438
-120 +146 +006
-195 -257 +333
+090 -498 +102
+161 -203 +723
+211 +068 +197
+212 +562 +764
+249 +528 +902
+269 +656 +964
+474 +742 +466
+472 +678 +280
+376 +480 +136
+160 +106 +894
+087 +012 +887
-005 -054 +857
-202 -120 +616
-254 -104 +511
-294 -120 +159
-194 -192 -460
-020 -016 +057
+093 +330 +030
+106 +000 +040
+126 +953 +908
+120 +791 +641
+012 +430 +076
-040 +366 +061
-116 +217 +039
-308 -176 +900
-377 -313 +868
-461 -359 +871
-606 -276 +906
-612 -195 +935
-609 -003 +864
-654 +304 +738
-706 +265 +779
-760 +236 +679
-942 +192 +444
-963 +213 +354
-991 +193 +471
-964 +166 +634
-963 +223 +489
-925 +239 +320
-912 +258 +158
-912 +304 +278
-893 +290 +404
-820 +164 +472
-765 +172 +557
-699 +101 +561
-580 -066 +258
-590 -099 +184
-606 -114 +178
-556 -078 +442
-541 -074 +621
-510 -046 +647
-362 +092 +762
-386 +202 +888
-382 +268 +082
-418 +446 +148
-410 +467 +065
-407 +422 +941
-418 +388 +876
-379 +361 +784
-317 +335 +778
-154 +264 +774
-097 +339 +842
-034 +455 +907
+078 +760 +036
+107 +733 +035
+135 +703 +062
+188 +508 +064
+207 +470 +038
+225 +446 +051
+302 +336 +094
+317 +340 +235
+302 +322 +358
+242 +256 +416
+237 +231 +355
+206 +180 +270
+118 +088 +986
+088 +056 +991
+044 +025 +109
-060 +022 +250
-070 +017 +204
-123 +046 +161
-246 +004 +100
-293 +096 +103
-345 +135 +965
-516 +138 +790
-529 +066 +815
-545 +052 +779
-542 +110 +560
-524 +136 +550
-511 +152 +559
-484 +322 +604
-471 +340 +657
-450 +367 +732
-390 +504 +872
-384 +563 +929
-367 +581 +977
-334 +730 +012
-348 +715 +939
-342 +667 +847
-310 +642 +308
-348 +570 +043
-390 +445 +961
-406 +446 +734
-406 +429 +790
-408 +405 +867
-410 +432 +914
-427 +367 +846
-418 +439 +916
-647 +368 +264
-669 +339 +270
-616 +364 +376
-570 +404 +412
-507 +457 +487
-350 +624 +744
-323 +570 +787
-272 +480 +802
-150 +378 +954
-138 +408 +999
-101 +433 +003
+032 +328 +934
+072 +271 +838
+135 +235 +758
+270 +106 +940
+275 +178 +080
+310 +225 +180
+410 +242 +442
+454 +353 +417
+520 +438 +374
+622 +608 +292
+621 +611 +267
+607 +680 +236
+530 +822 +124
+522 +834 +113
+509 +845 +092
+418 +658 +080
+347 +481 +071
+206 +401 +937
-104 +226 +592
-186 +180 +572
-272 +244 +518
-384 +370 +424
-411 +415 +403
-422 +429 +407
-434 +456 +388
-448 +386 +399
-436 +364 +408
-352 +536 +414
-341 +590 +448
-329 +593 +515
-318 +640 +672
-327 +607 +719
-333 +562 +782
-360 +540 +866
-361 +540 +888
-360 +527 +857
-322 +370 +806
-313 +443 +835
-286 +442 +837
-186 +502 +930
-174 +529 +947
-153 +601 +018
-142 +660 +068
-141 +609 +041
-143 +521 +004
-110 +416 +886
-096 +442 +917
-075 +532 +932
-042 +630 +952
-049 +571 +974
-050 +526 +986
-058 +508 +006
-054 +512 +976
-037 +506 +948
-026 +520 +860
-013 +525 +842
+009 +539 +809
+052 +564 +846
+045 +566 +883
+026 +587 +940
-014 +594 +044
-024 +635 +051
-049 +667 +116
-050 +944 +226
-036 +915 +156
-048 +768 +102
-094 +534 +002
-125 +524 +895
-194 +463 +763
-366 +270 +550
-408 +253 +515
-456 +276 +483
-526 +362 +448
-532 +405 +479
-545 +409 +519
-568 +410 +590
-573 +448 +588
-587 +439 +595
-616 +346 +674
-609 +426 +706
-606 +465 +740
-608 +456 +810
-597 +482 +809
-578 +529 +783
-582 +504 +718
-584 +463 +717
-588 +438 +714
-596 +408 +712
-601 +403 +705
-615 +392 +703
-630 +358 +702
-635 +344 +698
-637 +324 +682
-656 +274 +668
-656 +310 +687
-658 +321 +703
-696 +246 +730
-696 +166 +715
-681 +176 +749
-646 +366 +824
-623 +323 +815
-605 +364 +836
-552 +374 +854
-533 +422 +861
-507 +420 +851
-446 +390 +822
-460 +419 +801
-449 +326 +772
-408 +376 +706
-368 +379 +693
-313 +451 +722
-156 +744 +780
-156 +800 +757
-163 +859 +769
-180 +846 +806
-192 +765 +851
-199 +721 +873
-234 +624 +922
-237 +650 +930
-242 +605 +950
-270 +490 +004
-278 +421 +992
-288 +355 +955
-314 +290 +896
-321 +281 +909
-340 +216 +952
-390 +086 +064
-407 +100 +107
-432 +057 +087
-490 +022 +022
-505 +020 +927
-548 -074 +824
-606 -218 +644
-600 -222 +712
-560 -194 +705
-434 -086 +762
-404 -082 +772
-333 -057 +822
-206 +204 +932
-181 +153 +835
-145 +034 +780
+124 -146 +892
+196 +068 +025
+249 +267 +155
+384 +310 +244
+363 +265 +213
+419 +122 +209
+474 +188 +186
+511 +159 +153
+539 +143 +203
+556 +228 +442
+567 +252 +460
+559 +266 +420
+514 +272 +444
+476 +220 +369
+407 +169 +228
+218 +060 +970
+163 +063 +006
+093 +105 +045
-056 +276 +124
-096 +315 +128
-146 +326 +119
-250 +268 +986
-284 +293 +933
-309 +318 +795
-380 +444 +390
-408 +407 +421
-446 +395 +475
-506 +460 +532
-533 +419 +553
-571 +425 +549
-634 +478 +438
-650 +442 +457
-655 +435 +427
-664 +516 +434
-668 +521 +444
-662 +559 +381
-652 +496 +218
-655 +442 +159
-635 +371 +111
-544 +366 +226
-527 +400 +278
-489 +422 +343
-380 +544 +406
-351 +452 +475
-296 +403 +592
-190 +192 +902
-151 +229 +001
-086 +228 +138
+018 +226 +230
+083 +253 +209
+125 +362 +214
+202 +296 +118
+220 +235 +122
+247 +220 +159
+290 +176 +192
+268 +136 +219
+296 +126 +292
+402 +176 +316
+426 +157 +288
+452 +138 +213
+512 +128 +010
+508 +148 +954
+497 +170 +890
+434 +310 +780
+615 -070 +262
+659 -199 +255
+748 -130 +312
+759 -125 +371
+773 -157 +415
+802 -252 +524
+816 -270 +546
+799 -376 +679
+830 -154 +460
+851 -116 +509
+856 -128 +587
+880 -014 +714
+857 -051 +696
+879 -120 +618
+842 -232 +652
+838 -167 +627
+836 -141 +621
+822 -134 +614
+817 -139 +635
+820 -154 +650
+864 -188 +664
+832 -194 +684
+822 -160 +649
+796 -142 +686
+792 -142 +701
+788 -124 +678
+856 -055 +659
+931 -113 +587
+016 -098 +730
+006 -098 +767
+976 -095 +823
+876 -228 +846
+837 -237 +700
+780 -273 +486
+566 -162 -208
+513 -052 -482
+409 +046 -562
-044 -236 +406
-085 -375 +504
-129 -499 +561
-324 -488 +826
-147 -301 +966
+011 -148 +081
+328 -054 +732
+294 +123 +886
+344 +521 +963
+252 +714 +040
+113 +425 +040
-075 +207 +016
-276 +088 +320
-298 +167 +072
-205 +255 +672
+110 +426 -256
+180 +340 -433
+270 +233 -600
+366 +156 -628
+275 +032 -618
+214 +013 -601
+114 +068 -022
+067 -021 +151
-048 -115 +307
-394 -252 +178
-355 -149 +539
-279 +039 +790
-090 +600 +040
-045 +312 +040
+003 +144 +040
+118 -068 +040
+025 -161 +040
-120 +047 +926
-250 +702 +188
-226 +572 +000
-166 +387 +817
+056 +200 +502
+078 +172 +486
+196 +039 +333
+528 +042 +258
+581 +002 +186
+642 +015 +121
+742 -010 +124
+762 -023 +242
+807 -027 +316
+862 -292 +504
+888 -278 +590
+899 -157 +562
+870 -148 +532
+863 -131 +564
+850 -095 +578
+842 -224 +630
+839 -198 +635
+840 -219 +613
+840 -168 +680
+839 -158 +694
+842 -145 +642
+834 -152 +522
+850 -150 +543
+850 -189 +619
+875 -118 +649
+861 -120 +724
+880 -224 +748
+877 -253 +031
+896 -251 +763
+900 -254 +496
+869 -353 +524
+799 -515 +618
+614 -550 +602
+575 -339 +445
+535 -117 +064
+424 +216 -770
+294 +330 -794
+041 +310 -474
-328 -126 +684
-379 -292 +831
-407 -501 +359
-130 -260 +040
-004 +119 +040
+131 +351 +040
+240 +182 +040
+135 +069 +040
-047 +024 +040
-414 +178 +684
-407 +278 +303
-301 +397 +832
-002 +382 -140
+114 +410 -336
+222 +382 -456
+286 +344 -352
+255 +200 -152
+282 +035 -092
+292 -082 +128
+221 -196 +230
+106 -313 +448
-072 -256 +120
-032 -108 +327
+008 +048 +433
-002 +380 +894
-011 +230 +967
-046 +209 +004
-106 +480 +040
-114 +363 +040
-138 +293 +830
-224 +276 +352
-247 +378 +221
-207 +517 +894
+042 +576 +340
+129 +470 +315
+243 +320 +276
+576 +024 +160
+609 +014 +089
+680 +012 +055
+796 +042 +082
+822 +030 +167
+846 -111 +248
+934 -302 +444
+926 -329 +432
+935 -293 +419
+902 -208 +526
+909 -180 +513
+089 -798 +064
+896 +020 +576
+893 -041 +575
+892 -084 +587
+884 -056 +630
+889 -100 +619
+887 -112 +545
+866 -008 +546
+875 -040 +550
+898 -073 +622
+926 -069 +691
+916 -118 +700
+927 -163 +650
+894 -239 +596
+788 -254 +220
+723 -250 -062
+566 -300 -255
+174 -168 -404
+123 -124 -272
+011 -109 -083
-182 -296 +962
-210 -367 +412
-079 -189 +550
+116 +180 +550
+218 +345 +689
+335 +293 +865
+288 +214 +040
+166 +426 +040
-070 +559 +040
-488 +458 +564
-440 +406 +165
-321 +386 +628
+028 +382 -292
+111 +283 -381
+206 +248 -434
+314 +300 -500
+277 +231 -104
+221 +150 -089
+112 +006 +034
+079 -092 +193
-002 -172 +407
-268 -410 +036
-337 -281 +281
-359 +016 +586
-396 +698 +040
-328 +519 +040
-257 +491 +040
-250 +422 +040
-298 +380 +040
-381 +431 +818
-434 +620 +200
-364 +562 +968
-244 +479 +677
+128 +178 +080
+215 +150 +015
+324 +055 +045
+522 -096 +116
+590 -080 +100
+653 -116 +209
+744 -252 +542
+749 -275 +609
+760 -236 +614
+774 -306 +928
+803 -174 +698
+816 -044 +570
+814 -162 +744
+799 -298 +771
+821 -248 +702
+822 -046 +556
+830 -100 +552
+822 -188 +601
+784 -362 +768
+819 -305 +607
+811 -287 +618
+832 -230 +594
+825 -231 +610
+785 -181 +643
+826 -226 +570
+828 -204 +574
+858 -154 +590
+902 -181 +548
+852 -166 +464
+856 -132 +542
+911 -141 +598
+102 -140 +726
+131 -163 +748
+105 -181 +812
+948 -072 +760
+906 -069 +450
+799 -174 +347
+594 -238 -040
+508 -226 -165
+371 -169 -165
+106 +038 -102
+021 -020 -171
-060 -207 +085
-070 -538 +796
-068 -526 +917
-047 -301 +066
-056 +394 +582
-026 +385 +811
+149 +453 +926
+472 +528 +040
+373 +250 +040
+135 -048 +040
-424 +000 +040
-430 +113 +605
-342 +085 +077
-104 -020 +526
-064 +006 +305
+023 +106 -007
+222 +428 -436
+244 +380 -285
+270 +325 -301
+276 +202 -304
+259 +200 -215
+214 +111 +008
-012 -106 +486
-108 -198 +700
-197 -333 +157
-254 -192 +040
-177 +040 +040
-080 +517 +040
-028 +412 +040
-056 +128 +040
-078 -105 +023
-116 -270 +798
-173 -169 +723
-212 +017 +500
-156 +390 +844
-064 +447 +622
+084 +402 +347
+360 +218 -084
+408 +110 +103
+349 -014 +253
+598 -016 +528
+615 -046 +458
+648 -125 +464
+746 -146 +416
+769 -119 +381
+806 -098 +430
+842 -202 +492
+812 -235 +639
+732 -297 +854
+788 -114 +624
+808 -049 +608
+813 -062 +682
+786 -182 +852
+781 -213 +799
+781 -150 +753
+768 -148 +726
+716 +002 +705
+753 -054 +720
+780 -148 +670
+755 -142 +713
+761 -116 +738
+820 -120 +626
+796 -130 +607
+793 -019 +670
+868 -165 +678
+890 -100 +670
+872 -002 +698
+873 -093 +702
+937 -184 +677
+980 -228 +728
+998 -261 +707
+989 -253 +741
+886 -228 +628
+819 -212 +444
+724 -263 +196
+458 -094 -362
+396 -055 -312
+301 -051 -335
-044 -144 -300
-098 -115 +012
-057 -114 +210
-144 -432 +912
-090 -431 +187
-056 -336 +544
+130 -006 +040
+189 +120 +040
+196 +036 +040
+002 -260 +040
-082 -304 +040
-171 -241 +865
-234 +038 +184
-209 +082 +997
-141 +093 +664
+102 +012 -082
+179 +032 -221
+274 +125 -305
+444 +132 -262
+421 +073 -220
+413 +120 -127
+336 +180 +058
+262 +083 +123
+205 +010 +285
+106 -208 +954
+065 -330 +065
-024 -302 +208
+048 +402 +878
+152 +322 +959
+240 +113 +000
+150 +014 +040
+086 -013 +040
+030 -005 +015
-092 -016 +658
-102 -045 +582
-070 +024 +352
+060 -012 +610
+108 +025 +428
+193 +018 +367
+364 +062 +344
+392 +042 +283
+464 +013 +272
+632 +050 +442
+673 +024 +469
+700 -075 +493
+736 -220 +574
+705 -167 +613
+670 -708 +147
+792 -228 +502
+800 -180 +462
+855 -236 +512
+864 -128 +892
+834 -082 +784
+813 -096 +728
+794 -104 +744
+785 -106 +737
+794 -122 +719
+874 -100 +614
+867 -087 +678
+872 -066 +654
+866 -110 +669
+855 -191 +675
+844 -280 +764
+830 -320 +756
+795 -342 +634
+554 -154 -014
+462 -024 -231
+359 -009 -287
+054 -408 -230
-006 -264 -012
+037 +039 +128
-220 -286 +960
-231 -474 +500
-086 -335 +770
+178 +186 +040
+225 +232 +040
+182 +139 +040
-094 -216 +040
-200 -207 +985
-271 -131 +563
-242 +034 +536
-157 +131 +291
-023 +272 -070
+182 +518 -524
+240 +551 -417
+267 +479 -279
+184 +022 -024
+202 -052 -021
+140 -125 +219
+064 -350 +950
+046 -382 +117
+010 -288 +335
+026 +234 +742
+048 +456 +825
+062 +344 +933
-018 -202 +040
-012 -229 +040
-034 -245 +040
-106 -136 +876
-136 -035 +744
-154 +112 +516
-118 +308 +902
-070 +322 +718
+039 +293 +519
+320 +066 +294
+377 +078 +279
+451 +049 +288
+582 -016 +454
+613 -044 +466
+663 -060 +453
+766 -106 +530
+763 -068 +523
+766 -103 +543
+782 -370 +700
+754 -409 +769
+802 -244 +593
+600 -512 +862
+739 -329 +827
+782 -258 +710
+788 -048 +618
+802 -189 +696
+786 -195 +668
+720 -054 +842
+757 -181 +700
+803 -171 +638
+866 -104 +596
+832 -146 +626
+805 -156 +640
+786 -062 +662
+834 -186 +659
+840 -186 +621
+866 -130 +654
+894 -149 +764
+904 -226 +911
+872 -448 +804
+814 -432 +564
+662 -310 +218
+400 +090 -420
+353 +184 -323
+285 +145 -071
+152 -212 +406
+146 -252 +505
+139 -318 +640
+092 -248 +712
+047 -127 +846
+056 +015 +203
+236 +128 +040
+254 +188 +040
+234 +230 +040
-018 +002 +040
-163 -061 +040
-299 +063 +795
-340 +444 +968
-284 +380 +741
-197 +294 +402
+056 +164 -192
+168 +273 -411
+244 +339 -476
+334 +306 -286
+324 +243 -182
+266 +143 -054
+118 -136 +078
+030 -251 +267
-105 -341 +551
-426 -306 +446
-373 -155 +712
-275 -032 +876
-042 +252 +040
-064 -075 +040
-094 -117 +040
-206 -236 +006
-241 -212 +809
-271 -031 +572
-232 +182 +876
-142 +260 +719
+031 +325 +528
+362 +218 +176
+404 +160 +155
+477 +044 +210
+572 -136 +398
+603 -128 +443
+638 -158 +510
+726 -210 +584
+739 -192 +575
+742 -140 +584
+740 -038 +674
+745 -137 +721
+749 -228 +738
+782 -428 +800
+778 -291 +784
+775 -121 +722
+766 -122 +532
+770 -108 +617
+758 -144 +648
+798 -228 +690
+785 -153 +660
+768 -169 +736
+760 -072 +618
+750 -099 +687
+752 -080 +674
+844 -052 +627
+840 -106 +589
+802 -134 +690
+813 -147 +739
+817 -179 +769
+824 -314 +812
+774 -352 +770
+715 -251 +563
+572 +058 -308
+481 +110 -407
+361 +157 -255
+146 +070 +072
+068 -055 +153
+021 -211 +312
-198 -264 +834
-194 -054 +074
-130 +311 +545
+068 +858 +040
+101 +986 +040
-067 +744 +040
-520 +194 +040
-603 +203 +822
-652 +375 +328
-370 +478 +054
-225 +388 -023
-041 +302 -002
+288 +282 -412
+327 +395 -482
+333 +285 -438
+328 -012 -466
+302 +016 -360
+201 -027 +015
-134 -196 +176
-279 -202 +451
-347 +107 +024
-370 +624 +040
-433 +523 +040
-404 +619 +040
-110 +636 +040
-142 +306 +040
-199 +161 +926
-348 +088 +702
-402 +219 +649
-414 +500 +312
-192 +502 +258
-072 +509 +345
+057 +366 +393
+300 +092 +362
+374 +077 +302
+492 +109 +130
+698 +030 -062
+725 +000 +068
+754 -103 +209
+824 -220 +454
+820 -209 +483
+824 -141 +525
+860 -322 +112
+880 -191 +807
+873 -122 +678
+844 -066 +598
+836 -083 +623
+817 -095 +594
+862 -264 +034
+842 -193 +871
+850 -152 +784
+800 -012 +648
+809 -043 +677
+815 -046 +644
+859 -004 +609
+870 -020 +635
+042 -262 +350
+959 -216 +483
+942 -131 +603
+978 -180 +824
+926 -299 +814
+835 -313 +756
+686 -014 +148
+623 +096 -172
+536 +111 -363
+202 +206 -366
+075 +079 -194
-072 -175 +057
-276 -614 +240
-144 -321 +215
-138 -231 +212
-026 +032 +614
+009 +083 +827
+034 +240 +934
-150 +578 +040
-236 +533 +040
-369 +369 +828
-428 +056 +788
-330 +130 +639
-206 +177 +456
+082 +322 -026
+179 +289 -240
+267 +303 -375
+360 +350 -422
+325 +314 -429
+232 +215 -362
-046 -282 +110
-156 -271 +229
-327 -265 +579
-494 -186 +658
-458 +035 +843
-445 +468 +942
-492 +228 +040
-391 +086 +040
-343 +037 +040
-410 +030 +004
-489 +174 +951
-524 +400 +687
-544 +512 +980
-452 +437 +669
-253 +350 +323
+210 +124 -170
+296 +090 -180
+419 +054 -073
+690 -028 +240
+686 -148 +187
+734 -112 +192
+820 -046 +314
+823 -141 +385
+838 -116 +479
+896 +052 +570
+880 -019 +669
+882 -091 +687
+850 -262 +686
+850 -228 +679
+841 -296 +763
+042 -238 -158
+932 -147 +248
+887 -087 +474
+820 -070 +652
+827 -053 +659
+816 -025 +673
+792 -056 +696
-677 +611 +515
-701 +486 +465
-678 +512 +634
-657 +529 +543
-646 +561 +491
-592 +814 +444
-582 +788 +457
-558 +706 +375
-482 +520 +054
-430 +454 +140
-336 +401 +168
-086 +286 +130
+002 +259 +265
+074 +177 +402
+246 -040 +940
+221 -040 +224
+203 +151 +491
+236 +266 +040
+207 +123 +040
+194 +129 +040
+334 +358 +998
+282 +184 +766
+270 +191 +705
+232 +260 +998
+157 +160 +024
+080 +037 +724
-168 -222 +164
-192 -007 +035
-223 +107 -083
-240 +128 -304
-215 +088 -197
-142 +100 -075
+038 +072 +470
+083 +156 +747
+142 +340 +073
+240 +464 +382
+227 +410 +458
+206 +271 +497
+140 +120 +734
+128 +048 +689
+112 +058 +865
+178 +224 +040
+205 +223 +903
+233 +237 +695
+248 +208 +250
+205 +193 +213
+128 +171 +983
-082 +070 +842
-114 +165 +790
-157 +255 +688
-314 +208 +508
-353 +277 +427
-398 +334 +340
-490 +318 +476
-514 +307 +536
-523 +362 +569
-544 +524 +602
-537 +528 +623
-534 +532 +681
-562 +550 +766
-567 +501 +776
-573 +480 +748
-550 +502 +264
-590 +416 +586
-597 +427 +666
-578 +342 +506
-591 +380 +704
-592 +412 +778
-598 +410 +650
-600 +417 +702
-754 +448 +444
-772 +387 +363
-736 +422 +460
-777 +509 +399
-761 +499 +432
-700 +442 +342
-690 +372 +266
-630 +207 +187
-330 +192 -362
-140 +194 -197
+048 +180 +256
+330 +200 +988
+405 +213 +027
+500 +136 +060
+646 +242 +324
+544 +104 +682
+447 +095 +861
+438 +268 +040
+426 +264 +040
+470 +343 +040
+656 +512 +594
+590 +367 +429
+482 +168 +091
+202 -174 +614
+114 -190 +779
+041 -161 +568
-160 -012 -416
-231 -005 -586
-249 +047 -437
-202 +218 +050
-144 +068 +043
-007 +035 +077
+342 -002 +518
+421 +142 +869
+474 +187 +245
+518 +274 +040
+501 +275 +040
+430 +264 +040
+374 +304 +040
+404 +278 +016
+399 +174 +899
+436 +102 +528
+385 +132 +330
+289 +117 +326
+220 +120 +748
+129 +118 +558
-009 +113 +471
-294 +020 +308
-363 +033 +284
-428 +117 +284
-534 +286 +428
-532 +309 +449
-530 +381 +496
-588 +456 +612
-603 +473 +653
-630 +461 +747
-654 +378 +758
-646 +382 +735
-639 +399 +744
-570 +686 +658
-596 +536 +616
-640 +360 +713
-606 +406 +656
-618 +405 +659
-620 +397 +684
-550 +732 +712
-558 +576 +733
-574 +513 +729
-594 +424 +724
-602 +437 +749
-607 +444 +714
-738 +381 +627
-735 +295 +555
-664 +382 +698
-636 +419 +728
-606 +445 +675
-532 +406 +442
-497 +340 +342
-418 +303 +082
-128 +238 -228
-048 +071 -008
+051 -067 +377
+312 +120 +890
+363 +222 +085
+283 +205 +486
+084 +284 +040
+041 +308 +040
+002 +249 +040
+094 +388 +040
+155 +357 +952
+216 +305 +834
+202 +052 +148
+174 +077 +015
+103 -019 +784
-080 -244 -032
-132 -279 -098
-173 -187 -017
-184 +092 +008
-156 +129 +038
-114 +071 +030
+054 +204 +124
+142 +217 +248
+191 +154 +688
+294 +338 +428
+337 +369 +463
+364 +350 +703
+262 +290 +040
+267 +296 +040
+227 +328 +040
+316 +402 +040
+338 +343 +793
+320 +146 +634
+242 -200 +084
+190 -114 +866
+104 -033 +665
-124 +156 +596
-169 +240 +473
-266 +247 +451
-508 +102 +294
-549 +151 +335
-585 +229 +403
-640 +328 +368
-640 +337 +479
-650 +355 +538
-652 +356 +748
-646 +403 +691
-643 +408 +770
-608 +542 +702
-623 +464 +722
-635 +426 +705
-690 +312 +694
-676 +352 +732
-658 +327 +715
-650 +392 +798
-641 +376 +737
-643 +399 +706
-660 +374 +698
-668 +352 +679
-658 +382 +693
-642 +448 +600
-581 +141 +864
-595 +204 +865
-614 +256 +910
-622 +253 +892
-634 +235 +864
-708 +220 +782
-751 +194 +815
-824 +185 +881
-886 +174 +042
-850 +191 +975
-802 +228 +846
-664 +378 +562
-625 +396 +461
-589 +367 +334
-542 +236 +114
-524 +213 +067
-489 +192 -039
-304 +204 -064
-266 +236 -012
-216 +291 +119
-034 +348 +710
-041 +328 +799
+000 +307 +920
+032 +218 +150
+072 +262 +250
+107 +315 +257
+148 +314 +220
+145 +253 +287
+046 +188 +484
-010 +252 +040
+013 +266 +040
+079 +271 +034
+204 +130 +812
+229 +191 +602
+227 +285 +324
+106 +284 +964
+054 +247 +064
-009 +208 +003
-092 +092 +508
-156 +064 +371
-248 +009 +287
-428 -088 +052
-412 -022 +053
-351 +073 +130
-218 +260 +220
-194 +276 +272
-172 +239 +376
-068 +226 +666
-027 +287 +780
+015 +278 +886
+114 +132 +080
+127 +135 +143
+127 +199 +335
+128 +344 +612
+121 +298 +707
+144 +255 +799
+178 +200 +004
+179 +152 +923
+187 +080 +701
+146 -034 +198
+120 -022 +130
+078 +012 +098
+062 +210 +020
+031 +245 +037
-005 +297 +074
-096 +370 +106
-147 +330 +091
-191 +283 +037
-248 +268 +840
-263 +295 +767
-283 +298 +685
-352 +338 +524
-385 +314 +486
-422 +339 +436
-502 +416 +480
-521 +431 +521
-322 +098 +283
-678 -108 +124
-656 +137 +912
-657 +287 +719
-682 +352 +558
-670 +358 +589
-661 +372 +566
-672 +290 +710
-674 +388 +806
-654 +406 +738
-634 +278 +598
-641 +336 +667
-651 +355 +674
-650 +372 +716
-659 +371 +731
-656 +389 +694
-781 +235 +577
-766 +244 +566
-742 +274 +614
-712 +250 +581
-656 +286 +620
-606 +370 +660
-612 +340 +529
-579 +312 +354
-494 +206 +102
-440 +210 +115
-354 +188 +197
-180 +242 +516
-121 +274 +705
-086 +282 +920
+016 +252 +186
+046 +155 +193
+079 +067 +174
+110 +036 +408
+082 -058 +633
+016 -140 +837
+040 +118 +040
+076 +156 +040
+141 +229 +021
+246 +198 +712
+238 +176 +538
+221 +183 +389
+144 +120 +092
+124 +101 +935
+042 +043 +674
-092 +058 +198
-623 +401 +685
-578 +416 +618
-564 +343 +596
-572 +301 +617
-558 +270 +610
-541 +298 +624
-505 +287 +666
-468 +058 +694
-458 +052 +731
-440 +024 +719
-346 -004 +616
-316 -036 +641
-288 -110 +683
-200 -114 +840
-173 -146 +859
-157 -235 +007
-064 -114 +206
+000 -026 +178
+037 +001 +259
+106 +028 +288
+131 -038 +256
+158 -040 +243
+268 -110 +312
+257 -133 +424
+261 -098 +472
+310 -136 +364
+324 -032 +309
+336 +001 +316
+354 +022 +270
+347 +009 +274
+359 -038 +245
+408 -048 +250
+410 +014 +286
+412 +104 +237
+382 +242 +102
+368 +223 +107
+319 +288 +148
+226 +350 +114
+188 +329 +137
+146 +360 +129
+020 +344 +950
+002 +287 +959
-028 +270 +946
-116 +342 +826
-144 +315 +839
-189 +324 +788
-284 +336 +710
-327 +298 +723
-364 +208 +757
-418 +162 +818
-450 +195 +812
-488 +219 +772
-566 +218 +690
-582 +200 +690
-597 +214 +700
-636 +164 +678
-656 +124 +669
-678 +101 +632
-680 +110 +558
-681 +078 +562
-677 +113 +553
-664 +400 +770
-672 +307 +762
-700 +229 +716
-744 +114 +726
-749 +121 +770
-751 +128 +721
-770 +148 +774
-402 +746 +501
-412 +746 +539
-416 +766 +604
-423 +795 +591
-411 +833 +593
-376 +906 +570
-345 +932 +558
-302 +979 +488
-262 +992 +400
-267 +904 +421
-292 +797 +425
-344 +624 +384
-359 +621 +375
-363 +597 +380
-340 +532 +342
-349 +518 +382
-362 +398 +500
-400 +182 +608
-398 +192 +633
-350 +220 +674
-298 +224 +796
-317 +174 +830
-263 +158 +923
-114 +220 +130
-111 +135 +112
-081 +057 +064
+016 -030 +894
+031 -059 +982
+060 -003 +107
+150 +134 +382
+155 +104 +404
+177 +008 +414
+262 -096 +440
+293 -045 +412
+340 -053 +345
+400 -134 +208
+392 -098 +280
+380 -043 +259
+332 -120 +188
+335 -112 +170
+348 -073 +151
+354 -064 +216
+364 -066 +176
+376 +034 +141
+356 +228 +004
+334 +207 +018
+310 +248 +067
+264 +054 +316
+251 +130 +307
+246 +213 +233
+184 +162 +044
+151 +164 +002
+114 +226 +018
+022 +272 +020
-005 +218 +973
-067 +190 +881
-224 +140 +912
-248 +174 +868
-274 +198 +855
-354 +232 +870
-379 +215 +890
-395 +236 +855
-462 +184 +728
-486 +105 +695
-543 +004 +677
-616 -008 +628
-640 -001 +675
-676 +009 +717
-716 +018 +740
-715 +049 +737
-710 +046 +745
-700 +218 +792
-723 +101 +778
-732 +069 +746
-748 +070 +732
-747 +062 +617
-753 +086 +615
-772 +038 +622
-772 +061 +620
-777 +093 +651
-784 +056 +634
-778 +083 +628
-785 +072 +629
-806 +008 +584
-800 +072 +643
-757 +280 +628
-676 +564 +585
-598 +536 +648
-665 +382 +613
-675 +355 +699
-630 +296 +762
-634 +295 +727
-578 +306 +630
-462 +266 +382
-430 +196 +429
-415 +093 +575
-436 -052 +770
-410 -050 +776
-383 -074 +734
-284 -156 +700
-261 -169 +726
-235 -210 +829
-142 -256 +972
-104 -299 +026
-058 -373 +082
+062 -438 +246
+091 -383 +348
+122 -338 +381
+186 -492 +286
+246 -444 +199
+367 -367 +162
+592 -100 +226
+633 -068 +285
+668 -161 +361
+784 -066 +286
+732 -116 +329
+673 -135 +271
+578 -200 +014
+543 -229 +939
+477 -128 +934
+334 -076 +970
+303 -166 +000
+285 -205 +025
+272 -226 +132
+278 -220 +178
+323 -185 +201
+398 -146 +204
+399 -044 +196
+381 +137 +217
+280 +254 +270
+248 +233 +238
+206 +239 +108
+096 +186 +802
+038 +117 +818
-021 +105 +840
-112 +194 +828
-128 +238 +793
-191 +245 +771
-340 +218 +674
-379 +154 +691
-427 +155 +732
-484 +200 +778
-510 +195 +796
-540 +214 +813
-602 +220 +850
-606 +198 +827
-618 +172 +801
-604 +280 +670
-621 +268 +647
-646 +199 +632
-666 +090 +582
-663 +059 +618
-689 +040 +630
-750 +052 +736
-740 +117 +779
-724 +137 +617
-772 +016 +726
-774 -013 +778
-772 +031 +771
-752 +082 +798
-761 +086 +769
-762 +060 +714
-762 +032 +610
-757 +039 +629
-775 +266 +673
-699 +418 +659
-524 +718 +684
-520 +665 +663
-519 +614 +625
-506 +472 +522
-508 +396 +504
-517 +297 +503
-524 +108 +498
-495 +072 +568
-468 +082 +614
-416 -036 +714
-427 -104 +705
-389 -109 +703
-324 -270 +870
-293 -228 +879
-238 -251 +931
-070 -330 +972
-062 -382 +019
-032 -350 +112
+078 -170 +306
+095 -183 +359
+112 -238 +387
+190 -392 +282
+273 -318 +272
+327 -305 +301
+490 -226 +290
+514 -167 +282
+510 -158 +295
+586 -176 +244
+566 -102 +204
+528 -044 +199
+454 -008 +172
+449 +008 +131
+425 +079 +111
+324 +198 +176
+348 +199 +158
+353 +116 +119
+308 +088 +082
+291 +206 +096
+272 +245 +091
+204 +196 +222
+175 +220 +170
+135 +237 +122
+020 +128 +130
+014 +212 +094
+019 +302 +029
-012 +452 +832
-032 +464 +829
-060 +439 +756
-132 +348 +822
-177 +316 +797
-228 +290 +759
-378 +206 +698
-419 +197 +690
-464 +184 +711
-526 +130 +734
-549 +126 +724
-573 +115 +722
-628 +054 +746
-648 +060 +721
-648 +047 +716
-660 -062 +774
-693 -116 +797
-713 -113 +784
-754 -042 +708
-751 -038 +718
-723 +063 +726
-738 -040 +670
-740 -058 +663
-739 -040 +708
-746 -042 +712
-748 -040 +715
-778 -013 +724
-756 -006 +650
-757 +238 +659
-768 +471 +487
-580 +730 +644
-537 +658 +729
-529 +560 +852
-512 +438 +768
-509 +363 +638
-521 +202 +544
-532 -064 +418
-514 -120 +375
-447 -114 +430
-342 -170 +642
-308 -220 +765
-306 -313 +790
-278 -474 +950
-273 -492 +062
-258 -503 +103
-160 -456 +048
-114 -331 +062
-072 -305 +159
+016 -364 +350
+023 -320 +334
+051 -415 +388
+238 -584 +396
+282 -457 +326
+300 -243 +304
+270 -102 +396
+262 +002 +366
+249 -013 +365
+164 +014 +246
+182 -099 +169
+201 -070 +068
+126 -006 +876
+102 -028 +977
+116 -017 +110
+178 -010 +290
+150 +015 +198
+145 +022 +168
+108 +132 +156
+095 +192 +197
+070 +192 +193
+020 +078 +168
+008 +148 +131
-007 +137 +114
-068 +216 +106
-086 +255 +096
-094 +258 +066
-178 +090 +132
-211 +095 +086
-228 +179 +969
-366 +130 +824
-398 +148 +820
-402 +247 +730
-398 +230 +668
-426 +200 +702
-439 +227 +698
-498 +150 +680
-563 +065 +645
-617 +039 +587
-702 -048 +568
-698 -098 +624
-713 -105 +672
-750 -146 +712
-726 +052 +805
-739 +048 +785
-804 -156 +584
-794 -047 +499
-808 -040 +563
-806 +270 +832
-802 +146 +739
-797 +110 +694
-816 +064 +660
-812 +067 +622
-804 +077 +621
-809 +229 +579
-800 +320 +550
-736 +466 +692
-671 +495 +657
-639 +494 +666
-590 +330 +744
-589 +303 +682
-569 +289 +625
-564 +268 +538
-550 +243 +587
-553 +187 +605
-498 +102 +710
-498 +068 +708
-483 +028 +702
-468 -224 +758
-461 -239 +779
-426 -241 +778
-348 -294 +816
-341 -286 +825
-299 -258 +810
-214 -238 +838
-211 -319 +911
-151 -311 +062
+036 -194 +184
+058 -235 +292
+096 -336 +403
+208 -284 +462
+235 -326 +439
+306 -279 +446
+414 +036 +368
+400 +082 +444
+367 +099 +421
+350 +068 +208
+322 +088 +141
+273 +095 +054
+166 +094 +872
+135 +095 +910
+098 +069 +972
+062 -084 +174
+074 -043 +214
+110 +040 +182
+176 +068 +114
+053 +174 +128
+130 +242 +201
+182 +360 +248
+169 +361 +216
+153 +358 +202
+114 +378 +068
+087 +384 +007
+046 +447 +941
-054 +466 +964
-070 +445 +990
-109 +376 +913
-210 +304 +732
-248 +276 +671
-292 +232 +671
-404 +292 +740
-424 +264 +744
-459 +256 +719
-508 +334 +736
-539 +259 +738
-587 +091 +736
-602 +148 +682
-604 +258 +700
-616 +285 +731
-648 +238 +762
-661 +199 +796
-679 +163 +737
-710 +132 +454
-735 +078 +525
-759 +050 +579
-762 +106 +660
-760 +143 +668
-771 +112 +651
-794 +086 +620
-793 +117 +644
-794 +093 +633
-792 +056 +656
-787 +123 +656
-713 +332 +259
-690 +483 +480
-694 +376 +720
-680 +367 +673
-652 +400 +620
-592 +464 +586
-588 +415 +562
-561 +360 +510
-514 +204 +528
-517 +187 +547
-511 +060 +617
-592 -182 +644
-584 -192 +664
-571 -244 +752
-496 -226 +920
-480 -218 +912
-456 -227 +880
-362 -158 +870
-348 -186 +881
-338 -189 +848
-284 -318 +964
-233 -256 +026
-172 -189 +134
-090 -110 +278
-072 -149 +239
-051 -170 +171
-006 -306 +094
+013 -350 +128
+056 -213 +171
+076 -150 +324
+125 -060 +319
+150 +021 +350
+188 -140 +336
+209 -062 +291
+226 -018 +246
+236 +242 +016
+221 +202 +083
+186 +203 +114
+122 +018 +068
+112 +000 +032
+081 +014 +984
+050 +030 +950
+044 +021 +016
+072 +104 +111
+112 +090 +300
+109 +125 +182
+109 +153 +105
+062 +168 +206
+058 +175 +240
+073 +189 +180
+070 +228 +052
+069 +261 +068
+053 +284 +039
+006 +342 +084
-004 +379 +095
-025 +392 +116
-098 +376 +088
-125 +333 +071
-164 +300 +044
-246 +426 +950
-255 +384 +949
-274 +261 +947
-328 +184 +828
-332 +199 +769
-389 +161 +749
-500 -026 +682
-533 -011 +690
-555 +113 +732
-618 +066 +754
-629 +054 +775
-625 +081 +745
-660 +012 +720
-680 -016 +665
-697 -030 +614
-732 +004 +542
-733 +025 +572
-735 +067 +605
-722 +234 +778
-748 +138 +680
-762 +110 +599
-768 +052 +658
-769 +097 +688
-760 +120 +713
-764 +082 +602
-780 +091 +722
-773 +180 +688
-772 +234 +623
-738 +456 +740
-705 +556 +753
-660 +618 +706
-614 +414 +590
-601 +394 +541
-566 +342 +479
-534 +262 +484
-532 +294 +480
-528 +245 +538
-524 +038 +632
-510 -032 +620
-490 -149 +603
-472 -298 +564
-445 -270 +642
-444 -242 +763
-368 -136 +922
-348 -198 +958
-304 -226 +018
-208 -172 +142
-194 -209 +153
-166 -169 +165
-090 -280 +248
-065 -342 +276
-051 -390 +318
-012 -294 +346
+004 -178 +299
+018 -190 +315
+080 -154 +278
+069 -206 +287
+059 -200 +246
+072 -096 +188
+069 -057 +174
+078 +017 +087
+074 +110 +946
+063 -026 +034
+083 -046 +085
+070 +136 +094
+050 +040 +064
+050 -052 +066
+078 -018 +148
+099 +056 +076
+087 -003 +056
+050 +036 +086
+028 +050 +115
+023 +016 +144
+012 +040 +106
+027 +088 +094
+028 +102 +126
+018 +230 +112
+003 +244 +090
-022 +210 +106
-022 +324 +156
-030 +326 +138
-036 +314 +140
-086 +298 +100
-099 +305 +051
-111 +262 +997
-174 +288 +964
-180 +303 +980
-199 +246 +073
-290 +152 +132
-306 +195 +064
-338 +190 +973
-402 +270 +802
-411 +290 +767
-452 +275 +769
-498 +088 +766
-512 +068 +753
-531 +030 +731
-626 -070 +636
-646 -042 +588
-674 -036 +536
-726 -050 +546
-717 +109 +713
-696 +138 +759
-744 +160 +586
-761 +096 +544
-780 +062 +565
-782 +124 +618
-797 +109 +626
-795 +214 +685
-792 +208 +536
-750 +398 +512
-730 +416 +607
-686 +455 +662
-596 +586 +654
-578 +555 +654
-561 +456 +617
-566 +236 +498
-582 +252 +450
-593 +222 +457
-640 +050 +552
-632 +004 +585
-615 -021 +605
-554 -032 +602
-522 -062 +582
-492 -142 +624
-422 -248 +702
-410 -202 +740
-389 -177 +788
-322 -236 +028
-317 -294 +126
-310 -359 +236
-314 -346 +438
-282 -323 +334
-245 -318 +245
-174 -306 +166
-124 -280 +143
-052 -221 +121
+020 -194 +148
+034 -166 +151
+019 -126 +128
-002 -268 +342
+013 -122 +316
+017 -071 +282
-010 -008 +064
+003 -039 +026
+045 +004 +138
+088 +236 +148
+085 +191 +138
+083 +093 +145
+068 +018 +986
+054 +009 +989
+054 +022 +028
+028 +062 +040
+029 +052 +039
+021 +007 +086
+014 +144 +122
+017 +139 +132
+003 +100 +160
-040 +100 +196
-034 +150 +195
-048 +163 +200
-080 +192 +164
-101 +239 +167
-128 +304 +163
-198 +186 +230
-189 +194 +235
-173 +269 +131
-182 +336 +988
-190 +324 +988
-200 +341 +906
-300 +296 +738
-349 +205 +819
-382 +208 +829
-464 +280 +792
-479 +287 +757
-496 +283 +693
-530 +192 +598
-528 +225 +612
-548 +256 +632
-598 +302 +666
-611 +281 +670
-635 +251 +671
-678 +190 +646
-683 +130 +652
-699 +104 +663
-704 +162 +646
-704 +162 +651
-699 +247 +674
-706 +290 +486
-732 +235 +561
-753 +203 +603
-792 +204 +582
-793 +281 +575
-805 +453 +468
-746 +428 +552
-724 +447 +620
-679 +494 +625
-580 +568 +548
-578 +551 +549
-601 +420 +535
-680 +106 +508
-672 +094 +464
-649 +110 +440
-614 +100 +528
-604 +093 +592
-588 +096 +640
-548 +002 +748
-569 -033 +720
-577 -056 +719
-588 -072 +790
-571 -064 +837
-540 -061 +829
-472 -126 +734
-446 -116 +767
-421 -105 +829
-360 -022 +920
-327 -045 +976
-302 -115 +066
-240 -204 +174
-224 -230 +184
-185 -215 +222
-060 -060 +292
-047 -099 +316
-022 -107 +304
+032 -194 +212
+056 -186 +187
+082 -135 +167
+110 -086 +184
+129 -062 +212
+144 -004 +261
+178 -002 +316
+158 +063 +249
+149 +026 +223
+078 +084 +086
+046 -044 +077
+050 -073 +043
+050 +162 +934
+014 +089 +015
-003 +019 +104
+014 +068 +050
-001 -011 +118
-019 +019 +105
-048 +112 +998
-057 +085 +047
-069 +123 +106
-044 +208 +140
-047 +184 +160
-048 +231 +166
-050 +342 +098
-074 +314 +073
-108 +304 +042
-210 +428 +036
-223 +404 +083
-245 +330 +071
-296 +284 +824
-321 +304 +848
-338 +332 +849
-314 +484 +748
-360 +427 +712
-427 +353 +678
-506 +296 +640
-526 +271 +684
-549 +269 +755
-582 +284 +760
-591 +246 +726
-601 +184 +658
-660 +092 +428
-686 +095 +423
-732 +072 +467
-810 -026 +556
-819 -020 +607
-815 +015 +653
-744 +652 +746
-770 +303 +727
-794 +174 +682
-878 -096 +562
-874 -066 +435
-865 +015 +442
-814 +298 +818
-803 +283 +665
-811 +162 +642
-846 +166 +702
-840 +132 +607
-861 +303 +355
-819 +376 +338
-752 +374 +552
-744 +399 +572
-715 +464 +572
-688 +514 +538
-681 +460 +593
-684 +408 +573
-652 +294 +414
-654 +205 +394
-677 +097 +441
-652 +060 +576
-664 +080 +595
-655 +071 +651
-694 -092 +692
-666 -116 +682
-636 -175 +670
-578 -276 +728
-540 -262 +728
-516 -236 +729
-424 +000 +682
-417 -060 +724
-395 -083 +852
-366 +136 +932
-352 +015 +926
-333 -155 +059
-288 -442 +300
-260 -384 +355
-218 -330 +401
-150 -240 +454
-131 -199 +354
-093 -174 +230
-054 -298 +158
-021 -242 +104
+006 -162 +168
+004 +042 +226
-007 -004 +190
-015 -008 +157
-068 -024 +226
-033 +021 +199
-012 +021 +205
+044 -036 +186
+031 +040 +060
+008 +056 +982
-060 -016 +172
-055 +069 +197
-066 +110 +182
-068 +164 +112
-063 +186 +100
-055 +211 +109
-038 +270 +062
-047 +259 +089
-062 +274 +127
-096 +286 +178
-101 +348 +114
-115 +428 +024
-210 +220 +022
-262 +129 +013
-298 +165 +992
-368 +196 +004
-378 +182 +039
-384 +189 +016
-392 +312 +892
-414 +258 +859
-454 +169 +827
-504 +158 +706
-523 +126 +667
-546 +134 +612
-568 +142 +426
-594 +119 +455
-634 +029 +544
-750 -162 +730
-775 -159 +689
-790 -189 +666
-834 -130 +634
-844 -159 +611
-843 -188 +595
-818 -080 +632
-819 -072 +627
-812 -008 +588
-840 +098 +270
-821 +058 +354
-823 +146 +607
-816 -082 +458
-826 -006 +498
-797 +228 +494
-772 +359 +490
-724 +446 +670
-713 +455 +697
-695 +446 +718
-672 +408 +710
-670 +393 +646
-647 +357 +574
-618 +072 +576
-617 +087 +530
-593 +143 +485
-574 +046 +542
-570 +015 +580
-554 -003 +590
-502 -076 +622
-496 -114 +692
-485 -167 +785
-488 -270 +912
-475 -243 +912
-461 -271 +924
-434 -378 +014
-412 -328 +989
-372 -337 +012
-272 -290 +148
-238 -362 +183
-176 -387 +243
-034 -384 +312
-005 -332 +293
+023 -268 +266
+114 -066 +204
+131 -015 +204
+158 +059 +274
+178 +212 +428
+152 +156 +394
+124 +052 +292
+072 -022 +104
+056 -071 +979
+050 -125 +931
+064 -100 +152
+082 +031 +177
+083 +045 +230
+094 +040 +212
+094 +041 +132
+085 +057 +116
+112 +200 +126
+109 +227 +181
+096 +221 +220
+074 +230 +190
+055 +231 +125
+017 +216 +109
-066 +224 +020
-102 +242 +034
-155 +171 +098
-230 -012 +224
-253 +030 +144
-269 +071 +083
-296 +132 +946
-301 +181 +917
-335 +219 +846
-400 +144 +796
-420 +129 +757
-439 +095 +719
-530 -090 +612
-549 +004 +614
-580 +092 +610
-656 +070 +562
-677 +041 +566
-694 +040 +589
-724 +038 +680
-735 +034 +691
-747 +040 +716
-760 +078 +704
-768 +056 +704
-774 +051 +691
-770 +076 +648
-771 +068 +647
-764 +132 +615
-738 +226 +276
-774 +137 +470
-765 +103 +661
-758 +182 +648
-772 +170 +657
-794 +149 +709
-798 +184 +588
-800 +164 +602
-799 +273 +646
-794 +265 +599
-736 +484 +630
-700 +497 +646
-667 +510 +576
-682 +516 +480
-700 +447 +463
-710 +373 +469
-676 +280 +578
-641 +292 +581
-624 +313 +526
-558 +176 +500
-574 +117 +524
-562 +061 +524
-504 -076 +550
-494 -136 +583
-476 -138 +583
-426 -052 +690
-406 -076 +794
-376 -099 +916
-354 -172 +098
-361 -258 +142
-351 -328 +170
-244 -284 +078
-214 -296 +102
-173 -285 +200
-092 -194 +370
-084 -226 +410
+252 +020 +046
+238 -001 +041
+229 +030 +016
+210 +020 +040
+200 -006 +068
+168 -099 +061
+126 -072 +070
+122 -085 +076
+113 -048 +056
+108 -046 +002
+118 +006 +004
+127 +041 +017
+140 +118 +088
+141 +097 +087
+141 +122 +072
+142 +136 +054
+144 +147 +028
+152 +104 +024
+158 +086 +988
+149 +069 +025
+157 +103 +019
+092 +158 +066
+116 +116 +070
+129 +143 +020
+144 +154 +122
+131 +075 +033
+141 +100 +098
+146 +050 +116
+140 +044 +935
-390 +304 +951
-308 +238 +825
-396 +188 +878
-427 +342 +807
-431 +307 +866
-414 +182 +920
-403 +179 +914
-391 +221 +971
-398 +262 +998
-402 +261 +920
-406 +249 +836
-422 +124 +766
-408 +070 +763
-398 -009 +787
-382 -130 +886
-365 -118 +927
-312 -051 +920
-190 -100 +620
-172 -068 +693
-122 -011 +736
-102 -078 +214
-039 +061 +126
+013 +153 +088
+114 +066 +190
+163 +163 +159
+179 +209 +159
+194 +242 +204
+195 +272 +374
+203 +367 +460
+152 +332 +410
+150 +315 +167
+131 +378 +075
+140 +302 +104
+138 +232 +178
+172 +281 +153
+172 +122 +034
+205 +222 +963
+212 +227 +978
+278 +254 +964
+281 +232 +940
+280 +199 +948
+276 +174 +012
+282 +193 +028
+305 +118 +107
+344 +096 +086
+350 +057 +030
+344 -024 +125
+312 -180 +066
+310 -110 +083
+268 -169 +138
+234 +002 +948
+214 -086 +014
+186 -126 +018
+160 -108 +076
+146 -159 +192
+123 -200 +150
+104 -176 +024
+103 -122 +022
+092 -107 +015
+096 +048 +892
+107 +001 +963
+141 -005 +049
+184 +212 +210
+161 +181 +097
+126 +082 +089
+130 -062 +000
+156 +001 +048
+116 +077 +050
+134 -012 +010
+164 +037 +009
+157 +061 +038
+142 -008 +006
+158 +074 +033
+155 +091 +064
+140 +014 +032
+144 +098 +011
+137 +079 +080
+154 +084 +962
+172 +102 +035
+160 +071 +056
-570 +362 +866
-552 +363 +768
-592 +306 +840
-585 +289 +783
-584 +311 +780
-582 +366 +736
-580 +350 +775
-578 +306 +757
-558 +242 +688
-559 +191 +791
-538 +173 +719
-504 +000 +656
-454 -034 +647
-432 -088 +610
-338 -092 +508
-314 -100 +486
-272 -224 +677
-118 -156 +664
-043 +062 +903
-009 +163 +002
+114 -006 +526
+158 +129 +380
+178 +094 +512
+228 +614 +516
+198 +679 +497
+156 +694 +405
+098 +396 +434
+072 +302 +410
+058 +268 +248
+050 +218 +278
+064 +183 +206
+093 +261 +071
+144 +244 +026
+164 +335 +010
+174 +245 +939
+166 +116 +942
+193 +130 +003
+160 +047 +036
+192 +348 +078
+191 +308 +089
+194 +133 +079
+204 -022 +020
+193 -071 +984
+163 -136 +024
+094 -104 +164
+063 -132 +152
+041 -090 +122
+004 -196 +216
+005 -177 +200
+019 -098 +132
+054 +016 +128
+036 -016 +074
+033 +065 +054
+020 +010 +046
+024 -003 +042
+032 +021 +033
-016 +108 +138
-002 +040 +091
+021 +030 +091
+076 +062 +046
+067 +037 +015
+082 +034 +037
+082 -014 +094
+076 +015 +054
+072 +006 +025
+082 +236 +136
+079 +126 +108
+083 +088 +086
-560 +335 +817
-585 +382 +848
-608 +358 +710
-613 +321 +741
-577 +336 +736
-552 +260 +860
-549 +185 +847
-551 +118 +748
-510 -008 +518
-521 -091 +488
-472 -113 +517
-318 -048 +568
-316 -159 +734
-250 -107 +691
-152 -066 +758
-073 -013 +836
+000 +072 +037
+134 +426 +192
+121 +331 +188
+146 +339 +240
+228 +212 +724
+219 +163 +658
+243 +289 +467
+134 +514 +418
+123 +564 +442
+103 +548 +382
+102 +406 +242
+114 +384 +194
+140 +342 +160
+160 +166 +016
+186 +266 +958
+191 +250 +987
+236 +268 +966
+249 +257 +942
+274 +240 +956
+290 +194 +134
+276 +154 +087
+261 +130 +007
+222 +036 +052
+223 +010 +036
+209 -018 +124
+148 -204 +188
+153 -091 +186
+138 -097 +171
+084 -050 +114
+070 -067 +078
+059 -062 +033
+026 -108 +064
+017 -080 +057
+012 -044 +051
-092 +230 +414
-042 +151 +127
-012 +082 +117
+036 +038 +058
+045 +010 +059
+050 +056 +018
+074 +166 +074
+087 +120 +111
+105 +092 +033
+138 +128 +132
+125 +125 +153
+085 +141 +070
+100 +256 +880
+114 +256 +975
-635 +512 +531
-651 +406 +566
-648 +368 +584
-657 +435 +635
-643 +507 +571
-652 +342 +552
-644 +308 +577
-637 +268 +651
-596 +212 +774
-576 +133 +733
-538 +045 +664
-400 -170 +500
-402 -278 +517
-357 -303 +521
-236 +068 +614
-164 +018 +759
-039 -026 +953
+194 -376 +448
+277 +157 +307
+227 +370 +317
+138 +592 +676
+146 +648 +738
+120 +600 +623
+070 +536 +316
+065 +500 +352
+060 +458 +331
+062 +550 +322
+062 +494 +249
+078 +452 +145
+156 +354 +996
+182 +344 +999
+217 +323 +957
+260 +130 +970
+251 +147 +985
+246 +175 +955
+244 +156 +924
+242 +116 +969
+233 +060 +996
+210 -144 +120
+204 -159 +145
+177 -176 +168
+132 -172 +188
+105 -236 +171
+065 -284 +160
-004 -294 +146
-016 -256 +161
-029 -216 +079
-020 -080 +072
-014 -086 +081
-002 -094 +092
+034 -032 +076
+040 +009 +058
+051 +068 +025
+124 +424 +082
+086 +265 +203
+045 +027 +152
+036 +066 +104
+027 +085 +075
+028 +095 +057
+052 +134 +032
+044 -014 +012
+064 +073 +036
+058 +054 +082
+062 +074 +157
-540 +390 +826
-547 +337 +767
-540 +346 +746
-551 +352 +752
-556 +371 +699
-570 +276 +712
-570 +240 +733
-567 +230 +714
-556 +246 +736
-528 +130 +737
-490 -022 +631
-434 -242 +444
-368 -136 +519
-306 +058 +649
-290 -096 +840
-253 -059 +808
-171 +145 +846
-054 +296 +304
-036 +294 +263
-019 +286 +240
-014 +334 +002
+072 +554 +181
+062 +511 +305
+130 +564 +158
+088 +582 +191
+076 +607 +220
+094 +622 +206
+079 +659 +190
+066 +673 +176
+128 +562 +028
+154 +528 +972
+151 +416 +028
+128 +212 +136
+139 +258 +956
+140 +297 +879
+158 +372 +932
+173 +351 +998
+192 +349 +071
+158 +138 +176
+148 +190 +143
+141 +274 +066
+116 +290 +924
+123 +285 +984
+139 +248 +012
+182 +272 +952
+181 +176 +975
+160 +093 +046
+158 +088 +144
+120 +061 +089
+055 -031 +086
+040 +122 +044
+030 +011 +099
+001 -105 +154
+006 +148 +114
+008 +243 +010
-002 +235 +052
+032 +146 +098
+027 +068 +057
+041 +067 +063
+066 +092 +110
+057 +116 +071
+059 +145 +058
+064 +176 +056
+051 +154 +052
+056 +174 +040
+064 +242 +094
+068 +200 +052
+070 +210 +011
+056 +232 +070
+048 +244 +069
-462 +333 +832
-456 +326 +846
-418 +270 +954
-409 +277 +925
-404 +289 +929
-430 +332 +888
-436 +317 +895
-442 +329 +853
-440 +222 +826
-467 +147 +778
-456 +079 +703
-422 -100 +554
-409 -175 +585
-331 -151 +572
-184 -066 +764
-122 -084 +753
-104 -085 +832
+046 -102 +720
+107 +125 +869
+132 +079 +173
+182 +248 +080
+232 +276 +100
+257 +260 +129
+314 +396 +624
+320 +424 +589
+296 +370 +562
+246 +452 +162
+203 +410 +188
+197 +565 +239
+210 +524 +236
+198 +439 +214
+199 +316 +115
+244 +416 +054
+245 +284 +999
+252 +327 +967
+272 +370 +968
+254 +310 +994
+263 +317 +942
+284 +192 +072
+279 +209 +063
+263 +133 +942
+176 -116 +004
+187 -044 +045
+189 +021 +140
+118 -174 +090
+121 -109 +087
+123 -078 +052
+136 -084 +156
+139 -054 +186
+148 -051 +117
+114 -050 +128
+079 -150 +082
+071 -101 +030
+054 -110 +038
+059 -039 +054
+077 +047 +026
+186 +280 +260
+117 +127 +149
+067 +081 +980
+108 +158 +968
+137 +108 +999
+150 +047 +002
+108 +222 +110
+120 +155 +101
+139 +066 +064
+160 +092 +024
+140 +111 +028
+137 +088 +053
+118 +102 +072
+118 +118 +028
+113 +123 +057
-267 +433 +913
-274 +422 +888
-272 +450 +798
-274 +429 +910
-271 +465 +929
-314 +366 +918
-325 +318 +888
-329 +243 +871
-322 +118 +800
-300 +080 +788
-287 +026 +744
-254 -080 +662
-238 -009 +659
-183 +113 +800
-106 +110 +878
-076 +139 +878
-008 +057 +858
+112 -002 +126
+159 +103 +038
+190 +185 +132
+284 +258 +042
+287 +337 +179
+323 +450 +180
+296 +564 +530
+321 +668 +383
+298 +592 +321
+302 +658 +132
+279 +564 +235
+291 +524 +157
+264 +378 +924
+264 +434 +933
+291 +372 +917
+336 +300 +958
+379 +408 +898
+377 +323 +970
+396 +260 +028
+400 +295 +961
+394 +172 +174
+344 +240 +658
+338 +313 +826
+327 +237 +064
+318 +076 +964
+282 -101 +049
+248 -188 +007
+138 -158 +098
+124 -179 +090
+122 -103 +024
+102 -116 +092
+106 -118 +099
+099 -094 +065
+126 +198 +094
+111 +056 +085
+122 +141 +058
+152 +102 +994
+155 +186 +108
+162 +109 +138
+160 +062 +068
+166 +053 +079
+162 +066 +059
+176 +086 +950
+182 +093 +044
+175 +088 +998
+160 +114 +058
-309 +319 +907
-342 +388 +835
-398 +346 +856
-417 +359 +859
-396 +446 +828
-400 +370 +808
-411 +295 +796
-416 +232 +807
-422 +120 +748
-423 +055 +741
-388 +050 +713
-280 +046 +756
-257 +000 +731
-208 -059 +676
-048 -064 +650
-054 -102 +799
+034 +117 +961
+126 +368 +806
+118 +341 +067
+192 +487 +104
+204 +648 +154
+235 +617 +222
+257 +645 +235
+286 +714 +234
+263 +665 +225
+271 +834 +242
+188 +790 +278
+195 +807 +084
+163 +671 +943
+102 +436 +056
+153 +457 +010
+205 +362 +019
+296 +220 +988
+290 +291 +045
+286 +316 +991
+278 +448 +860
+278 +384 +821
+283 +354 +916
+306 +328 +980
+301 +244 +002
+301 +265 +061
+292 +174 +020
+275 +193 +994
+261 +212 +059
+198 -034 +268
+178 +005 +229
+159 +015 +157
+106 -092 +126
+107 -032 +068
+117 +040 +014
+104 +132 +028
+136 +217 +040
+135 +225 +020
+186 +260 +120
+178 +231 +096
+157 +215 +022
+136 +256 +968
+132 +298 +966
+175 +227 +937
+076 +152 +368
+113 +177 +200
+137 +189 +083
+158 +268 +048
+176 +279 +072
+155 +228 +039
-491 +511 +792
-515 +484 +701
-566 +450 +868
-532 +442 +788
-487 +509 +727
-486 +480 +810
-489 +492 +718
-502 +420 +694
-478 +228 +532
-483 +073 +562
-469 -054 +632
-360 -076 +510
-314 -061 +503
-228 -151 +732
-052 +226 +808
+017 +291 +977
+033 +176 +961
+270 +838 +150
+214 +600 +238
+243 +650 +266
+184 +882 +168
+168 +944 +301
+113 +952 +329
+108 +838 +298
+086 +768 +207
+060 +726 +140
+032 +528 +848
+034 +478 +994
+065 +417 +977
+130 +410 +992
+159 +417 +957
+171 +400 +883
+208 +426 +778
+207 +399 +899
+240 +469 +913
+242 +370 +974
+233 +416 +955
+191 +304 +067
+160 +286 +138
+162 +291 +133
+157 +270 +116
+164 +210 +040
+153 +157 +090
+130 +125 +016
+076 -022 +136
+063 +005 +117
+050 -007 +118
+024 +064 +078
+023 +069 +073
+038 +149 +071
-006 +442 +038
+019 +223 +073
+048 +189 +065
+082 +142 +990
+073 +154 +055
+058 +082 +118
+062 +162 +900
+075 +303 +977
+067 +216 +008
+096 +188 +138
+112 +169 +085
+118 +182 +035
+124 +334 +100
+111 +229 +079
+113 +236 +071
+122 +184 +996
+115 +191 +017
-554 +445 +716
-593 +432 +699
-600 +358 +662
-612 +362 +705
-592 +355 +745
-570 +406 +758
-572 +360 +750
-577 +261 +693
-560 +044 +642
-550 +037 +686
-533 +027 +699
-460 -172 +680
-405 -149 +675
-291 +029 +756
-162 +040 +736
-098 +122 +732
-053 +245 +828
+000 +338 +070
+007 +494 +204
+019 +527 +227
+022 +530 +276
+045 +612 +455
+051 +717 +350
+010 +704 +218
-010 +560 +229
-036 +419 +161
-034 +426 +924
-027 +495 +003
-003 +407 +037
+054 +272 +100
+071 +231 +125
+090 +311 +089
+128 +238 +842
+117 +254 +889
+099 +258 +952
+102 +408 +930
+111 +422 +907
+119 +406 +892
+168 +346 +066
+164 +281 +067
+159 +253 +093
+130 +090 +120
+121 +134 +171
+103 +121 +127
+058 +152 +070
+063 +158 +101
+068 +133 +091
+060 +126 +074
+135 +242 +112
+118 +181 +150
+038 +060 +086
+049 +222 +036
+047 +106 +037
+048 +098 +256
+068 +121 +135
+067 +108 +090
+082 +188 +022
+085 +204 +045
+087 +200 +062
+064 +234 +028
+083 +211 +026
+094 +239 +026
-564 +451 +729
-556 +467 +778
-558 +442 +694
-565 +420 +675
-569 +450 +689
-548 +498 +728
-551 +452 +623
-555 +378 +640
-584 +188 +738
-560 +222 +655
-533 +095 +668
-500 -186 +720
-426 +016 +658
-362 +002 +691
-214 -070 +718
-134 +035 +699
-089 +028 +910
+086 +290 +066
+087 +370 +205
+073 +388 +242
+014 +564 +056
+016 +604 +171
+010 +582 +299
+050 +864 +490
+034 +812 +365
+036 +756 +270
+018 +448 +098
+042 +430 +087
+050 +357 +095
+040 +352 +024
+083 +444 +978
+126 +405 +977
+176 +266 +010
+172 +324 +938
+169 +301 +986
+132 +324 +048
+123 +284 +172
+151 +394 +195
+124 +180 +994
+143 +224 +982
+144 +138 +009
+104 -040 +928
+103 -019 +982
+062 -086 +032
-016 -124 +254
-006 -012 +178
-012 -030 +141
-038 +010 +060
-042 -008 +033
-009 +024 +054
-052 -210 +056
-036 -144 +071
-026 -083 +034
+008 +150 +024
+006 +071 +072
+010 +048 +030
+030 +098 +058
+028 +130 +111
+032 +105 +063
+032 +032 +068
+046 +072 +061
+047 +068 +024
-587 +344 +881
-560 +385 +842
-544 +368 +718
-552 +366 +748
-557 +364 +751
-562 +390 +782
-554 +352 +760
-554 +272 +754
-540 +242 +748
-521 +268 +682
-510 +262 +626
-418 +180 +456
-436 +071 +480
-391 +020 +532
-344 -162 +844
-297 -082 +861
-229 -009 +863
-114 +112 +008
-057 +196 +980
-014 +174 +977
+056 +230 +240
+072 +354 +273
+072 +467 +272
+056 +476 +372
+086 +578 +449
+129 +746 +388
+130 +820 +166
+113 +818 +111
+121 +784 +079
+072 +282 +044
+097 +346 +001
+103 +320 +959
+112 +324 +868
+136 +384 +882
+163 +391 +894
+218 +456 +980
+223 +442 +969
+192 +446 +010
+186 +452 +008
+178 +374 +967
+180 +353 +071
+180 +236 +036
+175 +208 +146
+153 +087 +117
+080 -064 +218
+052 -059 +135
+038 +006 +220
-016 +024 +060
-021 -021 +155
-018 -006 +096
-018 +094 +050
-017 +125 +029
-019 +149 +025
-010 +238 +972
-013 +272 +027
-016 +180 +006
-014 +122 +144
+034 +355 +050
+023 +279 +972
+018 +108 +108
+006 +130 +001
+021 +180 +109
-004 +266 +116
-016 +164 +098
-010 +219 +061
-006 +182 +088
-012 +124 +989
-009 +133 +028
-036 +124 +992
-036 +138 +012
-632 +392 +725
-632 +382 +669
-652 +402 +700
-676 +391 +733
-654 +429 +717
-642 +324 +718
-633 +302 +685
-625 +275 +708
-598 +382 +646
-616 +391 +606
-615 +337 +585
-572 +186 +502
-554 +100 +478
-531 -029 +492
-434 -080 +490
-395 -096 +595
-334 -090 +626
-186 +192 +818
-148 +177 +847
-097 +165 +918
+010 +342 +078
+013 +363 +166
+021 +488 +359
-024 +814 +512
-018 +893 +357
-035 +817 +350
-022 +576 +262
-040 +543 +265
-033 +524 +242
-008 +424 +092
-005 +352 +117
+012 +373 +998
+062 +424 +942
+070 +354 +926
+093 +377 +970
+078 +264 +124
+099 +364 +062
+115 +405 +991
+144 +436 +932
+158 +399 +946
+167 +366 +944
+178 +268 +964
+181 +279 +006
+162 +191 +054
+116 +142 +084
+108 +118 +097
+085 +048 +120
+048 -072 +146
+036 -057 +141
+028 -045 +118
+020 +036 +104
+017 +027 +086
+026 +080 +075
+032 +166 +040
+046 +194 +065
+066 +308 +972
+060 +192 +076
+054 +127 +204
+103 +379 +665
+066 +134 +092
+081 +217 +091
+078 +191 +022
+080 +202 +140
+074 +151 +037
-638 +406 +672
-613 +398 +713
-604 +358 +720
-608 +390 +697
-594 +391 +679
-600 +384 +688
-601 +393 +736
-596 +403 +710
-608 +306 +694
-600 +231 +619
-586 +167 +594
-466 +056 +382
-483 +028 +396
-433 +037 +451
-322 -244 +586
-283 -268 +816
-228 +097 +973
-184 +400 +084
-168 +332 +050
-096 +300 +071
+020 +346 +188
+069 +576 +196
+038 +600 +145
+006 +490 +328
+002 +661 +366
+003 +802 +318
-002 +686 +200
-008 +603 +159
+008 +609 +131
+036 +372 +976
+053 +379 +977
+074 +364 +920
+124 +328 +944
+129 +332 +931
+149 +393 +943
+144 +322 +900
+158 +405 +924
+147 +305 +945
+136 +340 +946
+156 +431 +009
+166 +396 +051
+130 +050 +178
+135 +144 +172
+126 +104 +126
+066 -054 +140
+051 -050 +121
+032 -030 +162
+016 +104 +100
+003 +083 +111
+000 +119 +075
+026 +148 +082
+038 +157 +074
+048 +142 +048
+068 +170 +970
+063 +149 +958
+082 +243 +005
+026 +132 +190
+035 +113 +137
+026 +223 +035
+084 +160 +168
+074 +161 +097
+071 +209 +094
+066 +122 +004
+076 +209 +069
+072 +214 +077
-534 +415 +796
-538 +378 +761
-546 +410 +762
-551 +402 +732
-550 +456 +741
-594 +232 +706
-580 +214 +711
-562 +240 +710
-544 +146 +732
-537 +105 +674
-514 +064 +610
-402 -064 +632
-379 -114 +678
-311 -078 +725
-198 -038 +778
-130 +014 +827
-066 +121 +880
+096 +424 +982
+059 +394 +008
+065 +367 +176
+120 +682 +414
+095 +764 +444
+068 +792 +422
-014 +846 +278
-009 +824 +251
-006 +725 +189
+036 +448 +204
+036 +376 +206
+057 +376 +071
+070 +390 +872
+075 +394 +853
+081 +397 +887
+110 +452 +944
+111 +418 +961
+130 +428 +950
+148 +364 +968
+427 +292 +782
+435 +247 +849
+470 +254 +984
+484 +254 +997
+506 +259 +029
+568 +132 +140
+543 +140 +220
+513 +161 +322
+346 +050 +370
+344 +010 +354
+307 -070 +324
+170 -216 +294
+114 -224 +278
+087 -232 +184
-158 -238 +886
-217 -243 +849
-322 -250 +790
-484 -252 +746
-504 -199 +716
-553 -174 +680
-640 -088 +570
-653 -073 +553
-656 -014 +533
-668 +226 +478
-658 +318 +437
-667 +424 +403
-726 +274 +512
-721 +193 +545
-716 +220 +570
-664 +312 +612
-650 +367 +637
-634 +428 +677
-644 +484 +798
-636 +585 +795
-639 +667 +786
-654 +516 +676
-640 +508 +563
-632 +483 +435
-594 +450 +296
-584 +497 +293
-561 +548 +306
-502 +598 +488
-502 +655 +532
-490 +716 +519
-454 +656 +578
-460 +602 +616
-472 +616 +665
-434 +646 +930
-452 +671 +948
-473 +639 +978
-520 +556 +988
-548 +519 +967
-568 +516 +961
-586 +496 +920
-573 +508 +879
-560 +488 +825
-546 +448 +680
-536 +428 +646
-538 +453 +592
-510 +496 +454
-515 +475 +492
-539 +351 +566
-600 +126 +650
-621 +116 +649
-670 +047 +739
-782 -034 +862
-785 -021 +809
-763 +052 +690
-744 -008 +784
-747 -027 +799
-752 -098 +788
-784 -246 +696
-805 -292 +664
-844 -361 +635
-908 -524 +630
-915 -529 +578
-922 -480 +514
-934 -372 +528
-916 -327 +569
-898 -240 +607
-838 -098 +626
-832 -055 +601
-835 -041 +574
-820 -028 +506
-815 +004 +538
-791 +081 +560
-780 +274 +596
-776 +252 +575
-773 +226 +502
-752 +206 +332
-747 +239 +289
-731 +248 +318
-698 +324 +294
-687 +285 +362
-686 +230 +423
-666 +154 +528
-655 +119 +557
-608 +074 +512
-542 -100 +662
-516 -075 +729
-470 -022 +867
-348 +136 +028
-343 +083 +064
-332 +019 +072
-292 -054 +032
-252 -053 +012
-207 -078 +988
-074 -160 +082
-041 -174 +110
-004 -213 +200
+080 -210 +332
+100 -197 +342
+131 -154 +351
+194 -034 +296
+200 -045 +264
+203 -044 +253
+198 -028 +194
+185 -036 +186
+171 -048 +146
+136 -108 +072
+118 -142 +048
+102 -147 +994
+066 -174 +886
+059 -158 +890
+047 -107 +910
+018 -096 +990
+026 -086 +013
+026 -098 +042
+042 -042 +074
+049 -041 +056
+055 -033 +042
+066 -018 +070
+068 -015 +084
+067 -021 +111
+052 -030 +186
+051 -019 +254
+049 +012 +287
+038 +052 +200
+015 +070 +165
-013 +060 +170
-074 +068 +196
-092 +075 +161
-148 +067 +177
-230 +118 +232
-249 +135 +199
-276 +150 +143
-364 +104 +954
-390 +109 +907
-423 +136 +838
-518 +210 +592
-563 +177 +571
-621 +150 +542
-734 +192 +454
-748 +238 +414
-784 +198 +396
-858 +074 +310
-863 +079 +283
-869 +097 +274
-878 +140 +244
-881 +154 +249
-880 +169 +253
-914 +188 +178
-901 +213 +158
-904 +251 +074
-942 +262 -030
-946 +223 +082
-962 +192 +162
-988 +146 +366
-997 +168 +389
-002 +207 +395
-984 +306 +320
-979 +311 +329
-955 +315 +310
-936 +338 +164
-918 +325 +147
-887 +325 +070
-772 +346 -230
-744 +340 -262
-680 +277 -047
-544 +244 +156
-475 +247 +194
-365 +285 +230
+096 +196 +140
+173 -010 +500
+094 -189 +033
-126 -072 +040
-110 +163 +909
-120 +253 +736
-164 +286 +566
-162 +280 +496
-134 +244 +477
-106 +250 +420
-121 +237 +405
-120 +177 +307
-094 +082 +994
-094 +109 +946
-111 +200 +930
-154 +440 +886
-174 +433 +879
-208 +464 +896
-294 +492 +862
-327 +484 +817
-356 +474 +755
-394 +636 +586
-390 +646 +573
-382 +606 +574
-356 +596 +496
-354 +630 +524
-358 +686 +577
-382 +640 +708
-401 +591 +714
-428 +513 +776
-488 +396 +864
-499 +414 +828
-508 +412 +809
-512 +380 +814
-510 +388 +813
-508 +403 +813
-498 +384 +792
-488 +361 +779
-483 +356 +743
-466 +346 +778
-471 +368 +825
-474 +372 +883
-494 +272 +950
-500 +268 +956
-509 +267 +930
-524 +260 +836
-523 +258 +820
-519 +257 +813
-492 +254 +812
-488 +256 +807
-476 +259 +804
-452 +260 +830
-434 +284 +840
-415 +293 +867
-366 +364 +858
-354 +348 +874
-362 +307 +921
-400 +222 +104
-411 +252 +090
-440 +212 +054
-450 -020 +028
-465 -016 +988
-522 -051 +964
-666 -506 +002
-601 -640 +082
-396 -524 +090
+008 +502 +990
-004 +689 +033
-024 +674 +105
-078 +464 +110
-089 +440 +026
-115 +475 +959
-220 +422 +916
-245 +339 +916
-277 +268 +899
-346 +186 +888
-356 +204 +900
-360 +209 +915
-350 +192 +980
-344 +208 +002
-335 +213 +027
-322 +226 +048
-315 +241 +036
-309 +243 +019
-308 +230 +966
-303 +215 +914
-301 +202 +798
-282 +056 +828
-268 +116 +845
-247 +124 +889
-210 +076 +096
-194 +080 +115
-179 +076 +134
-136 +068 +162
-129 +077 +176
-120 +084 +170
-096 +098 +154
-092 +107 +145
-087 +132 +142
-102 +142 +110
-120 +127 +098
-134 +124 +057
-166 +100 +912
-166 +098 +872
-167 +094 +868
-164 +090 +908
-165 +102 +943
-158 +109 +003
-152 +152 +098
-134 +151 +130
-107 +189 +231
-018 +520 +314
+006 +559 +306
+043 +560 +286
+106 +456 +032
+097 +424 +922
+065 +376 +838
-044 +130 +860
-095 -012 +887
-185 -245 +946
-446 -650 +074
-488 -665 +059
-526 -596 +984
-570 -386 +882
-552 -310 +874
-514 -180 +839
-442 +074 +776
-441 +091 +850
-435 +099 +939
-442 +062 +020
-444 +019 +007
-448 +005 +979
-470 -002 +934
-474 -006 +940
-485 -001 +958
-474 +014 +940
-471 +022 +918
-478 +035 +945
-488 +086 +966
-490 +094 +925
-503 +085 +921
-540 +076 +028
-549 +040 +038
-571 +003 +002
-636 -014 +894
-650 -043 +831
-653 -010 +666
-686 +040 +462
-684 +028 +554
-690 +021 +671
-722 +054 +864
-714 +124 +820
-707 +106 +816
-724 -144 +722
-740 -217 +677
-749 -292 +706
-788 -432 +590
-794 -454 +473
-808 -512 +331
-810 -426 +234
-775 -368 +288
-717 -347 +311
-566 -466 +172
-479 -472 +204
-327 -424 +362
-064 -296 +958
-028 -264 +159
+014 -142 +398
+050 +762 +502
+085 +699 +370
+076 +666 +247
+014 +536 +182
+009 +494 +216
+013 +529 +210
-032 +600 +168
-034 +488 +103
-028 +380 +997
-056 +214 +878
-067 +185 +939
-067 +173 +982
-046 +190 +060
-049 +188 +074
-034 +154 +054
-020 +040 +066
-019 -030 +122
-044 -026 +164
-060 -082 +108
-082 -095 +148
-121 -162 +157
-238 -318 +282
-280 -367 +282
-334 -439 +272
-434 -468 +212
-449 -399 +182
-463 -334 +132
-494 -264 +008
-492 -238 +978
-490 -195 +933
-466 -108 +860
-461 -081 +833
-455 -028 +810
-432 +130 +784
-432 +167 +746
-431 +183 +710
-402 +298 +574
-410 +341 +528
-398 +412 +475
-368 +570 +378
-354 +518 +391
-331 +458 +427
-250 +380 +608
-208 +369 +672
-168 +337 +733
-094 +252 +868
-075 +199 +976
-061 +160 +179
+036 +082 +204
+058 +099 +287
+041 +270 +935
+136 +202 +166
+142 +194 +171
+156 +105 +175
+166 -076 +230
+180 -092 +266
+201 -074 +301
+216 -168 +478
+197 -201 +499
+187 -220 +497
+186 -254 +322
+176 -219 +296
+150 -180 +253
+032 -004 +286
+065 -185 +941
+006 -111 +956
-148 +014 +114
-152 +072 +170
-166 +099 +125
-218 +136 +094
-231 +163 +027
-267 +182 +930
-360 +250 +816
-384 +266 +795
-426 +288 +830
-488 +352 +724
-493 +357 +650
-542 +372 +516
-662 +350 +264
-689 +336 +235
-725 +363 +160
-800 +416 -062
-802 +418 -001
-804 +423 -040
-788 +384 -118
-791 +344 -035
-798 +307 +113
-820 +260 +412
-818 +243 +427
-813 +240 +400
-772 +224 +404
-760 +206 +468
-732 +173 +523
-686 +204 +646
-677 +241 +680
-654 +294 +731
-646 +280 +830
-624 +248 +879
-594 +315 +923
-530 +428 +964
-503 +447 +972
-489 +518 +972
-456 +566 +974
-454 +587 +964
-459 +580 +931
-468 +464 +858
-475 +533 +834
-460 +477 +840
-496 +396 +772
-497 +402 +782
-495 +384 +809
-470 +382 +918
-469 +368 +851
-478 +377 +859
-500 +388 +606
-479 +382 +752
-458 +390 +830
-412 +348 +888
-404 +357 +906
-430 +368 +809
-490 +400 +910
-478 +390 +907
-462 +398 +917
-442 +394 +870
-460 +389 +867
-465 +371 +830
-480 +352 +834
-455 +342 +850
-438 +350 +860
-468 +386 +938
-475 +389 +003
-499 +388 +019
-542 +428 +910
-514 +719 +887
-457 +888 +830
-382 +704 +532
-403 +495 +421
-467 +184 +323
-540 -258 +008
-470 -203 +074
-360 -043 +281
-132 +182 +806
-065 +286 +950
-025 +408 +021
+082 +430 +126
+109 +367 +084
+137 +359 +121
+144 +430 +174
+144 +410 +294
+146 +309 +350
+154 +158 +380
+158 +149 +380
+179 +181 +350
+196 +214 +178
+193 +185 +163
+178 +140 +127
+148 +126 +100
+128 +161 +118
+117 +225 +143
+074 +316 +202
+058 +362 +244
+049 +418 +268
-008 +366 +202
-033 +292 +191
-065 +378 +132
-136 +460 +914
-187 +386 +806
-274 +260 +733
-474 +204 +640
-512 +205 +594
-562 +200 +520
-654 +194 +372
-677 +157 +364
-704 +124 +364
-758 +082 +398
-762 +078 +453
-769 +121 +587
-740 +212 +700
-739 +212 +613
-762 +132 +540
-818 -176 +444
-813 -232 +451
-800 -287 +558
-750 -316 +598
-734 -336 +596
-677 -350 +653
-526 -230 +842
-488 -076 +987
-466 +094 +085
-410 +356 +232
-406 +413 +168
-397 +435 +102
-384 +432 +982
-383 +484 +980
-368 +547 +902
-370 +534 +800
-383 +451 +838
-419 +337 +864
-500 +084 +956
-515 +066 +950
-537 +064 +925
-590 +024 +908
-591 +020 +900
-597 +002 +896
-594 -004 +878
-593 +012 +879
-585 +044 +873
-568 +132 +934
-564 +170 +944
-564 +218 +957
-560 +350 +850
-562 +332 +809
-564 +305 +782
-594 +236 +732
-602 +244 +735
-611 +257 +713
-676 +314 +684
-686 +343 +698
-684 +428 +715
-688 +634 +876
-710 +627 +921
-724 +570 +959
-720 +510 +728
-708 +494 +631
-685 +435 +756
-602 +456 +796
-568 +483 +635
-543 +479 +395
-558 +300 +142
-577 +266 +152
-604 +311 +187
-660 +486 +332
-674 +496 +390
-706 +499 +445
-774 +468 +474
-781 +479 +482
-800 +474 +528
-808 +470 +644
-800 +482 +589
-778 +500 +534
-724 +630 +452
-732 +597 +440
-751 +469 +401
-812 +218 +384
-837 +181 +414
-861 +134 +412
-934 -020 +408
-955 -044 +428
-007 -130 +462
-092 -310 +526
-078 -248 +457
-043 -125 +388
-964 +168 +342
-924 +181 +374
-880 +241 +374
-760 +376 +298
-757 +448 +323
-762 +482 +329
-746 +480 +322
-722 +501 +295
-704 +591 +291
-666 +698 +522
-684 +728 +494
-687 +664 +428
-706 +450 +312
-702 +404 +270
-675 +410 +327
-620 +606 +388
-607 +618 +444
-578 +665 +539
-508 +820 +694
-487 +863 +678
-455 +878 +727
-384 +924 +828
-364 +916 +860
-362 +933 +863
-352 +716 +882
-363 +609 +825
-399 +395 +816
-514 -046 +886
-562 -140 +927
-666 -181 +969
-818 -254 +886
-839 -276 +782
-864 -385 +648
-866 -446 +386
-827 -348 +362
-778 -293 +384
-656 -212 +602
-620 -169 +723
-568 -048 +873
-402 +074 +036
-353 +098 +027
-269 +150 +989
-108 +668 +944
-105 +767 +970
-106 +026 +051
-102 +540 +092
-077 +417 +054
-065 +202 +958
-074 +784 +674
-082 +689 +597
-110 +534 +663
-280 +028 +894
-379 -142 +979
-493 -330 +089
-702 -590 +124
-722 -550 +991
-732 -542 +856
-666 -420 +636
-609 -370 +659
-530 -240 +711
-312 +036 +938
-264 +163 +914
-198 +342 +884
-108 +788 +868
-097 +887 +900
-065 +058 +946
-032 +608 +792
-025 +510 +763
-019 +190 +768
-084 +484 +854
-157 +227 +899
-283 -107 +926
-640 -926 +044
-655 -942 +003
-586 -726 +959
-342 -094 +902
-247 +101 +880
-140 +413 +854
-034 +312 +846
-040 +465 +892
-038 +345 +985
-068 +874 +060
-077 +783 +043
-094 +721 +069
-134 +412 +030
-181 +262 +987
-278 +108 +993
-502 -242 +784
-577 -378 +691
-672 -587 +547
-856 -004 +202
-839 -955 +216
-767 -716 +338
-598 -178 +530
-546 -133 +556
-440 +028 +629
-242 +626 +678
-227 +775 +705
-205 +931 +778
-158 +672 +874
-138 +718 +870
-120 +497 +859
-116 +960 +782
-115 +801 +707
-148 +389 +709
-418 -460 +720
-532 -738 +711
-690 -982 +677
-840 -186 +610
-784 -971 +621
-677 -637 +694
-428 +310 +682
-400 +520 +607
-335 +692 +530
-240 +888 +378
-214 +677 +506
-214 +436 +761
-262 +082 +224
-278 +086 +399
-292 +132 +489
-318 +214 +370
-299 +207 +249
-285 +145 +126
-256 -008 +858
-236 -034 +858
-201 +046 +908
-114 +418 +126
-107 +505 +140
-090 +543 +147
-040 +860 +040
-023 +082 +023
+006 +234 +912
+002 +870 +772
-040 +633 +796
-120 +369 +837
-272 +090 +936
-323 +042 +844
-425 -221 +748
-692 -810 +774
-725 -810 +746
-710 -694 +728
-564 -370 +730
-518 -284 +693
-392 -119 +753
-144 +444 +788
-094 +611 +777
-064 +824 +806
-084 +268 +990
-097 +259 +017
-115 +191 +098
-172 +054 +216
-180 +903 +220
-213 +701 +147
-324 +278 +038
-349 +257 +951
-389 +253 +741
-498 +326 +494
-511 +407 +526
-521 +368 +468
-618 -036 +134
-664 -273 +130
-656 -425 +163
-512 -326 +670
-483 -097 +828
-416 +182 +943
-298 +708 +892
-277 +847 +926
-224 +946 +954
-160 +842 +782
-164 +521 +638
-179 +231 +668
-162 -120 +660
-135 -079 +759
-066 +098 +955
+046 +454 +394
+058 +458 +463
+085 +468 +494
+158 +622 +580
+189 +733 +543
+233 +760 +421
+246 +700 +084
+233 +653 +057
+215 +586 +981
+058 +478 +834
-009 +406 +776
-121 +250 +765
-388 -186 +878
-486 -170 +949
-566 -120 +962
-706 -118 +068
-706 -091 +066
-692 -074 +895
-678 -026 +478
-687 -051 +365
-707 -119 +131
-632 -214 +132
-604 -111 +268
-539 +012 +531
-350 +050 +542
-237 -095 +661
-042 +186 +874
+092 +626 +182
+074 +662 +186
+064 +352 +149
-038 +852 +936
-062 +942 +914
-077 +006 +913
-060 +742 +874
-090 +582 +864
-145 +404 +836
-270 -054 +862
-319 -165 +818
-371 -339 +678
-376 -532 +506
-348 -392 +673
-272 -073 +873
-124 +442 +140
-091 +435 +138
-062 +474 +291
-086 +552 +504
-112 +501 +626
-113 +477 +707
-084 +322 +352
-116 +303 +177
-200 +232 +026
-434 -032 +872
-480 -115 +836
-541 -165 +799
-618 -182 +718
-613 -152 +728
-579 -097 +689
-486 +022 +486
-454 -015 +416
-360 -101 +561
-084 +016 +886
+003 +226 +926
+063 +536 +965
+136 +730 +042
+151 +716 +099
+165 +810 +104
+120 +906 +178
+106 +853 +170
+083 +781 +094
+014 +746 +856
+014 +756 +837
-007 +711 +865
-052 +884 +816
-073 +900 +792
-097 +938 +764
-124 +934 +574
-152 +885 +539
-185 +792 +489
-346 +512 +254
-342 +420 +138
-326 +243 +061
-178 -346 +600
-163 -342 +714
-153 -364 +080
-270 -234 +786
-178 -204 +774
-117 -084 +627
-090 +136 +186
-078 +211 +059
-059 +230 +996
-042 +088 +990
-062 +017 +064
-077 -029 +231
-100 -268 +314
-052 -218 +229
-022 -094 +159
-096 -152 +128
-070 -151 +107
-040 -016 +978
-032 +090 +822
-052 +124 +896
-026 +148 +940
-006 +432 +072
+018 +477 +036
+004 +359 +936
+000 +276 +804
-015 +320 +938
-020 +351 +082
+002 +226 +018
+013 +261 +991
+024 +273 +987
+092 +298 +942
+079 +272 +073
+057 +210 +105
+116 +254 +824
+128 +281 +889
+118 +294 +062
+144 +422 +242
+159 +370 +180
+170 +370 +143
+162 +364 +108
+145 +370 +111
+097 +353 +141
-032 +254 +220
-059 +235 +201
-104 +157 +162
-188 +094 +088
-217 +093 +053
-249 +140 +034
-300 +096 +028
-345 +094 +025
-384 +047 +015
-456 -008 +028
-462 +022 +976
-475 +058 +927
-540 +098 +828
-528 +078 +766
-561 +096 +727
-614 +108 +630
-636 +106 +584
-625 +075 +509
-612 +366 +456
-598 +361 +494
-572 +467 +554
-542 +576 +574
-523 +552 +627
-516 +579 +606
-524 +508 +562
-514 +484 +538
-496 +428 +533
-466 +494 +590
-453 +562 +646
-425 +645 +675
-348 +772 +822
-320 +739 +817
-296 +692 +763
-278 +600 +774
-295 +615 +805
-327 +717 +886
-382 +946 +168
-385 +908 +200
-380 +870 +186
-384 +760 +104
-396 +719 +051
-406 +621 +946
-424 +492 +640
-464 +445 +575
-515 +352 +514
-652 +170 +338
-707 +150 +290
-773 +108 +247
-886 +018 +248
-898 +036 +253
-901 +076 +246
-912 +128 +248
-905 +167 +220
-881 +204 +179
-816 +260 +144
-795 +281 +158
-752 +284 +167
-624 +254 +282
-579 +263 +262
-484 +174 +298
-308 +070 +822
-262 +146 +898
-192 +236 +963
-022 +306 +896
+031 +342 +932
+113 +472 +063
+188 +796 +426
+181 +779 +456
+168 +732 +488
+126 +600 +508
+127 +595 +502
+161 +621 +439
+190 +732 +192
+192 +763 +150
+214 +784 +068
+142 +866 +798
+124 +795 +810
+087 +701 +756
-106 +498 +616
-160 +537 +562
-239 +540 +457
-434 +418 +248
-480 +376 +153
-554 +196 +157
-764 -204 +140
-776 -296 +267
-784 -228 +319
-766 -090 +584
-771 -083 +704
-756 -048 +783
-732 +042 +908
-701 +022 +923
-669 +037 +946
-526 +010 +000
-514 +099 +963
-466 +094 +944
-314 +182 +878
-261 +204 +838
-196 +281 +830
-102 +490 +834
-074 +526 +834
-164 +015 +195
-240 +012 +220
-358 +090 +156
-359 +133 +143
-363 +145 +159
-340 +128 +296
-282 +132 +283
-184 +174 +391
-016 +284 +866
+000 +283 +968
+009 +181 +037
+042 +044 +114
+027 +009 +162
+048 +015 +324
+146 +098 +718
+137 +094 +815
+126 +139 +902
+146 +224 +832
+147 +170 +815
+138 +095 +716
+106 -026 +442
+087 +026 +389
+074 +058 +313
-008 +084 +072
-026 +109 +981
-070 +095 +880
-212 -012 +756
-252 -012 +706
-307 +042 +708
-402 +162 +718
-428 +154 +690
-459 +138 +668
-520 +212 +582
-536 +222 +552
-570 +209 +550
-636 +198 +528
-641 +233 +533
-640 +287 +605
-652 +288 +734
-656 +300 +719
-664 +304 +716
-702 +274 +708
-694 +336 +710
-718 +314 +748
-676 +216 +684
-675 +229 +709
-703 +187 +683
-716 +186 +726
-715 +224 +760
-860 +237 +551
-873 +220 +571
-870 +228 +556
-873 +214 +503
-873 +180 +445
-796 +264 +388
-767 +307 +359
-709 +373 +331
-574 +394 +194
-542 +317 +105
-455 +287 +104
-188 +238 +250
-107 +205 +379
-034 +223 +588
+070 +244 +204
+057 +125 +223
+058 +009 +166
+046 -320 +112
+058 -294 +261
+053 -155 +527
+040 +012 +040
-003 -031 +040
+031 -043 +040
+168 -186 +040
+192 -107 +879
+198 +006 +698
+252 +288 +346
+238 +251 +283
+189 +123 +171
+042 -146 +804
-013 -110 +550
-108 -091 +298
-270 -028 -090
-288 +021 -169
-314 +065 -060
-360 +064 +300
-348 +060 +338
-288 +104 +366
-142 +206 +516
-105 +202 +599
-070 +136 +708
+016 +084 +994
+040 +064 +089
+071 +095 +351
+064 -056 +888
+023 -082 +939
+002 -029 +870
-036 +026 +798
-034 -026 +844
-012 -035 +827
+078 +048 +632
+069 -052 +553
+062 -043 +424
+018 +014 +224
-017 +034 +122
-043 +060 +961
-152 +100 +602
-208 +078 +582
-279 +059 +568
-418 -018 +680
-444 -015 +662
-478 +044 +665
-540 +094 +766
-549 +121 +734
-570 +181 +613
-634 +236 +532
-661 +219 +555
-688 +146 +574
-710 +218 +646
-689 +294 +688
-650 +501 +790
-676 +164 +650
-692 +141 +725
-703 +158 +736
-720 +156 +616
-719 +175 +686
-715 +189 +729
-696 +206 +650
-711 +188 +692
-720 +176 +689
-850 +189 +481
-860 +174 +479
-884 +064 +522
-881 +125 +514
-867 +173 +505
-836 +206 +458
-820 +199 +418
-774 +217 +400
-646 +280 +408
-586 +279 +266
-497 +239 +168
-274 +064 +276
-230 +049 +353
-121 +127 +553
+020 +132 +872
+060 +040 +904
+117 +000 +899
+208 -100 +472
+206 -097 +485
+158 -196 +524
+048 -184 +040
+027 -209 +040
+021 -163 +040
+078 -136 +026
+115 -074 +824
+172 +016 +600
+194 +040 +302
+187 +098 +291
+178 +132 +274
+122 -050 +972
+078 -096 +738
-019 -102 +440
-264 -156 -004
-304 -132 -046
-330 -020 -021
-344 +202 +230
-349 +137 +312
-312 +121 +381
-190 +276 +420
-134 +213 +497
-053 +135 +612
+132 -056 +830
+170 +019 +948
+219 +105 +176
+266 +168 +668
+251 +117 +715
+257 +108 +731
+190 +120 +900
+179 +138 +888
+168 +107 +831
+198 +166 +618
+229 +228 +523
+235 +208 +501
+218 -070 +482
+213 -093 +392
+176 -075 +266
+080 +006 +888
+038 +054 +786
-037 +062 +721
-222 +076 +616
-262 +084 +619
-317 +113 +675
-412 +122 +580
-443 +154 +586
-480 +194 +629
-546 +258 +668
-558 +287 +658
-532 +464 +743
-574 +228 +706
-605 +174 +713
-587 +271 +612
-636 +256 +702
-635 +302 +716
-652 +300 +665
-670 +266 +710
-652 +301 +763
-645 +290 +719
-644 +266 +696
-644 +245 +734
-745 +282 +657
-756 +234 +605
-770 +248 +604
-761 +232 +592
-749 +218 +575
-724 +178 +546
-691 +166 +560
-632 +189 +562
-450 +162 +364
-365 +132 +114
-246 +204 +131
-010 +206 +588
+006 +230 +747
+046 +107 +686
+152 -226 +772
+214 -227 +996
+265 -148 +388
+316 +032 +952
+250 -010 +996
+199 +049 +018
+130 +002 +040
+128 -043 +031
+186 -072 +924
+256 -016 +458
+236 -013 +396
+199 -032 +259
+074 -056 +292
+065 -026 +110
+023 -070 +789
-114 -110 +236
-154 -137 +195
-200 -057 +131
-266 +146 +192
-276 +068 +259
-289 -008 +266
-202 +080 +296
-171 +161 +411
-119 +160 +529
-002 +048 +906
+022 +039 +034
+047 +000 +110
+112 -080 +324
+108 -060 +460
+104 -016 +584
+024 -084 +856
+018 -024 +874
+026 +005 +890
+046 -062 +910
+063 -094 +790
+060 -138 +600
+030 -108 +306
+025 -081 +236
+005 -033 +217
-044 +040 +108
-050 +037 +048
-086 +121 +963
-170 +196 +624
-232 +180 +559
-297 +193 +534
-428 +182 +510
-447 +155 +516
-473 +157 +531
-528 +268 +606
-533 +278 +644
-550 +284 +655
-476 +848 +720
-526 +632 +785
-583 +381 +790
-644 +248 +690
-651 +275 +709
-658 +250 +729
-642 +220 +740
-643 +277 +724
-632 +288 +741
-584 +355 +695
-592 +303 +692
-556 +290 +714
-518 +376 +700
-480 +370 +708
-350 +382 +568
-324 +323 +456
-283 +227 +345
-118 +056 +252
-050 +030 +274
+079 +030 +441
+350 -028 +034
+375 -117 +250
+371 -115 +523
+310 +186 +024
+220 +029 +032
+177 +067 +036
+100 -038 +040
+113 +053 +039
+188 +139 +019
+402 +142 +744
+403 +068 +509
+354 -079 +403
+174 -052 +296
+151 -019 +001
+051 -084 +584
-204 -268 -106
-241 -253 -103
-254 -107 +009
-248 +242 +262
-260 +237 +337
-250 +172 +356
-204 +098 +480
-176 +106 +547
-113 +133 +645
-010 +256 +962
-003 +255 +057
+012 +320 +177
+050 +192 +428
+047 +172 +412
+018 +096 +465
-012 +016 +686
-036 -017 +815
-046 +005 +884
-044 +008 +730
-042 -017 +623
-043 +008 +493
-048 +072 +270
-046 +070 +232
-058 +097 +190
-054 +244 +966
-082 +174 +963
-125 +167 +881
-196 +198 +696
-229 +126 +666
-283 +051 +661
-392 -012 +660
-428 +027 +652
-462 +111 +621
-530 +246 +630
-542 +246 +616
-552 +260 +624
-568 +394 +708
-566 +375 +751
-543 +551 +851
-592 +020 +818
-615 +091 +745
-644 +187 +661
-680 +204 +760
-677 +229 +748
-663 +205 +785
-634 +182 +836
-632 +218 +828
-637 +200 +852
-648 +236 +768
-643 +232 +743
-641 +215 +774
-648 +172 +784
-651 +200 +695
-567 +296 +773
-558 +310 +665
-528 +250 +774
-501 +262 +813
-452 +252 +747
-392 +360 +390
-379 +356 +365
-373 +225 +359
-250 -092 +390
-177 -069 +431
-036 -022 +602
+232 +042 +102
+233 +057 +234
+247 +039 +223
+294 -046 +282
+303 -103 +363
+214 -260 +666
+090 -236 +040
+055 -302 +040
+052 -226 +024
+110 +026 +040
+229 +129 +900
+302 +086 +606
+342 -102 +382
+298 -103 +360
+276 -100 +039
+068 -146 +348
-002 -124 +289
-098 -024 +128
-304 +058 -012
-335 +039 +023
-348 +065 +098
-332 +092 +192
-307 +119 +247
-288 +177 +399
-190 +258 +456
-099 +121 +497
+031 -077 +695
+256 -094 +182
+282 +090 +243
+315 +100 +375
+306 -012 +870
+286 -015 +817
+235 +003 +884
+158 +064 +036
+172 +039 +000
+186 +026 +876
+222 +060 +676
+220 -005 +588
+202 -024 +551
+156 +006 +204
+126 +045 +090
+070 +012 +938
-082 -120 +812
-111 -090 +726
-156 -059 +608
-280 +174 +534
-305 +211 +568
-355 +240 +584
-450 +196 +604
-472 +195 +614
-482 +234 +634
-514 +374 +712
-522 +424 +770
-532 +431 +800
-554 +268 +798
-551 +290 +748
-559 +305 +792
-576 +268 +774
-577 +289 +803
-587 +260 +847
-604 +230 +796
-580 +346 +726
-586 +295 +750
-566 +286 +755
-615 +293 +691
-590 +214 +952
-587 +201 +893
-570 +206 +845
-514 +256 +764
-475 +320 +737
-391 +341 +600
-200 +278 +196
-150 +236 +223
-094 +138 +355
-028 -160 +586
+003 -181 +618
+044 -157 +798
+090 -076 +312
+110 -086 +456
+127 -153 +530
-004 -354 +008
-006 -225 +019
-053 -193 +030
-058 -212 +940
-018 -184 +904
+045 -123 +883
+170 -104 +520
+166 -061 +413
+166 +012 +277
+072 -088 +954
-001 -106 +815
-096 -050 +640
-248 +054 +370
-268 +022 +290
-299 -004 +209
-340 +076 +062
-332 +136 +084
-321 +147 +121
-282 +142 +228
-235 +182 +321
-157 +151 +512
-018 +042 +884
+014 +063 +883
+063 +081 +981
+184 +058 +118
+199 -014 +250
+208 -071 +400
+176 -128 +596
+169 -133 +666
+136 -173 +789
+100 -176 +988
+118 -175 +914
+152 -097 +966
+228 -070 +714
+213 -042 +518
+164 -061 +417
+076 -152 +164
+059 -115 +047
+046 -065 +867
-030 +116 +746
-074 +155 +707
-132 +092 +612
-284 -022 +642
-284 -009 +633
-309 -006 +638
-434 +100 +746
-464 +116 +708
-488 +136 +626
-528 +166 +724
-530 +184 +788
-525 +165 +849
-526 +198 +976
-528 +170 +980
-526 +217 +924
-512 +306 +826
-493 +399 +822
-487 +388 +807
-518 +220 +260
-532 +163 +992
-571 +177 +785
-612 +230 +882
-577 +183 +853
-540 +170 +805
-538 +152 +934
-557 +158 +879
-571 +181 +917
-613 +359 +705
-631 +333 +664
-626 +482 +572
-612 +453 +645
-565 +437 +743
-434 +446 +672
-388 +415 +497
-325 +350 +393
-242 +162 +312
-202 +125 +317
-127 +041 +331
+042 -164 +686
+097 -030 +892
+161 +029 +105
+214 -072 +642
+171 -179 +494
+129 -209 +572
-026 -356 +724
-080 -342 +738
-127 -363 +882
-104 -176 +040
-031 -096 +892
+064 -064 +712
+234 +206 +604
+252 +116 +462
+225 -060 +347
+138 -002 +122
+090 -018 +035
+020 -078 +862
-132 -036 +432
-180 -003 +355
-228 -004 +274
-300 +024 +206
-294 +058 +250
-285 +042 +235
-214 +142 +312
-156 +216 +387
-085 +190 +518
+030 -046 +724
+046 +062 +883
+065 +114 +042
+140 -032 +194
+134 -137 +312
+124 -173 +350
+110 -092 +422
+120 -068 +461
+132 -045 +532
+166 +042 +718
+189 +038 +814
+214 -020 +833
+246 -124 +644
+236 -074 +589
+223 -025 +477
+180 +012 +336
+162 -014 +290
+119 -069 +214
+008 -124 +892
-037 -094 +816
-092 -077 +756
-204 -010 +654
-224 +018 +622
-265 +052 +623
-366 +060 +682
-393 +044 +667
-410 +078 +634
-450 +218 +662
-460 +266 +711
-466 +289 +785
-398 +088 +686
-450 +576 +849
-491 +316 +768
-556 +160 +892
-556 +171 +883
-542 +183 +900
-474 +318 +656
-511 +262 +753
-533 +190 +749
-558 +400 +643
-577 +388 +614
-566 +358 +716
-558 +311 +780
-536 +308 +788
-478 +368 +658
-443 +419 +533
-377 +414 +409
-264 +124 +236
-216 -022 +408
-135 -016 +621
+044 +108 +850
+035 +018 +907
+061 -102 +039
+042 -024 +236
+046 +033 +402
+040 -018 +565
+018 -052 +644
-006 -118 +829
-024 -102 +879
-014 -104 +900
+005 -177 +948
+048 -154 +887
+146 -176 +470
+124 -159 +352
+109 -055 +274
+022 -130 +816
-011 -098 +699
-064 -058 +550
-212 +058 +336
-251 +019 +302
-280 +027 +250
-316 +052 +272
-327 +020 +222
-315 +023 +272
-218 +240 +554
-199 +215 +623
-186 +106 +732
-138 +022 +886
-092 +081 +905
-066 +143 +967
+000 +184 +100
+004 +143 +142
+011 +047 +221
+064 -116 +430
+065 -145 +536
+070 -113 +716
+074 -044 +982
+074 -030 +988
+083 -041 +895
+116 -072 +540
+130 -048 +434
+120 -055 +320
+084 -120 +230
+058 -051 +158
+017 +004 +014
-100 -068 +762
-130 -069 +687
-180 -044 +696
-262 +066 +866
-269 +054 +846
-297 +096 +731
-396 +044 +638
-417 +052 +678
-422 +116 +698
-438 +276 +736
-451 +296 +754
-457 +294 +749
-434 +214 +760
-452 +258 +798
-471 +299 +845
-518 +920 +982
-504 +558 +984
-529 +286 +926
-540 +140 +934
-521 +144 +914
-505 +151 +877
-490 +176 +918
-488 +143 +952
-493 +127 +980
-527 +241 +562
-420 +240 +427
-186 +298 +342
-135 +199 +285
-073 +091 +308
+080 -198 +462
+159 -175 +568
+289 -086 +876
+438 -032 +754
+423 +032 +817
+338 +050 +927
+120 -028 +040
+072 -082 +040
+038 -162 +040
+068 -158 +034
+145 -189 +899
+217 -238 +684
+248 -166 +228
+213 -137 +139
+145 -095 +101
+058 +052 +636
+009 +011 +433
-082 -087 +346
-268 -164 +210
-280 -006 +190
-299 +101 +245
-334 +142 +392
-315 +116 +355
-271 +136 +405
-186 +198 +686
-176 +117 +655
-136 +085 +606
+056 +184 +836
+069 +063 +901
+115 +003 +011
+196 +016 +430
+203 +120 +611
+187 +184 +785
+138 +122 +004
+126 +092 +000
+110 +049 +916
+096 +010 +644
+115 +063 +588
+149 +118 +555
+150 +028 +422
+154 +001 +325
+123 +047 +161
-006 -056 +912
-032 -090 +939
-067 -038 +860
-174 +072 +576
-207 +076 +555
-260 +095 +566
-382 +088 +636
-396 +098 +611
-415 +132 +593
-474 +206 +612
-488 +195 +674
-500 +193 +752
-502 +216 +878
-513 +172 +896
-516 +231 +887
-466 +682 +916
-497 +369 +904
-521 +165 +868
-550 +244 +704
-554 +177 +776
-545 +210 +837
-514 +196 +848
-517 +257 +880
-520 +261 +923
-546 +264 +676
-515 +241 +560
-380 +234 +508
-327 +271 +472
-278 +247 +367
-132 +162 +428
-085 +102 +537
-023 +044 +605
+174 +114 +860
+196 +122 +131
+211 -010 +252
+276 -140 +680
+215 -317 +734
+198 -297 +837
+004 +000 +040
+021 +012 +040
+074 -107 +994
+180 -318 +688
+198 -294 +594
+219 -220 +364
+196 +032 +158
+159 -039 +154
+133 -051 +997
-014 -004 +556
-063 +020 +499
-143 -023 +385
-300 -056 +248
-323 -052 +232
-325 -014 +187
-296 +068 +182
-253 +112 +268
-191 +190 +428
-114 +210 +806
-097 +085 +802
-064 +044 +810
-010 +112 +916
+024 +069 +990
+058 +051 +254
+136 +084 +614
+137 +099 +692
+145 +096 +746
+162 +018 +828
+159 -007 +848
+149 -010 +781
+124 +040 +562
+129 +081 +503
+124 +093 +448
+094 +068 +318
+090 +074 +283
+054 +041 +153
-052 -030 +848
-096 +030 +808
-148 +079 +756
-268 +082 +614
-293 +079 +611
-326 +091 +605
-420 +076 +564
-444 +113 +560
-474 +154 +576
-514 +286 +636
-523 +290 +657
-535 +289 +697
-554 +336 +794
-563 +325 +808
-484 +756 +815
-592 +264 +756
-605 +183 +751
-603 +177 +770
-564 +240 +832
-530 +459 +675
-536 +396 +637
-546 +364 +734
-536 +383 +703
-528 +360 +712
-474 +374 +694
-433 +348 +646
-367 +334 +604
-228 +208 +370
-219 +167 +289
-127 +111 +340
+072 +056 +772
+127 +051 +938
+194 +057 +161
+298 -026 +398
+294 -051 +405
+279 -141 +524
+168 -134 +534
+159 -140 +660
+122 -123 +820
+154 +014 +992
+195 -025 +975
+220 -099 +925
+272 -176 +760
+300 -170 +499
+283 -059 +239
+152 -098 +100
+138 -002 +879
+057 -043 +691
-150 -130 +468
-192 -102 +352
-234 -023 +228
-280 +142 +208
-277 +185 +219
-274 +225 +309
-258 +128 +546
-241 +092 +544
-198 +127 +517
-114 +236 +670
-069 +194 +716
+019 +161 +756
+186 -020 +052
+232 +001 +161
+238 +080 +455
+214 +238 +916
+201 +195 +964
+172 +132 +985
+130 -054 +830
+099 -108 +720
+087 -100 +593
+074 +070 +364
+082 +097 +381
+089 +139 +368
+108 +158 +272
+086 +111 +177
+038 +087 +982
-054 +218 +640
-120 +194 +638
-185 +142 +597
-288 +208 +528
-317 +184 +558
-347 +154 +548
-448 +222 +598
-472 +207 +637
-489 +198 +733
-502 +268 +862
-503 +319 +897
-520 +362 +895
-556 +322 +810
-571 +288 +786
-563 +273 +665
-558 +202 +610
-556 +278 +787
-554 +216 +685
-544 +286 +872
-566 +286 +935
-536 +390 +751
-535 +389 +742
-524 +340 +736
-523 +302 +729
-503 +287 +689
-368 +336 +516
-333 +273 +558
-284 +198 +476
-144 +150 +242
-085 +106 +321
+009 +071 +461
+220 +136 +962
+227 +109 +151
+214 +059 +319
+120 -174 +592
+119 -219 +789
+044 -305 +870
-104 -436 +984
-085 -339 +911
-031 -189 +839
+110 -104 +644
+134 -142 +615
+156 -148 +458
+136 -034 +120
+115 +050 +088
+096 +072 +083
+020 -034 +828
-017 -083 +668
-097 -072 +490
-224 +072 +118
-237 +082 +188
-240 +083 +295
-246 +020 +394
-232 -018 +358
-180 +021 +396
-048 +244 +660
-024 +223 +766
+011 +232 +871
+088 +128 +012
+086 +102 +086
+094 +070 +159
+112 -338 +306
+098 -309 +446
+082 -243 +696
+052 -148 +984
+045 -192 +987
+059 -217 +906
+082 -160 +648
+085 -163 +576
+076 -136 +496
+024 -154 +200
+004 -157 +122
-010 -107 +053
-048 +084 +864
-076 +069 +829
-124 +022 +704
-240 +022 +446
-259 +051 +533
-290 +064 +617
-358 +162 +690
-378 +174 +726
-413 +209 +770
-470 +232 +824
-499 +209 +700
-500 +263 +680
-538 +134 +892
-524 +198 +890
-492 +464 +005
-540 +174 +690
-563 +183 +763
-586 +124 +827
-578 +228 +820
-577 +248 +792
-585 +159 +784
-471 +393 +800
-488 +336 +802
-488 +278 +880
-482 +278 +883
-463 +277 +817
-370 +376 +794
-339 +356 +769
-297 +314 +635
-204 +222 +280
-161 +140 +282
-088 +061 +387
+080 +026 +730
+103 -002 +882
+122 -044 +039
+126 -022 +356
+104 -116 +319
+062 -129 +611
-040 -240 +040
-062 -233 +040
-042 -291 +040
+070 -186 +756
+090 -096 +698
+124 -101 +522
+154 -166 +968
+141 -089 +947
+097 -077 +942
-042 -236 +762
-089 -191 +637
-161 -055 +428
-286 +096 +094
-302 +080 +169
-300 +111 +248
-272 +026 +292
-241 +064 +366
-184 +212 +477
-055 -303 +393
+036 -410 +268
+073 -280 +288
+112 -073 +297
+124 +280 +352
+104 +251 +399
+069 +159 +378
-004 +058 +210
-022 +103 +000
-030 +077 +967
-072 +012 +002
-078 +039 +966
-079 +060 +057
-098 +152 +274
-089 +159 +227
-100 +138 +192
-080 +272 +074
-085 +330 +085
-095 +338 +114
-118 +306 +200
-129 +305 +180
-160 +243 +147
-264 +140 +028
-270 +167 +967
-299 +173 +940
-374 +132 +968
-365 +125 +937
-373 +140 +934
-432 +214 +978
-392 +220 +952
-406 +170 +925
-514 +076 +826
-513 +049 +806
-528 +040 +734
-560 +018 +640
-594 -016 +603
-657 -080 +522
-766 -174 +390
-773 -164 +441
-768 -116 +563
-782 -022 +694
-780 -029 +628
-787 +026 +590
-792 +124 +544
-797 +157 +586
-796 +161 +658
-806 +166 +660
-793 +171 +589
-806 +103 +640
-740 +536 +664
-763 +248 +654
-793 +159 +594
-833 +229 +608
-805 +361 +518
-750 +636 +570
-723 +617 +608
-696 +556 +634
-614 +508 +552
-601 +496 +503
-582 +417 +454
-606 +258 +370
-590 +238 +409
-601 +155 +485
-572 -026 +592
-591 -055 +572
-586 -042 +582
-556 -056 +662
-553 -119 +719
-553 -187 +808
-504 -208 +842
-465 -218 +833
-447 -224 +865
-336 -162 +822
-305 -126 +896
-286 -133 +036
-240 -220 +192
-223 -220 +138
-183 -256 +143
-078 -404 +248
-053 -394 +292
+008 -319 +338
+132 +020 +360
+156 -011 +377
+202 +050 +343
+244 +292 +254
+236 +295 +241
+228 +242 +246
+266 +278 +192
+235 +350 +105
+177 +273 +071
+074 +078 +000
+060 +126 +899
+059 +162 +936
+090 +242 +272
+097 +272 +247
+098 +308 +142
+062 +318 +924
+055 +316 +966
+037 +312 +045
-016 +376 +110
+001 +383 +134
+016 +348 +162
+024 +284 +200
+019 +261 +173
-010 +285 +144
-076 +268 +008
-090 +316 +984
-125 +343 +005
-186 +390 +020
-207 +367 +012
-220 +343 +023
-252 +252 +984
-260 +246 +932
-292 +278 +873
-370 +272 +774
-397 +227 +719
-453 +168 +681
-586 +090 +600
-619 +046 +597
-671 +014 +645
-760 -018 +664
-753 -035 +638
-756 -043 +605
-778 -054 +562
-761 +064 +505
-785 -016 +535
-840 -112 +488
-811 -034 +531
-821 -039 +549
-848 +106 +584
-850 +055 +513
-782 +496 +446
-785 +358 +425
-758 +430 +520
-747 +500 +506
-732 +530 +485
-712 +588 +454
-691 +594 +442
-663 +553 +444
-626 +362 +520
-605 +311 +560
-595 +223 +557
-568 +112 +484
-565 +096 +529
-555 +064 +625
-528 +002 +744
-520 -057 +763
-520 -140 +809
-496 -136 +890
-468 -134 +898
-430 -152 +930
-328 -054 +956
-303 -020 +938
-285 -029 +979
-260 -148 +124
-241 -194 +145
-205 -157 +219
-090 -012 +294
-058 -005 +243
-032 -060 +193
+068 -204 +112
+115 -025 +178
+162 +092 +294
+232 +088 +418
+233 +112 +339
+238 +146 +261
+198 +338 +216
+159 +271 +196
+153 +176 +148
+134 +178 +012
+121 +135 +043
+133 +148 +075
+130 +258 +150
+134 +288 +193
+115 +301 +265
+084 +306 +224
+096 +309 +088
+107 +329 +037
+050 +406 +248
+064 +431 +197
+060 +410 +146
-010 +466 +950
-004 +520 +934
-017 +532 +003
-084 +424 +040
-101 +370 +996
-132 +342 +921
-262 +234 +728
-325 +277 +733
-372 +307 +743
-452 +192 +728
-479 +158 +706
-500 +150 +660
-538 +152 +652
-529 +216 +680
-574 +173 +651
-680 -038 +562
-678 +123 +560
-707 +067 +613
-770 -132 +692
-769 -048 +652
-774 +061 +646
-750 +428 +620
-783 +233 +679
-782 +194 +730
-756 +188 +608
-778 +475 +590
-766 +555 +483
-666 +738 +472
-626 +700 +547
-575 +674 +579
-512 +482 +740
-517 +482 +656
-505 +423 +603
-530 +274 +460
-516 +217 +436
-524 +102 +452
-516 -020 +520
-499 -061 +528
-499 -122 +547
-450 -174 +670
-424 -192 +743
-424 -183 +831
-426 -258 +036
-397 -253 +037
-360 -225 +069
-288 -110 +208
-270 -091 +308
-241 -110 +316
-156 -084 +318
-147 -099 +306
-111 -160 +281
+000 -118 +216
+031 -078 +220
+073 +004 +234
+140 +140 +358
+155 +141 +375
+171 +174 +319
+134 +260 +168
+125 +233 +146
+139 +217 +124
+142 +216 +136
+139 +200 +091
+141 +173 +022
+200 +466 +142
+171 +384 +001
+153 +378 +008
+148 +460 +148
+146 +454 +113
+153 +434 +072
+192 +410 +172
+196 +495 +166
+191 +563 +084
+176 +590 +000
+172 +608 +004
+147 +664 +968
+084 +596 +986
+050 +593 +988
+023 +596 +971
-040 +506 +896
-062 +538 +858
-114 +522 +830
-234 +450 +824
-271 +403 +874
-309 +335 +813
-402 +286 +578
-447 +188 +560
-504 +056 +577
-578 +026 +564
-606 -012 +604
-647 -076 +649
-716 -078 +640
-737 -102 +632
-755 -129 +636
-780 -116 +702
-756 -038 +710
-746 +061 +712
-760 +130 +680
-765 +149 +667
-781 +218 +666
-856 +024 +696
-835 +096 +737
-820 +098 +572
-804 +170 +542
-829 +065 +612
-823 +071 +657
-826 +032 +704
-817 +014 +622
-812 +044 +600
-798 +086 +656
-802 +062 +670
-790 +061 +680
-828 +420 +568
-785 +520 +432
-746 +412 +650
-715 +437 +638
-689 +521 +566
-606 +530 +416
-609 +449 +388
-601 +337 +375
-636 +128 +344
-597 +141 +377
-562 +179 +429
-490 +236 +614
-491 +165 +663
-498 +018 +769
-524 -156 +862
-474 -181 +829
-430 -229 +841
-376 -190 +876
-358 -188 +893
-329 -162 +941
-304 -164 +228
-280 -125 +300
-252 -125 +328
-180 -306 +270
-119 -281 +210
-048 -237 +231
+066 -130 +420
+112 -056 +484
+135 +093 +516
+168 +184 +556
+156 +173 +459
+147 +152 +337
+108 +186 +042
+060 +199 +980
+016 +171 +916
-040 +222 +838
-032 +244 +855
-045 +227 +970
-004 +238 +108
+010 +261 +103
+044 +349 +143
+072 +570 +318
+066 +529 +332
+071 +449 +311
+026 +396 +150
+011 +374 +122
-045 +331 +063
-192 +228 +006
-211 +158 +079
-205 +186 +077
-204 +254 +044
-220 +213 +025
-244 +167 +921
-306 +132 +812
-348 +110 +742
-400 +034 +685
-490 +002 +824
-506 +024 +802
-531 -007 +758
-588 -060 +670
-619 -078 +663
-646 -082 +617
-718 -110 +612
-729 -149 +619
-758 -177 +636
-778 -168 +700
-781 -115 +675
-783 -056 +645
-712 +096 +218
-738 +078 +336
-751 -082 +757
-770 +144 +864
-778 +127 +721
-809 +028 +644
-828 +098 +496
-835 +082 +548
-830 +054 +582
-720 +520 +182
-753 +292 +411
-779 +165 +487
-824 +088 +604
-858 +223 +513
-874 +227 +499
-772 +406 +572
-740 +454 +603
-717 +480 +629
-660 +476 +696
-653 +419 +669
-635 +318 +652
-610 +150 +492
-596 +146 +461
-566 +125 +500
-480 +186 +556
-456 +170 +566
-437 +054 +617
-396 -058 +702
-385 -073 +792
-378 -130 +892
-356 -246 +038
-331 -197 +005
-302 -208 +007
-270 -314 +144
-269 -305 +162
-255 -293 +111
-272 -388 +142
-253 -352 +104
-189 -271 +071
-112 -270 +208
-080 -247 +243
-052 -248 +259
-008 -348 +286
+026 -302 +270
+057 -282 +279
+104 -190 +408
+121 -134 +364
+138 -070 +281
+150 -022 +178
+151 -016 +157
+148 -022 +139
+148 +150 +026
+108 +181 +968
+089 +190 +923
+056 +332 +936
+045 +281 +066
+035 +216 +151
+024 +170 +210
+017 +127 +193
+012 +110 +187
-002 +204 +096
-001 +235 +119
-004 +250 +128
+012 +326 +132
+021 +309 +103
+015 +325 +078
-058 +370 +966
-104 +284 +983
-149 +241 +017
-232 +324 +016
-252 +300 +994
-283 +272 +968
-316 +222 +860
-336 +263 +876
-370 +207 +890
-452 +078 +870
-470 +106 +874
-485 +139 +815
-556 +026 +704
-554 +072 +728
-564 +096 +692
-630 -050 +670
-651 -052 +621
-669 -085 +550
-762 -284 +548
-758 -205 +568
-752 -066 +621
-770 -020 +750
-770 +004 +727
-772 +020 +685
-776 +074 +590
-735 +297 +651
-754 +170 +651
-764 +118 +742
-759 +074 +743
-768 +095 +650
-778 +090 +624
-788 +073 +638
-785 +283 +661
-768 +308 +539
-726 +440 +640
-718 +460 +607
-699 +479 +554
-676 +436 +510
-669 +453 +522
-652 +446 +543
-588 +364 +544
-613 +260 +536
-623 +184 +467
-602 +088 +482
-635 +055 +514
-639 +050 +557
-630 -016 +584
-616 -036 +597
-599 -093 +712
-538 -172 +808
-546 -188 +815
-546 -269 +907
-506 -366 +998
-465 -155 +826
-423 -047 +728
-372 -004 +868
-375 -002 +985
-355 +061 +063
-312 +084 +418
-324 -039 +485
-294 -096 +426
-256 -270 +328
-248 -280 +284
-208 -253 +171
-118 -096 +012
-079 -054 +045
-038 +012 +051
+022 +226 +094
+005 +184 +126
-001 +142 +147
-010 +052 +090
-008 +030 +081
+008 +053 +065
+012 +214 +056
+013 +207 +087
-002 +193 +143
+018 +164 +148
+029 +158 +116
+044 +207 +087
+050 +264 +020
+035 +244 +045
+029 +250 +086
+028 +350 +166
+030 +382 +188
+024 +395 +161
+020 +372 +088
+015 +387 +067
+003 +427 +051
-020 +516 +068
-041 +514 +087
-059 +481 +100
-154 +434 +978
-164 +395 +960
-201 +391 +963
-256 +420 +914
-271 +407 +914
-300 +434 +860
-328 +388 +774
-356 +359 +832
-397 +303 +844
-486 +224 +748
-508 +207 +739
-544 +197 +716
-582 +230 +658
-603 +230 +661
-625 +228 +642
-652 +194 +578
-673 +154 +560
-687 +098 +552
-690 +134 +608
-729 +132 +643
-758 +085 +643
-784 -008 +560
-792 +001 +559
-792 +023 +590
-788 +044 +618
-794 +103 +583
-805 +101 +561
-798 +296 +804
-793 +231 +688
-803 +156 +681
-800 +126 +574
-813 +055 +606
-806 +077 +671
-828 +290 +554
-807 +366 +458
-746 +500 +586
-726 +514 +662
-697 +502 +712
-660 +470 +698
-641 +448 +647
-628 +366 +563
-624 +202 +398
-613 +287 +313
-604 +286 +343
-622 +066 +512
-601 +064 +553
-551 +043 +597
-556 -080 +614
-573 -085 +685
-564 -101 +661
-526 -152 +644
-529 -140 +767
-505 -141 +863
-432 -120 +974
-404 -104 +971
-367 -094 +106
-282 -030 +346
-262 -023 +333
-236 -093 +269
-172 -142 +168
-143 -097 +148
-102 -017 +131
+014 +158 +086
+024 +141 +154
+068 +177 +237
+140 +214 +446
+127 +179 +439
+125 +158 +350
+098 +088 +200
+073 +061 +195
+054 +042 +172
+046 +050 +086
+048 +089 +053
+051 +125 +072
+070 +090 +074
+076 +136 +064
+066 +185 +024
+014 +232 +008
+017 +279 +978
+029 +351 +027
+030 +448 +268
+021 +393 +216
-004 +326 +150
-024 +352 +010
-012 +390 +048
+003 +515 +053
-012 +566 +010
-028 +470 +043
-052 +481 +986
-118 +514 +974
-131 +515 +964
-140 +526 +900
-184 +464 +944
-201 +474 +915
-241 +439 +879
-310 +410 +806
-351 +399 +793
-386 +378 +775
-484 +326 +660
-505 +305 +644
-533 +220 +663
-600 +188 +708
-600 +171 +686
-613 +126 +672
-634 +130 +604
-655 +126 +587
-675 +125 +595
-740 +102 +724
-743 +114 +737
-761 +073 +688
-808 -012 +622
-804 +032 +596
-799 +032 +611
-806 -022 +684
-804 -044 +675
-814 -068 +609
-846 +014 +312
-840 -012 +462
-821 +218 +622
-792 +064 +664
-792 +071 +619
-803 +043 +610
-792 +277 +576
-750 +448 +475
-646 +732 +520
-634 +705 +541
-646 +551 +572
-676 +240 +558
-664 +183 +569
-648 +106 +589
-614 -028 +676
-599 +004 +598
-565 +105 +519
-554 -050 +610
-568 -113 +631
-566 -137 +635
-570 -242 +832
-547 -238 +838
-530 -188 +794
-466 -162 +778
-441 -180 +848
-401 -170 +943
-306 -112 +106
-256 -083 +126
-214 +014 +185
-140 +126 +370
-091 +131 +409
-030 +161 +439
+042 +354 +436
+061 +304 +418
+081 +343 +302
+046 +392 +110
+051 +289 +122
+046 +263 +088
+030 +160 +990
+051 +138 +016
+069 +182 +046
+148 +278 +118
+165 +363 +111
+159 +383 +065
+154 +266 +132
+115 +268 +098
+089 +278 +040
+044 +260 +930
+054 +303 +014
+075 +334 +064
+076 +396 +060
+059 +350 +041
+065 +369 +991
+064 +520 +922
+074 +525 +955
+081 +508 +024
+074 +510 +112
+071 +518 +084
+041 +517 +076
-010 +520 +030
-017 +509 +017
-056 +503 +998
-110 +530 +966
-135 +495 +982
-171 +456 +968
-220 +366 +876
-251 +378 +864
-286 +336 +797
-364 +344 +788
-391 +329 +827
-404 +306 +786
-456 +226 +696
-510 +225 +673
-545 +188 +630
-618 +014 +648
-652 +033 +715
-689 +029 +758
-698 +010 +608
-690 -003 +639
-714 +026 +704
-738 +148 +684
-739 +129 +614
-752 +143 +598
-800 +002 +612
-818 +007 +546
-819 +046 +514
-836 -006 +566
-847 -003 +577
-835 +000 +520
-854 -044 +546
-852 -039 +508
-849 -011 +496
-844 +034 +568
-596 +328 +766
-686 +284 +707
-614 +400 +738
-606 +484 +630
-592 +518 +697
-670 +380 +792
-719 +449 +782
-797 +510 +785
-778 +858 +042
-724 +910 +041
-646 +982 +026
-410 +082 +546
-325 +118 +300
-266 +071 -011
-230 +744 -304
-230 +628 -255
-254 +535 -249
-284 +342 -240
-265 +330 -197
-216 +289 -115
-098 +040 +278
-132 -041 +407
-176 -122 +660
-238 -150 +050
-212 -064 +016
-180 +060 +100
-056 +348 +340
-064 +247 +290
-030 +174 +437
+138 +148 +442
+142 +160 +513
+170 +083 +405
+268 +098 +516
+261 +063 +427
+307 +038 +302
+432 +144 +314
+457 +270 +390
+470 +326 +335
+486 +268 +090
+488 +277 +085
+489 +371 +176
+496 +520 +298
+498 +586 +326
+506 +680 +384
+492 +704 +154
+467 +682 +096
+398 +639 +997
+218 +568 +674
+176 +557 +654
+116 +569 +619
+000 +588 +422
-032 +571 +432
-077 +482 +426
-202 +340 +412
-224 +447 +421
-293 +474 +436
-390 +358 +526
-407 +331 +626
-451 +285 +668
-616 +058 +730
-669 +030 +754
-716 +008 +768
-782 +040 +864
-774 +056 +827
-783 +075 +801
-794 +132 +764
-802 +138 +704
-810 +183 +671
-814 +244 +676
-804 +288 +686
-790 +283 +658
-788 +234 +554
-815 +372 +861
-816 +372 +570
-760 +312 +620
-771 +263 +646
-752 +257 +608
-736 +368 +586
-749 +308 +569
-763 +284 +566
-786 +206 +668
-773 +231 +684
-775 +215 +683
-758 +280 +636
-761 +261 +645
-763 +239 +650
-760 +196 +606
-749 +234 +590
-860 +318 +808
-781 +375 +754
-738 +300 +676
-753 +283 +599
-792 +250 +528
-932 +168 +520
-913 +213 +604
-827 +317 +647
-628 +462 +612
-580 +620 +618
-475 +768 +679
-338 +634 +466
-300 +494 +448
-259 +349 +417
-148 +158 +340
-138 +121 +400
-150 +001 +470
-088 -158 +618
-092 -188 +757
-082 -250 +960
-100 -412 +060
-089 -557 +220
-090 -516 +394
-130 -718 +334
-113 -748 +433
-095 -791 +382
+016 -752 +108
+059 -738 +214
+156 -588 +309
+318 -208 +438
+299 -216 +460
+309 -173 +449
+320 +128 +590
+316 +235 +630
+299 +234 +625
+268 +160 +328
+243 +182 +231
+196 +196 +157
+030 +242 +014
-012 +287 +905
-073 +310 +794
-200 +310 +612
-211 +325 +595
-243 +328 +606
-358 +248 +716
-386 +253 +742
-411 +289 +699
-440 +436 +440
-443 +436 +413
-468 +369 +472
-538 +250 +430
-553 +253 +506
-598 +150 +640
-720 -060 +740
-741 -101 +749
-765 -158 +743
-804 -298 +778
-801 -311 +828
-779 -311 +840
-760 -252 +800
-746 -219 +759
-746 -162 +715
-740 +002 +694
-730 +027 +664
-741 +030 +630
-764 +040 +550
-774 +197 +684
-773 +096 +688
-762 +028 +420
-767 +048 +560
-753 +055 +620
-730 +148 +694
-746 +099 +729
-771 +069 +744
-748 +266 +630
-742 +202 +645
-754 +133 +659
-758 +162 +674
-762 +114 +668
-755 +144 +659
-760 +192 +560
-765 +144 +633
-756 +173 +692
-760 +074 +704
-750 +147 +684
-751 +148 +690
-774 +124 +726
-773 +152 +715
-763 +166 +689
-788 +152 +628
-771 +216 +624
-776 +195 +697
-768 +158 +760
-767 +086 +637
-767 +180 +552
-806 +030 +678
-795 +041 +693
-779 +121 +682
-782 +160 +630
-708 +376 +787
-719 +369 +717
-794 +362 +522
-775 +369 +554
-777 +275 +595
-794 +140 +556
-807 +199 +549
-831 +330 +561
-808 +628 +608
-769 +583 +542
-701 +540 +446
-528 +442 +624
-447 +530 +642
-356 +580 +601
-174 +256 +532
-184 +131 +519
-199 +059 +513
-186 -072 +496
-150 -138 +513
-130 -293 +576
-026 -482 +998
-020 -444 +040
+085 -377 +207
+138 -440 +100
+075 -639 +264
+080 -716 +324
+064 -772 +334
+087 -763 +675
+092 -687 +656
+168 -468 +382
+215 -432 +443
+181 -390 +449
+298 -148 +656
+357 -135 +711
+430 -065 +699
+556 +384 +600
+525 +463 +520
+458 +484 +311
+244 +430 +836
+140 +406 +784
+031 +403 +673
-148 +420 +448
-174 +445 +394
-204 +427 +359
-176 +570 +396
-212 +538 +381
-294 +403 +395
-416 +278 +532
-483 +162 +602
-589 +021 +659
-772 -172 +758
-799 -163 +782
-808 -163 +827
-798 -094 +836
-794 -037 +815
-782 +053 +726
-756 +146 +554
-750 +135 +589
-741 +135 +618
-586 +344 +828
-678 +300 +741
-714 +060 +618
-764 -208 +422
-750 +090 +645
-749 +132 +706
-748 +186 +730
-732 +288 +743
-718 +265 +787
-732 +224 +746
-727 +239 +695
-739 +253 +726
-748 +188 +706
-759 +187 +668
-744 +197 +641
-738 +182 +658
-686 +123 +711
-677 +186 +703
-734 +254 +706
-735 +244 +713
-735 +257 +723
-744 +250 +702
-751 +232 +723
-755 +257 +655
-702 +190 +714
-734 +349 +551
-757 +142 +568
-757 +105 +573
+144 +331 +965
+143 +298 +003
+136 +270 +080
+125 +258 +039
+111 +200 +039
+102 +158 +104
+086 +103 +104
+055 +020 +120
+014 -036 +040
+007 -044 +128
-008 -054 +139
-034 +016 +018
-031 +040 +049
-013 +078 +064
+036 +114 +146
+040 +162 +090
+046 +161 +046
+056 +210 +026
+040 +147 +076
+048 +184 +043
+036 +178 +970
+105 +147 +943
+090 +203 +026
+054 +220 +214
+054 +160 +037
-632 +406 +681
-622 +333 +707
-596 +360 +668
-592 +358 +723
-585 +409 +640
-578 +316 +456
-564 +266 +500
-545 +215 +529
-502 -008 +514
-474 -014 +566
-445 -015 +687
-396 -014 +706
-338 +006 +771
-272 +045 +844
-096 +134 +136
-085 +229 +077
-044 +344 +141
-016 +470 +132
+019 +499 +196
+028 +588 +332
+012 +790 +352
-006 +735 +340
-013 +725 +284
-002 +724 +154
-006 +636 +071
-011 +558 +067
+024 +446 +018
+034 +381 +051
+058 +396 +052
+118 +498 +000
+121 +447 +969
+135 +459 +981
+136 +440 +946
+151 +439 +960
+164 +381 +987
+184 +262 +048
+172 +207 +061
+156 +185 +043
+104 +076 +018
+095 +078 +021
+085 +067 +037
+046 -022 +184
+026 -040 +171
+005 -042 +154
-028 +018 +092
-028 +035 +110
-025 +058 +096
-024 +070 +078
-026 +096 +041
-013 +142 +051
-002 +136 +080
+012 +184 +064
+024 +207 +034
+052 +170 +052
+042 +206 +067
+031 +176 +049
+020 +144 +012
+033 +208 +059
+039 +181 +023
+054 +170 +048
-596 +419 +694
-595 +401 +695
-580 +442 +766
-567 +443 +757
-578 +432 +702
-558 +410 +658
-571 +416 +662
-582 +379 +653
-552 +362 +602
-550 +329 +559
-538 +260 +569
-554 +072 +580
-528 +083 +589
-492 +044 +566
-394 +010 +638
-369 -020 +729
-309 +031 +817
-192 +132 +954
-147 +134 +940
-118 +228 +996
-036 +350 +208
-010 +401 +216
+008 +458 +298
+026 +512 +412
+021 +618 +351
+003 +735 +374
-042 +770 +076
-047 +704 +084
-065 +602 +073
-042 +454 +116
-032 +385 +101
-009 +333 +091
+056 +378 +080
+055 +314 +999
+057 +353 +998
+092 +514 +916
+111 +496 +860
+144 +452 +884
+198 +414 +014
+200 +344 +990
+194 +301 +016
+178 +250 +074
+167 +228 +073
+140 +168 +129
+092 +068 +180
+077 +085 +156
+051 +063 +144
+000 -038 +158
-003 -038 +146
-008 -038 +122
-006 +032 +078
-003 +023 +071
+000 +038 +039
+020 +152 +068
+019 +128 +034
+032 +158 +023
+066 +386 +958
+044 +232 +996
+040 +199 +063
-004 +054 +014
+010 +117 +091
+019 +132 +009
+052 +212 +974
+055 +179 +028
+055 +128 +008
+068 +060 +028
+064 +100 +062
+061 +142 +057
-527 +467 +642
-556 +470 +650
-550 +760 +762
-563 +658 +732
-559 +558 +675
-532 +478 +678
-527 +480 +696
-535 +453 +671
-534 +320 +594
-533 +280 +599
-515 +242 +570
-466 +072 +430
-435 +021 +501
-394 -056 +692
-288 -152 +846
-255 -040 +617
-203 +105 +671
-048 +426 +920
-009 +515 +894
+020 +458 +928
+106 +408 +064
+097 +574 +352
+092 +931 +450
+002 +006 +372
-013 +988 +234
-017 +908 +151
+002 +792 +014
+004 +698 +037
+004 +597 +055
+014 +460 +038
+036 +481 +067
+059 +454 +074
+130 +492 +912
+137 +503 +902
+163 +522 +882
+204 +596 +812
+198 +575 +810
+203 +568 +826
+212 +528 +860
+212 +492 +863
+208 +408 +898
+164 +234 +124
+144 +198 +182
+124 +209 +151
+100 +150 +184
+069 +074 +202
+040 -002 +184
-014 +000 +120
-022 +017 +099
-018 +059 +107
-006 +226 +070
+015 +263 +052
+028 +280 +043
+040 +338 +970
+043 +339 +950
+036 +298 +973
+022 +278 +972
+031 +303 +987
+036 +301 +032
+038 +276 +040
+029 +261 +020
+023 +254 +013
+006 +244 +132
-007 +225 +097
-021 +237 +972
-020 +164 +174
-003 +230 +102
-005 +260 +079
+010 +104 +012
-650 +491 +692
-651 +471 +660
-680 +454 +624
-687 +430 +591
-672 +471 +624
-620 +446 +644
-617 +380 +622
-608 +296 +602
-582 +182 +528
-550 +189 +440
-536 +084 +433
-404 -124 +552
-385 -161 +536
-336 -121 +684
-220 -016 +684
-180 -007 +863
-101 +145 +922
+012 +340 +250
+054 +509 +183
+065 +639 +333
+096 +888 +400
+063 +960 +446
+035 +082 +360
-044 +838 +184
-045 +661 +127
-033 +537 +104
+002 +466 +088
-003 +408 +069
+010 +407 +030
+054 +468 +890
+064 +450 +934
+082 +444 +939
+126 +462 +978
+124 +459 +950
+119 +457 +938
+154 +382 +032
+166 +356 +047
+166 +280 +030
+136 +260 +058
+129 +250 +033
+104 +171 +027
+080 +112 +082
+071 +070 +093
+053 +000 +136
-014 -132 +288
-020 -087 +193
-022 -045 +187
-018 +014 +092
-014 +014 +061
-003 +064 +046
+016 +206 +974
+015 +186 +001
+031 +218 +019
+044 +206 +928
+036 +179 +013
+036 +198 +993
+030 +164 +138
+033 +200 +038
+034 +188 +020
+002 +256 +882
+015 +230 +949
+040 +200 +032
+040 +280 +002
+049 +207 +964
-593 +470 +696
-585 +416 +698
-570 +418 +610
-589 +407 +671
-598 +374 +671
-614 +368 +680
-611 +372 +734
-604 +412 +657
-610 +308 +682
-600 +272 +679
-557 +240 +647
-474 -010 +278
-470 -129 +338
-399 -173 +469
-224 -100 +908
-185 -114 +872
-122 -021 +858
-006 +222 +070
-003 +347 +097
+027 +489 +218
+034 +734 +364
+025 +741 +410
+005 +818 +412
-060 +922 +336
-080 +825 +277
-067 +746 +149
-044 +506 +074
-054 +403 +101
-050 +429 +091
-028 +456 +950
-019 +413 +978
+004 +408 +011
+068 +340 +944
+081 +338 +959
+107 +385 +982
+120 +442 +908
+132 +475 +886
+135 +425 +869
+134 +426 +006
+126 +348 +992
+114 +249 +032
+076 +130 +092
+061 +114 +049
+044 +108 +108
+020 +044 +180
+017 +029 +185
+009 -035 +213
+014 -126 +176
+009 -066 +148
+004 -003 +105
+020 +100 +106
+027 +118 +098
+028 +119 +075
+042 +182 +016
+040 +181 +990
+042 +178 +022
+044 +132 +084
+066 +182 +930
+052 +177 +060
+038 +274 +020
+025 +186 +009
+015 +502 +467
+000 +086 +258
+015 +063 +169
+047 +046 +061
+070 +126 +112
+089 +105 +048
+066 +093 +065
-483 +502 +861
-475 +462 +778
-486 +368 +674
-489 +392 +731
-504 +438 +683
-514 +396 +638
-498 +350 +714
-483 +294 +771
-442 +124 +688
-422 +083 +552
-393 +007 +578
-306 -168 +822
-244 -156 +763
-164 -087 +762
-020 +174 +928
+022 +356 +008
+031 +340 +970
+122 +618 +262
+128 +612 +350
+156 +723 +413
+142 +914 +286
+107 +917 +233
+063 +919 +110
-004 +662 +252
+046 +746 +148
+066 +610 +158
+020 -012 +098
+052 +222 +996
+095 +455 +853
+138 +432 +916
+138 +416 +922
+152 +492 +887
+170 +460 +948
+184 +429 +024
+192 +356 +012
+158 +178 +008
+149 +160 +031
+147 +172 +074
+114 +072 +124
+114 +098 +104
-738 +349 +644
-742 +304 +520
-718 +378 +484
-723 +380 +486
-717 +334 +606
-718 +370 +646
-725 +190 +547
-718 -037 +590
-650 -262 +696
-616 -182 +698
-561 -080 +701
-474 -034 +774
-435 -021 +842
-387 +026 +853
-218 +244 +034
-186 +286 +958
-146 +403 +889
-050 +472 +976
-069 +518 +049
-075 +512 +085
-038 +506 +082
-021 +540 +070
+002 +556 +070
+062 +622 +958
+089 +708 +045
+117 +786 +159
+154 +742 +266
+158 +701 +180
+153 +614 +095
+128 +400 +958
+117 +355 +960
+106 +344 +989
+076 +356 +106
+065 +369 +105
+035 +317 +113
-036 +184 +068
-059 +146 +049
-094 +081 +978
-178 -046 +826
-172 +043 +933
-169 +103 +033
-186 +064 +946
-205 +036 +977
-226 +033 +000
-272 -004 +964
-269 +015 +957
-268 +054 +951
-250 +340 +848
-261 +220 +938
-273 +164 +005
-312 +104 +040
-304 +099 +971
-302 +114 +002
-286 +094 +006
-281 +115 +977
-285 +114 +992
-296 +054 +974
-301 +096 +034
-776 +215 +620
-764 +222 +547
-698 +128 +556
-681 +150 +562
-654 +169 +597
-612 +180 +696
-609 +181 +667
-593 +163 +665
-560 +128 +698
-533 +155 +698
-515 +171 +758
-422 +176 +826
-414 +181 +844
-361 +262 +858
-236 +548 +958
-222 +568 +986
-209 +541 +990
-182 +502 +004
-163 +437 +054
-143 +432 +057
-088 +500 +036
-075 +546 +049
-050 +622 +060
-004 +806 +062
+005 +770 +062
+030 +725 +020
+072 +642 +890
+085 +599 +885
+083 +557 +876
+066 +528 +866
+054 +494 +971
+031 +446 +009
-032 +308 +978
-062 +227 +046
-082 +166 +108
-104 +204 +142
-101 +209 +126
-109 +147 +096
-136 +042 +082
-131 +060 +084
-128 +057 +087
-132 +070 +052
-138 +060 +031
-147 +060 +020
-166 +040 +074
-167 +076 +088
-172 +082 +056
-192 +112 +978
-198 +127 +976
-205 +151 +991
-228 +138 +966
-228 +147 +990
-228 +158 +981
-226 +166 +964
-221 +221 +142
-238 +150 +052
-248 +192 +040
-241 +175 +046
-233 +175 +053
-246 +042 +006
-248 +060 +998
-238 +128 +977
-732 +245 +504
-716 +226 +481
-660 +250 +576
-635 +262 +571
-644 +213 +594
-620 +032 +594
-612 +032 +618
-583 +050 +637
-474 +078 +720
-471 +142 +825
-440 +145 +853
-386 +128 +836
-351 +156 +852
-297 +170 +894
-168 +354 +024
-156 +403 +107
-153 +462 +187
-122 +564 +210
-118 +617 +209
-104 +675 +210
+012 +752 +210
-018 +788 +145
-033 +723 +145
-050 +500 +076
-036 +481 +007
-023 +472 +948
+026 +370 +942
+036 +360 +994
+035 +393 +951
-010 +250 +064
-035 +189 +060
-073 +148 +008
-152 +138 +066
-159 +120 +053
-167 +061 +054
-152 +128 +140
-151 +129 +187
-148 +084 +177
-168 -026 +104
-172 -007 +092
-189 +009 +033
-238 -044 +024
-243 -046 +033
-251 -042 +002
-258 +018 +096
-257 +049 +071
-259 +050 +052
-240 +196 +060
-235 +215 +005
-237 +198 +969
-218 +318 +736
-237 +192 +936
-253 +184 +962
-262 +182 +128
-267 +150 +086
-290 +106 +047
-318 +078 +978
-324 +088 +990
-309 +168 +979
-790 +516 +837
-761 +379 +671
-720 +344 +620
-709 +278 +686
-671 +199 +678
-572 +176 +536
-545 +149 +547
-513 +116 +548
-492 +154 +766
-452 +204 +821
-428 +194 +738
-316 +244 +780
-295 +333 +795
-255 +466 +767
-218 +582 +920
-183 +543 +045
-153 +569 +136
-048 +806 +080
-034 +870 +077
-024 +884 +053
+008 +902 +110
+011 +953 +057
+007 +860 +034
-002 +622 +966
+017 +603 +909
+031 +574 +891
+008 +440 +008
-002 +403 +971
-031 +377 +009
-088 +416 +988
-098 +368 +946
-113 +326 +954
-136 +274 +050
-142 +230 +018
-156 +178 +012
-164 +236 +014
-160 +219 +077
-178 +150 +044
-208 +054 +988
-218 +059 +027
-232 +049 +051
-240 +100 +124
-238 +125 +149
-234 +151 +086
-244 +172 +020
-251 +176 +987
-255 +202 +962
-268 +214 +972
-270 +241 +976
-277 +225 +938
-270 +474 +088
-279 +286 +015
-275 +274 +009
-286 +234 +076
-283 +225 +062
-280 +247 +030
-284 +262 +006
-293 +241 +995
-284 +246 +943
-720 +356 +559
-731 +376 +478
-724 +444 +550
-733 +380 +525
-730 +279 +467
-728 -048 +412
-706 -055 +476
-651 -018 +563
-556 -074 +608
-532 -004 +553
-472 +224 +620
-396 +552 +852
-385 +458 +853
-353 +387 +865
-220 +404 +954
-195 +472 +935
-191 +555 +905
-192 +564 +076
-164 +597 +167
-129 +673 +272
-078 +794 +316
-066 +807 +279
-053 +789 +164
-008 +688 +026
+003 +651 +991
+008 +596 +958
+002 +476 +994
-009 +441 +018
-023 +422 +008
-072 +290 +028
-091 +251 +013
-116 +166 +004
-182 +090 +100
-195 +120 +100
-216 +094 +061
-234 +042 +038
-236 +098 +033
-240 +114 +000
-260 +080 +910
-263 +070 +933
-255 +085 +994
-266 +040 +058
-273 +034 +025
-287 +034 +036
-304 +002 +082
-308 +018 +039
-316 +047 +017
-312 +070 +018
-317 +051 +023
-310 +072 +987
-260 +276 +066
-261 +290 +966
-276 +240 +001
-298 +174 +982
-305 +159 +983
-310 +167 +982
-294 +172 +954
-300 +190 +978
-292 +209 +019
-770 +412 +539
-769 +298 +390
-714 +210 +406
-700 +204 +463
-691 +200 +496
-680 +116 +466
-651 +072 +485
-649 +044 +562
-590 +240 +718
-559 +214 +729
-512 +218 +737
-394 +242 +782
-377 +283 +823
-355 +294 +851
-292 +338 +992
-268 +426 +024
-228 +533 +047
-172 +738 +204
-182 +730 +240
-173 +714 +195
-124 +714 +110
-111 +692 +093
-088 +683 +029
-060 +584 +882
-060 +568 +938
-058 +492 +971
-074 +360 +004
-074 +324 +035
-095 +283 +084
-146 +202 +102
-153 +188 +165
-164 +147 +143
-182 +186 +084
-189 +160 +075
-197 +151 +036
-234 +092 +056
-241 +071 +072
-252 +056 +095
-282 +046 +976
-282 +039 +954
-278 +058 +956
-266 +050 +882
-283 +045 +915
-303 +054 +920
-322 +108 +960
-329 +122 +963
-332 +124 +970
-332 +456 +780
-314 +315 +939
-322 +224 +965
-348 +154 +920
-345 +168 +940
-337 +198 +971
-328 +196 +990
-310 +238 +927
-308 +229 +971
-312 +178 +992
-296 +230 +952
-698 +329 +577
-702 +512 +672
-698 +474 +643
-704 +386 +550
-716 +148 +336
-713 +112 +385
-693 +048 +429
-576 -066 +504
-605 -067 +518
-568 +078 +575
-552 +258 +690
-539 +222 +752
-522 +235 +819
-472 +162 +948
-467 +218 +958
-438 +237 +976
-332 +278 +912
-303 +322 +965
-251 +451 +016
-198 +620 +104
-191 +658 +116
-186 +688 +120
-170 +806 +088
-166 +770 +109
-155 +730 +079
-142 +568 +992
-147 +530 +029
-149 +469 +015
-172 +280 +960
-178 +242 +948
-191 +216 +041
-208 +196 +098
-217 +174 +084
-230 +143 +090
-258 +088 +008
-263 +091 +959
-272 +088 +042
-296 +004 +106
-298 +001 +024
-299 +028 +997
-292 +118 +956
-308 +073 +931
-311 +058 +960
-314 +058 +150
-313 +043 +117
-315 +037 +047
-348 -020 +968
-347 -017 +969
-345 -016 +934
-332 +034 +896
-327 +078 +927
-305 +191 +997
-312 +102 +920
-319 +110 +938
-329 +107 +936
-364 +100 +980
-356 +096 +977
-348 +123 +027
-773 +351 +269
-777 +386 +383
-764 +404 +470
-768 +346 +438
-765 +254 +435
-738 +136 +506
-732 +134 +495
-706 +087 +496
-648 -036 +588
-594 +011 +602
-562 +092 +631
-512 +054 +904
-514 +132 +811
-494 +245 +846
-452 +370 +006
-444 +294 +985
-397 +408 +011
-342 +626 +938
-354 +549 +045
-334 +524 +083
-282 +618 +082
-269 +624 +991
-244 +616 +011
-156 +764 +062
-140 +780 +004
-145 +707 +978
-162 +540 +876
-169 +494 +849
-154 +427 +867
-096 +460 +968
-097 +365 +963
-118 +318 +041
-172 +196 +090
-188 +154 +123
-204 +129 +119
-232 +064 +164
-230 +069 +151
-231 +065 +124
-242 +026 +080
-244 +041 +058
-245 +055 +082
-264 +032 +040
-292 +066 +999
-309 +050 +081
-320 -020 +008
-315 -005 +959
-285 +064 +956
-284 +196 +942
-276 +225 +904
-284 +251 +967
-314 +046 +976
-313 +109 +969
-318 +118 +992
-336 +124 +960
-336 +175 +983
-345 +136 +955
-338 +158 +966
-335 +190 +963
-744 +358 +563
-755 +340 +378
-738 +442 +494
-733 +375 +505
-719 +291 +480
-702 +154 +392
-694 +117 +419
-685 +025 +466
-644 +048 +544
-620 +117 +590
-568 +196 +667
-476 +346 +642
-458 +277 +650
-430 +279 +719
-336 +120 +848
-274 +303 +933
-205 +516 +029
-118 +764 +088
-106 +798 +087
-098 +831 +078
-080 +706 +066
-054 +773 +026
-029 +825 +957
-006 +708 +096
-010 +664 +060
-014 +619 +057
-028 +460 +018
-030 +418 +985
-063 +305 +010
-096 +182 +058
-099 +262 +025
-103 +276 +060
-132 +260 +090
-139 +211 +106
-142 +210 +103
-158 +194 +084
-166 +116 +053
-179 +054 +038
-210 +044 +066
-230 +029 +053
-251 +008 +021
-288 +036 +034
-291 +091 +022
-309 +076 +008
-318 +076 +992
-321 +112 +964
-318 +176 +947
-300 +284 +946
-299 +270 +969
-291 +276 +974
-382 +148 +844
-340 +206 +833
-323 +227 +918
-308 +106 +006
-302 +157 +008
-751 +383 +367
-758 +457 +385
-778 +442 +494
-783 +322 +433
-782 +139 +459
-758 -182 +664
-744 -182 +682
-688 -172 +669
-558 -068 +586
-545 -031 +617
-514 +095 +672
-460 +320 +820
-444 +305 +872
-419 +330 +915
-334 +258 +996
-299 +248 +041
-241 +430 +972
-150 +672 +064
-152 +609 +105
-134 +648 +083
-080 +796 +088
-097 +781 +160
-101 +758 +140
-126 +620 +046
-114 +585 +052
-102 +570 +069
-088 +482 +006
-100 +383 +007
-101 +342 +016
-130 +216 +962
-128 +218 +002
-139 +173 +011
-186 +070 +984
-195 +110 +011
-198 +132 +052
-210 +122 +990
-206 +129 +021
-215 +085 +040
-232 +046 +028
-244 +033 +055
-255 +070 +037
-292 +074 +038
-287 +137 +087
-279 +191 +077
-280 +170 +018
-290 +178 +990
-285 +219 +941
-274 +276 +916
-272 +275 +929
-269 +309 +939
-258 +264 +976
-254 +286 +999
-269 +269 +004
-284 +316 +990
-286 +287 +991
-288 +302 +950
-710 +404 +464
-730 +388 +514
-748 +430 +538
-749 +399 +503
-751 +330 +455
-742 +174 +432
-728 +136 +401
-708 +097 +425
-628 +126 +546
-592 +162 +546
-544 +177 +590
-504 +196 +718
-485 +186 +710
-450 +237 +723
-358 +256 +898
-313 +341 +915
-249 +486 +988
-146 +654 +234
-145 +654 +084
-129 +763 +035
-128 +836 +100
-133 +862 +084
-140 +855 +073
-120 +814 +064
-017 +562 +792
+140 +564 +920
+177 +569 +944
+207 +541 +052
+244 +438 +168
+247 +379 +220
+246 +375 +285
+238 +320 +410
+217 +306 +402
+198 +261 +379
+154 +102 +246
+126 +128 +219
+095 +170 +192
+024 +210 +206
+005 +245 +209
-014 +299 +258
-062 +194 +112
-098 +130 +043
-166 +106 +031
-358 +184 +926
-396 +184 +897
-467 +128 +789
-652 -024 +536
-686 +016 +473
-728 +046 +438
-794 +102 +458
-791 +159 +499
-791 +264 +515
-778 +388 +446
-765 +439 +291
-753 +473 +248
-744 +336 +306
-754 +343 +304
-754 +279 +318
-776 +104 +496
-791 +057 +537
-769 -009 +610
-638 +156 +690
-586 +277 +698
-515 +483 +717
-416 +882 +672
-397 +882 +678
-388 +921 +721
-402 +006 +946
-430 +914 +019
-451 +783 +030
-498 +402 +732
-537 +217 +606
-611 -034 +526
-706 -262 +492
-659 -222 +536
-589 -102 +610
-392 +248 +782
-342 +413 +833
-291 +593 +921
-156 +012 +126
-127 +064 +129
-123 +054 +168
-162 +712 +960
-198 +490 +790
-258 +198 +686
-338 -176 +730
-325 -155 +726
-289 -068 +804
-160 +158 +056
-113 +209 +069
-053 +237 +081
+058 +204 +146
+100 +193 +181
+143 +209 +233
+294 +308 +270
+353 +395 +234
+416 +526 +177
+436 +670 +980
+397 +610 +878
+417 +507 +809
+468 +432 +746
+467 +493 +825
+478 +510 +871
+500 +334 +888
+490 +314 +958
+470 +369 +069
+458 +404 +156
+439 +345 +153
+397 +316 +171
+308 +278 +296
+290 +285 +210
+246 +307 +154
+088 +324 +194
+041 +272 +217
-026 +215 +157
-230 +078 +072
-257 +060 +042
-319 +039 +894
-472 -008 +700
-508 +018 +629
-561 +018 +553
-666 +078 +494
-655 +080 +511
-643 +137 +525
-602 +286 +668
-583 +372 +705
-577 +432 +689
-560 +398 +856
-566 +472 +858
-555 +415 +805
-492 +254 +626
-471 +167 +581
-404 +191 +589
-238 +380 +506
-197 +487 +554
-160 +561 +652
-098 +948 +940
-095 +939 +960
-090 +858 +015
-104 +772 +098
-114 +778 +103
-125 +719 +119
-168 +612 +108
-170 +586 +134
-197 +563 +114
-258 +346 +050
-279 +282 +021
-317 +278 +979
-384 +304 +878
-393 +276 +865
-392 +284 +850
-402 +286 +750
-425 +239 +787
-449 +254 +837
-502 +266 +836
-521 +254 +830
-545 +199 +818
-612 -022 +770
-620 -087 +769
-615 -049 +797
-566 +036 +818
-543 +098 +861
-497 +155 +898
-354 +266 +988
-354 +396 +995
-353 +468 +042
-346 +496 +104
-337 +451 +078
-329 +454 +076
-274 +620 +084
-243 +708 +035
-201 +790 +995
-210 +968 +936
-228 +937 +877
-248 +844 +811
-334 +644 +646
-379 +575 +614
-446 +479 +619
-560 +426 +630
-581 +422 +580
-627 +376 +533
-730 +236 +450
-760 +243 +376
-807 +219 +295
-900 +164 +118
-916 +195 +061
-945 +151 +086
-020 -024 +204
-045 -100 +236
-053 -126 +296
-038 -148 +326
-007 -191 +341
-940 -176 +283
-742 +036 +200
-677 +166 +288
-576 +355 +428
-412 +160 +586
-404 +435 +609
-405 +487 +571
-466 +890 +426
-532 +586 +322
-637 +153 +133
-718 -454 -046
-629 -298 +138
-511 +116 +484
-368 +440 +136
-369 +444 +154
-360 +121 +057
-448 +182 +606
-491 +002 +433
-489 -114 +364
-376 +162 +662
-364 +443 +997
-347 +772 +256
-292 +060 +440
-292 +996 +332
-313 +733 +201
-394 +046 +706
-379 -057 +521
-291 -136 +389
+070 +070 +344
+198 +345 +629
+250 +101 +995
+210 +002 +448
+201 +529 +318
+114 +920 +030
-190 -194 +296
-229 -350 +257
-209 -143 +543
-154 +968 +530
-107 +201 +559
-060 +080 +491
-114 +444 +014
-183 +201 +681
-247 -005 +218
-276 -162 +432
-263 +271 +052
-235 +909 +413
-100 +942 +082
-135 +654 +861
-224 +244 +447
-374 -334 +160
-373 -010 +685
-339 +572 +198
-234 +050 +320
-237 +734 +004
-317 +266 +490
-400 -160 -198
-380 +085 +558
-359 +599 +130
-254 +906 +352
-262 +735 +132
-337 +308 +768
-406 -256 -194
-422 -178 +060
-401 +040 +872
-336 +890 +900
-307 +906 +548
-286 +535 +056
-396 -268 +046
-417 -290 +288
-384 -037 +843
-290 +842 +604
-287 +734 +541
-276 +577 +304
-346 +152 +394
-347 +052 +160
-344 -041 +493
-216 +814 +750
-228 +990 +657
-249 +852 +346
-328 +246 +582
-342 +110 +388
-352 -033 +409
-310 +054 +578
-266 +479 +652
-243 +579 +404
-346 +022 +586
-385 -145 +402
-382 -185 +675
-260 +892 +534
-288 +068 +439
-344 +780 +217
-480 -176 +254
-510 -314 -099
-465 -316 +051
-320 +484 +324
-317 +869 +473
-364 +870 +452
-468 +454 +860
-505 +176 +565
-520 -172 +221
-402 -330 +644
-309 +226 +085
-256 +840 +332
-180 +134 +504
-153 +042 +352
-152 +817 +207
-220 +218 +936
-258 +113 +868
-314 +020 +763
-468 -314 +694
-502 -398 +708
-554 -467 +607
-680 -738 +414
-705 -746 +316
-742 -743 +161
-830 -856 +082
-829 -804 +129
-841 -705 +146
-850 -568 +152
-835 -561 +050
-833 -696 -087
-796 -816 -324
-772 -835 -328
-758 -833 -329
-744 -800 -432
-709 -759 -366
-658 -692 -252
-592 -656 -128
-560 -671 -077
-526 -657 -050
-396 -716 +074
-363 -705 +242
-346 -751 +536
-396 -596 +180
-404 -538 +216
-401 -528 +202
-380 -514 +026
-385 -503 +072
-395 -505 +093
-412 -644 +012
-402 -678 +011
-388 -733 +017
-358 -826 +956
-343 -816 +889
-330 -809 +780
-320 -840 +608
-319 -818 +522
-331 -815 +347
-430 -846 +024
-477 -832 +039
-530 -854 +094
-654 -914 +244
-686 -919 +283
-710 -845 +328
-758 -774 +354
-774 -760 +361
-777 -756 +397
-736 -666 +412
-716 -619 +452
-696 -599 +491
-576 -508 +686
-530 -416 +665
-463 -282 +709
-306 +004 +820
-310 +099 +862
-275 +175 +954
-182 +366 +102
-173 +373 +125
-132 +432 +088
-072 +502 +958
-040 +517 +964
-026 +575 +987
+078 +730 +804
+061 +794 +773
+061 +768 +885
+030 +710 +082
+037 +707 +157
+036 +674 +217
+020 +536 +230
+017 +459 +174
+013 +389 +082
-018 +260 +960
-024 +263 +012
-043 +320 +028
-102 +288 +062
-122 +200 +066
-143 +166 +022
-148 +142 +792
-140 +116 +747
-156 +076 +863
-198 -072 +888
-220 -108 +901
-247 -155 +993
-298 -290 +088
-314 -343 +089
-352 -437 +119
-436 -602 +050
-428 -607 +027
-384 -470 +944
-354 -196 +962
-368 -343 +050
-323 -437 +074
-248 -258 +016
-228 -215 +043
-226 -120 +040
-236 -136 +024
-217 -107 +989
-242 -009 +006
-186 -044 +862
-222 +043 +895
-226 +029 +866
-244 +016 +892
-223 -009 +874
-201 -051 +902
-118 -002 +962
-085 -044 +017
-018 +041 +031
+038 +130 +122
+037 +147 +200
+052 +210 +213
+076 +320 +190
+084 +308 +118
+095 +254 +070
+140 +170 +060
+131 +155 +105
+128 +088 +140
+114 -044 +226
+104 -076 +176
+092 -138 +146
+054 -200 +086
+030 -163 +098
+026 -188 +054
+016 -390 +028
+028 -350 +064
+044 -242 +100
+076 -082 +096
+066 -036 +070
+077 -033 +019
+098 -044 +992
+098 -089 +992
+097 -107 +022
+076 -162 +052
+079 -155 +101
+080 -148 +122
+090 -184 +108
+066 -228 +153
+053 -239 +133
+034 -254 +076
+021 -269 +072
+004 -274 +076
-050 -322 +046
-094 -349 +039
-130 -340 +016
-212 -288 +928
-227 -287 +913
-249 -261 +909
-298 -264 +954
-314 -256 +949
-330 -257 +945
-366 -240 +888
-385 -224 +870
-395 -228 +855
-398 -254 +894
-385 -228 +929
-373 -203 +972
-370 -202 +080
-369 -207 +018
-372 -218 +975
-378 -152 +980
-389 -165 +972
-394 -154 +975
-402 -116 +942
-403 -120 +915
-409 -146 +912
-406 -148 +892
-407 -102 +914
-415 -071 +912
-428 -150 +882
-434 -139 +904
-430 -142 +906
-432 -122 +974
-440 -095 +963
-449 -096 +943
-452 -106 +942
-449 -090 +928
-451 -065 +910
-452 -034 +880
-454 -060 +887
-452 -101 +888
-438 -098 +914
-440 -121 +916
-436 -166 +910
-418 -168 +918
-412 -122 +913
-406 -118 +916
-392 -236 +928
-362 -223 +937
-328 -153 +933
-300 -068 +936
-286 -104 +976
-271 -033 +100
-258 +118 +304
-260 +160 +308
-264 +162 +269
-298 +160 +198
-305 +146 +175
-316 +121 +156
-350 +036 +072
-364 +033 +052
-378 +006 +049
-424 +064 +976
-438 +093 +955
-469 +068 +945
-530 +018 +898
-550 +040 +849
-586 +025 +787
-680 -080 +672
-709 -081 +642
-728 -035 +575
-782 -026 +574
-787 +004 +542
-807 -009 +567
-838 -030 +516
-856 -062 +509
-867 -070 +463
-908 -110 +372
-919 -133 +364
-926 -136 +343
-934 -124 +318
-942 -136 +276
-959 -176 +292
-980 -174 +284
-990 -153 +294
-004 -134 +303
-050 -114 +254
-054 -120 +264
-030 -045 +269
-954 +122 +250
-954 +115 +242
-943 +092 +233
-932 +046 +202
-938 +063 +191
-957 +057 +212
-964 -016 +222
-962 -014 +206
-936 +091 +215
-874 +314 +280
-873 +338 +330
-865 +359 +331
-852 +346 +274
-857 +301 +231
-867 +267 +184
-926 +212 +238
-945 +229 +250
-934 +228 +306
-860 +340 +436
-832 +377 +450
-808 +421 +495
-756 +466 +502
-754 +449 +502
-739 +447 +492
-696 +480 +528
-689 +510 +505
-692 +520 +473
-708 +522 +472
-703 +526 +480
-696 +524 +493
-710 +434 +496
-702 +424 +452
-703 +355 +397
-686 +204 +420
-685 +263 +468
-681 +279 +605
-684 +276 +722
-664 +250 +764
-680 +202 +774
-724 +106 +770
-711 +048 +783
-715 +027 +801
-676 -026 +888
-689 -011 +840
-692 -035 +833
-648 -078 +860
-654 -047 +859
-641 -055 +880
-634 -066 +908
-620 -041 +923
-610 -036 +931
-612 -066 +920
-601 -068 +933
-593 -071 +915
-572 -086 +904
-562 -090 +887
-552 -094 +869
-528 -110 +824
-516 -099 +799
-501 -087 +787
-476 -084 +832
-467 -094 +863
-453 -098 +907
-426 -072 +960
-415 -082 +967
-394 -101 +948
-360 -162 +944
-351 -157 +966
-337 -143 +998
-304 -118 +046
-288 -130 +032
-276 -146 +024
-258 -192 +012
-261 -208 +039
-251 -195 +061
-238 -198 +158
-233 -168 +134
-216 -135 +106
-190 -052 +036
-189 -065 +058
-192 -090 +090
-180 -106 +130
-179 -089 +133
-184 -067 +105
-220 -074 +058
-214 -091 +020
-220 -114 +996
-234 -120 +980
-233 -110 +996
-238 -079 +019
-242 -114 +044
-248 -152 +023
-250 -176 +012
-264 -152 +984
-265 -140 +977
-273 -094 +962
-274 -028 +928
-261 -051 +921
-263 -117 +958
-278 -248 +046
-279 -256 +064
-278 -253 +113
-282 -364 +134
-315 -371 +086
-338 -343 +014
-438 -444 +958
-455 -448 +927
-500 -449 +905
-628 -450 +910
-663 -487 +935
-677 -500 +988
-670 -376 +970
-656 -318 +938
-630 -226 +829
-616 -156 +582
-630 -126 +516
-677 -126 +468
-766 -026 +372
-773 -007 +363
-796 +042 +373
-820 +180 +278
-825 +133 +276
-831 +056 +222
-812 -090 +048
-812 -181 +073
-772 -173 +091
-692 -090 +384
-662 -051 +428
-604 -014 +436
-558 -018 +688
-530 -052 +817
-509 -119 +926
-462 -128 +224
-454 -086 +235
-428 -048 +222
-338 +088 +102
-289 +060 +132
-229 +112 +200
-150 +242 +308
-139 +288 +373
-141 +441 +323
-182 +612 +136
-205 +567 +130
-242 +569 +115
-296 +512 +070
-312 +424 +051
-362 +334 +006
-426 +300 +810
-445 +406 +686
-484 +439 +563
-586 +456 +278
-607 +420 +240
-632 +309 +264
-700 +084 +542
-712 +097 +596
-744 +028 +741
-804 -132 +764
-823 -177 +697
-842 -250 +586
-906 -454 +376
-900 -473 +314
-874 -459 +302
-768 -288 +460
-728 -234 +479
-657 -179 +533
-508 -052 +664
-452 -041 +688
-356 +124 +797
-164 +528 +062
-158 +568 +138
-166 +498 +206
-198 +276 +352
-207 +298 +386
-229 +281 +576
-184 +630 +716
-186 +559 +505
-209 +406 +225
-308 +082 +914
-322 +021 +844
-367 -076 +776
-482 -220 +650
-496 -198 +555
-507 -219 +386
-524 -346 +334
-529 -374 +609
-570 -431 +019
-582 -196 +618
-566 -011 +605
-525 +201 +529
-440 +354 +314
-418 +278 +123
-449 +189 +853
-600 -120 +660
-612 -112 +576
-663 -047 +368
-794 +082 -078
-824 +107 -222
-850 +173 -475
-762 +302 -754
-668 +265 -692
-544 +040 -152
-458 -236 +962
-494 -030 +329
-521 +211 +513
-614 +656 +038
-589 +600 +803
-575 +516 +519
-542 +292 +054
-542 +240 +872
-557 +136 +584
-608 -062 -190
-638 -061 -412
-629 -063 -546
-474 -200 -136
-417 -200 +116
-361 -180 +507
-212 -104 +952
-313 -348 +496
-389 -275 +768
-460 -016 +022
-428 -004 +938
-391 +047 +743
-310 +058 +144
-256 -018 +763
-325 -117 +321
-528 -204 -418
-565 -285 -278
-574 -335 +020
-496 -266 +586
-472 -273 +771
-503 -237 +214
-524 +166 +998
-446 +273 +771
-468 +267 +587
-406 +128 +304
-466 +045 +210
-447 -118 +968
-598 -400 +164
-646 -393 -045
-713 -325 -227
-704 -232 -068
-637 -243 -035
-511 -198 +020
-136 -106 +164
-055 -186 +520
-019 -194 +906
+126 -046 +508
+110 -041 +522
+084 -154 +557
+154 -226 +266
+197 -228 +245
+223 -236 +365
+260 -222 +554
+249 -201 +543
+233 -189 +478
+182 -172 +284
+179 -175 +289
+175 -152 +327
+084 -156 +200
+072 -148 +232
+020 -128 +083
-150 -132 +988
-180 -095 +859
-229 -058 +673
-374 +016 +300
-394 +016 +212
-394 -035 +106
-308 -250 +286
-222 -251 +385
-091 -257 +553
+194 -228 +874
+238 -220 +885
+293 -301 +133
+412 -348 +546
+421 -300 +522
+441 -272 +485
+480 -248 +614
+509 -210 +628
+507 -147 +555
+436 -074 +428
+414 -107 +419
+386 -146 +418
+334 -168 +250
+295 -185 +161
+226 -218 +066
+016 -316 +860
-038 -339 +879
-147 -349 +805
-326 -376 +618
-366 -330 +568
-448 -243 +489
-526 -104 +480
-515 -034 +422
-522 +019 +478
-496 +112 +652
-504 +119 +747
-513 +111 +882
-530 -046 +410
-539 -098 +366
-519 -137 +165
-518 -180 +910
-519 -150 +959
-516 -127 +904
-476 -146 +662
-462 -117 +660
-464 -048 +720
-458 +170 +968
-468 +200 +907
-472 +199 +937
-472 +252 +976
-458 +272 +970
-450 +321 +963
-418 +368 +902
-442 +348 +927
-462 +318 +948
-468 +210 +910
-474 +172 +912
-476 +158 +940
-468 +250 +978
-465 +250 +990
-460 +216 +003
-456 +126 +990
-449 +093 +915
-460 +024 +869
-538 -172 +978
-537 -121 +979
-526 -032 +969
-538 +136 +978
-535 +162 +008
-533 +141 +979
-506 +040 +958
-516 +007 +920
-547 -098 +833
-674 -310 +674
-672 -294 +635
-662 -295 +560
-708 -268 +488
-664 -259 +482
-631 -270 +555
-506 -438 +822
-561 -479 +904
-563 -448 +936
-588 -312 +778
-609 -286 +742
-631 -262 +710
-692 -204 +656
-667 -140 +638
-641 -132 +612
-588 -290 +750
-575 -352 +771
-571 -418 +732
-570 -496 +588
-546 -476 +666
-548 -426 +699
-468 -422 +864
-431 -424 +899
-510 -504 +060
-458 -504 +524
-456 -285 +498
-454 -042 +250
-472 +152 +702
-497 +109 +628
-521 +075 +550
-562 -082 +530
-559 -107 +540
-535 -162 +597
-498 -204 +782
-480 -184 +799
-478 -169 +829
-476 -238 +912
-467 -266 +995
-453 -261 +071
-410 -200 +144
-409 -175 +143
-398 -145 +124
-386 -128 +064
-385 -124 +011
-383 -136 +961
-344 -170 +856
-345 -206 +879
-397 -274 +908
-476 -442 +872
-462 -429 +903
-446 -418 +921
-444 -352 +130
-433 -343 +167
-439 -352 +178
-480 -440 +982
-494 -420 +899
-481 -328 +819
-500 -036 +684
-510 -002 +672
-521 +032 +657
-574 +062 +642
-587 +037 +610
-581 -082 +619
-570 -292 +678
-559 -292 +817
-572 -287 +955
-554 -096 +172
-541 +046 +145
-521 +182 +129
-466 +274 +106
-453 +150 +144
-464 -012 +108
-442 -296 +908
-423 -420 +807
-425 -596 +668
-556 -878 +208
-609 -940 +153
-654 -992 +173
-694 -818 +322
-693 -715 +417
-691 -628 +533
-648 -416 +636
-649 -380 +565
-703 -418 +430
-700 -238 +638
-698 -146 +707
-684 -025 +791
-712 +150 +774
-726 +155 +797
-756 +105 +876
-748 +114 +962
-723 +073 +863
-695 -056 +710
-680 -416 +306
-701 -490 +221
-717 -606 +148
-662 -682 +094
-635 -658 +120
-584 -648 +231
-472 -516 +380
-412 -498 +468
-354 -444 +744
-264 -322 +428
-286 -280 +445
-305 -259 +434
-314 -200 +300
-324 -227 +311
-332 -239 +215
-354 -230 +008
-360 -233 +978
-367 -214 +940
-390 -176 +880
-403 -171 +848
-416 -144 +848
-444 -132 +856
-452 -164 +892
-466 -203 +911
-464 -282 +990
-473 -265 +003
-483 -268 +040
-510 -228 +976
-530 -247 +983
-554 -252 +979
-578 -144 +826
-597 -114 +789
-638 -099 +764
-676 -018 +658
-686 -035 +624
-687 -060 +589
-684 -130 +532
-672 -105 +594
-653 -040 +595
-588 +128 +548
-570 +155 +522
-535 +057 +494
-472 -110 +662
-432 -254 +943
-388 -409 +126
-394 -788 +216
-407 -749 +054
-437 -723 +902
-508 -780 +674
-518 -772 +627
-502 -768 +741
-394 -652 +000
-401 -550 +039
-403 -439 +093
-480 -348 +064
-479 -341 +053
-501 -293 +927
-590 -298 +836
-583 -289 +822
-601 -206 +734
-664 -088 +662
-678 -117 +683
-700 -178 +670
-734 -300 +562
-750 -302 +447
-798 -314 +357
-864 -414 +180
-874 -417 -008
-843 -352 -209
-066 +220 +718
-024 +221 +735
+009 +195 +862
+116 +124 +962
+144 +023 +007
+162 -067 +147
+084 -054 +538
+086 +004 +621
+051 +028 +752
-002 +060 +872
+004 +015 +889
+012 -011 +903
+074 +020 +686
+093 +023 +584
+106 -034 +459
+114 -062 +212
+099 -045 +116
+059 -062 +990
-068 -162 +760
-096 -123 +685
-134 -061 +655
-256 +016 +734
-281 +040 +685
-320 +070 +695
-408 +134 +790
-413 +188 +796
-429 +224 +794
-464 +214 +824
-474 +210 +827
-486 +193 +798
-504 +182 +742
-490 +336 +698
-497 +312 +737
-518 +326 +854
-519 +312 +883
-521 +235 +903
-546 +305 +899
-539 +279 +864
-534 +222 +786
-508 +230 +829
-468 +260 +833
-390 +310 +730
-372 +301 +670
-342 +247 +563
-296 +078 +310
-264 +122 +410
-210 +197 +523
-078 +168 +738
-031 +040 +793
+026 +015 +960
+124 +004 +184
+136 -123 +257
+138 -158 +416
+038 -376 +848
-013 -453 +931
-085 -495 +976
-154 -390 +846
-120 -345 +700
-083 -317 +558
-024 -208 +326
-018 -211 +239
-011 -271 +224
-002 -190 +240
-012 -091 +098
-053 -008 +817
-156 +100 +338
-174 +100 +299
-207 +036 +310
-240 +060 +356
-252 +059 +340
-244 +061 +285
-192 +136 +224
-169 +171 +354
-100 +155 +457
+064 +074 +794
+098 +066 +993
+113 +034 +132
+146 -122 +294
+123 -131 +383
+110 -078 +434
+060 -126 +726
+043 -164 +857
+032 -175 +949
+020 -248 +998
+053 -224 +925
+089 -156 +811
+112 -006 +344
+084 -035 +248
+058 -045 +190
+006 -056 +012
-018 -124 +910
-054 -133 +781
-158 +186 +430
-186 +250 +437
-240 +191 +525
-342 +020 +572
-362 +045 +593
-407 +042 +653
-482 +124 +796
-502 +179 +802
-524 +181 +789
-570 +104 +754
-566 +104 +769
-529 +319 +752
-540 +328 +090
-554 +221 +047
-575 +131 +974
-578 +248 +682
-568 +233 +757
-557 +185 +817
-546 +184 +880
-448 +362 +875
-454 +314 +880
-442 +324 +714
-418 +337 +748
-382 +301 +718
-312 +418 +504
-298 +372 +412
-275 +171 +334
-196 -212 +430
-133 -229 +470
-073 -218 +616
+166 -042 +808
+238 +010 +026
+277 +024 +329
+214 -188 +942
+160 -221 +888
+091 -241 +963
-004 -166 +040
+036 -169 +993
+104 -178 +898
+194 -208 +602
+187 -218 +489
+177 -192 +319
+136 +036 +134
+106 -018 +179
+070 -120 +965
-080 -212 +194
-121 -140 +021
-173 -090 -011
-222 +036 +304
-208 +057 +330
-170 +017 +313
-064 +052 +440
-049 +131 +579
-021 +171 +654
+116 -036 +476
+164 -077 +577
+203 -016 +988
+224 +090 +804
+212 +132 +833
+189 +166 +907
+154 +118 +030
+159 +073 +035
+175 +009 +034
+220 -032 +806
+217 -019 +637
+216 -024 +439
+172 -078 +128
+152 -040 +088
+106 -061 +023
-032 -060 +824
-074 -061 +722
-137 -075 +595
-266 +000 +548
-295 +007 +550
-332 +024 +608
-424 +062 +698
-443 +076 +711
-463 +146 +722
-502 +192 +744
-510 +182 +789
-519 +240 +838
-542 +290 +942
-552 +256 +935
-562 +212 +880
-586 +150 +834
-582 +200 +726
-581 +208 +735
-602 -024 +746
-632 +090 +876
-589 +115 +875
-584 +042 +798
-574 +287 +863
-579 +220 +762
-544 +258 +654
-530 +299 +708
-509 +277 +662
-414 +278 +314
-367 +180 +260
-289 +102 +251
-046 +098 +282
+038 +056 +457
+141 +033 +727
+328 -074 +276
+348 -029 +412
+349 +003 +525
+262 -312 +674
+180 -292 +724
+067 -179 +882
+044 -030 +040
+110 -126 +040
+205 -216 +873
+342 -234 +430
+336 -214 +237
+283 -130 +088
+112 -030 +922
+094 -014 +771
+035 -017 +561
-142 -054 +226
-189 -053 +211
-235 -005 +187
-308 +090 +224
-286 +036 +248
-222 +042 +270
-104 +116 +476
-075 +128 +597
-022 +114 +651
+182 -110 +744
+215 -129 +954
+244 -006 +321
+262 +082 +884
+231 -028 +945
+182 -094 +980
+096 -166 +998
+109 -158 +953
+122 -165 +810
+148 -124 +484
+147 -108 +483
+138 -097 +420
+090 -132 +190
+059 -107 +138
+036 -066 +027
-052 -126 +714
-094 -115 +708
-162 -063 +755
-294 -108 +556
-333 -077 +499
-376 +044 +523
-442 +264 +622
-455 +231 +640
-466 +308 +649
-390 +188 +712
-474 +559 +804
-529 +370 +729
-584 +304 +974
-592 +238 +847
-575 +308 +753
-564 +154 +756
-560 +209 +863
-472 +356 +850
-493 +356 +769
-498 +370 +768
-481 +432 +734
-426 +418 +580
-290 +186 +380
-243 +117 +359
-162 +065 +325
+026 -088 +450
+062 -123 +527
+141 -146 +669
+310 +038 +220
+335 +075 +357
+314 +008 +665
+128 -280 +040
+102 -289 +033
+067 -292 +999
+046 -048 +762
+085 -012 +763
+139 -109 +778
+240 -294 +602
+221 -343 +429
+167 -291 +255
+096 -142 +194
+079 -125 +064
+039 -105 +881
-104 -184 +324
-154 -148 +213
-200 -108 +098
-214 +090 +310
-204 +124 +367
-197 +083 +380
-140 -090 +494
-106 +023 +527
-071 +103 +686
+010 +228 +850
+046 +214 +846
+084 +170 +915
+152 -086 +224
+179 -097 +273
+150 -225 +468
+120 -156 +830
+107 -091 +919
+110 -066 +965
+154 -118 +890
+162 -143 +766
+174 -122 +631
+172 -186 +300
+143 -182 +226
+100 -129 +136
+032 -016 +956
-001 -021 +923
-050 -061 +878
-154 -048 +672
-200 -076 +667
-246 -052 +741
-352 +042 +680
-372 +016 +668
-408 -002 +694
-448 +102 +764
-459 +102 +800
-482 +133 +818
-516 +098 +800
-521 +128 +820
-525 +165 +857
-530 +506 +944
-515 +330 +943
-519 +151 +880
-522 +214 +882
-525 +172 +855
-533 +139 +821
-448 +432 +884
-458 +409 +858
-452 +330 +714
-429 +492 +911
-395 +578 +950
-344 +416 +570
-362 +231 +413
-349 +081 +234
-280 -046 +228
-254 -010 +353
-184 +056 +441
-024 +128 +756
+002 +189 +872
+047 +194 +014
+120 +052 +294
+125 +058 +377
+107 +052 +507
-018 -210 +896
-052 -176 +942
-068 -149 +975
-024 -202 +908
+014 -198 +741
+038 -168 +570
+062 -262 +388
+053 -245 +345
+056 -121 +210
+040 +166 +146
+020 +101 +033
-042 -005 +858
-172 -078 +506
-213 -040 +401
-247 +043 +263
-290 +116 +248
-282 +095 +294
-261 +029 +278
-166 +010 +416
-143 +084 +554
-101 +179 +639
-024 +264 +770
-012 +201 +853
+026 +184 +938
+086 +110 +216
+086 +131 +369
+060 +155 +546
+032 +156 +760
+018 +076 +795
-004 +019 +839
-020 -072 +814
-015 -072 +694
-003 -054 +526
+014 +006 +270
+003 -001 +263
-007 +001 +165
-036 +026 +006
-045 +070 +964
-068 +125 +910
-128 +120 +834
-158 +132 +839
-203 +170 +801
-304 +150 +656
-329 +131 +649
-349 +141 +678
-404 +164 +772
-415 +167 +773
-438 +179 +753
-494 +128 +764
-495 +158 +800
-496 +230 +845
-466 +440 +890
-516 +285 +800
-515 +244 +836
-514 +144 +896
-510 +161 +916
-512 +162 +892
-488 +240 +844
-767 +359 +572
-748 +360 +338
-734 +464 +442
-737 +456 +494
-744 +397 +508
-766 +306 +464
-768 +330 +454
-773 +349 +453
-808 +364 +450
-845 +374 +479
-897 +367 +578
-950 +372 +672
-918 +435 +687
-878 +527 +663
-750 +576 +680
-729 +530 +585
-660 +506 +517
-538 +402 +432
-503 +342 +305
-427 +297 +051
-128 +236 -108
-056 +158 +033
+041 +120 -024
+320 +100 -182
+397 +153 +137
+436 +326 +698
+324 +982 +852
+271 +140 +943
+105 +131 +992
-124 +298 +040
-052 +417 +040
+029 +279 +994
+202 +954 +620
+223 +773 +515
+209 +574 +322
+146 +232 +844
+122 +198 +745
+071 +108 +489
-100 -222 +004
-136 -242 -060
-186 -184 -077
-220 +086 +002
-206 +113 -111
-128 +068 -204
+034 -034 -100
+135 +068 +159
+250 +128 +407
+498 +152 +898
+534 +205 +111
+522 +280 +505
+436 +400 +974
+374 +497 +006
+331 +827 +023
+270 +236 +040
+258 +044 +040
+253 +828 +040
+282 +388 +626
+283 +343 +487
+284 +314 +403
+294 +108 +212
+277 +067 +082
+217 -010 +864
+056 +028 +504
-003 -033 +374
-109 -001 +378
-372 -224 +212
-421 +095 +279
-502 +210 +403
-648 +296 +316
-656 +329 +279
-662 +346 +317
-646 +542 +468
-630 +660 +529
-696 +529 +650
-738 +306 +366
-722 +335 +534
-691 +303 +553
-674 +450 +658
-690 +427 +683
-681 +472 +674
-642 +476 +728
-651 +443 +608
-970 +396 +550
-970 +447 +489
-862 +828 +714
-800 +839 +651
-734 +694 +480
-642 +184 +006
-618 +101 -131
-520 +126 -124
-204 +178 +054
-082 +181 +080
+121 +149 +008
+526 +246 +030
+595 +111 +111
+592 +047 +468
+490 +306 +618
+200 -197 +829
-106 -072 +935
-574 +208 +040
-527 +233 +040
-426 +244 +019
-202 +090 +764
-084 +152 +850
+050 +122 +668
+194 -098 +796
+180 -063 +556
+132 -080 +275
+010 -200 -204
+002 -153 -343
+011 -108 -453
+062 -016 -436
+078 +025 -297
+106 +032 -119
+134 -260 +398
+163 -198 +725
+156 -111 +098
+024 -204 +712
-067 -250 +786
-216 -229 +913
-496 -080 +040
-401 -012 +040
-294 -204 +040
-088 -306 +040
-032 -320 +040
+089 -331 +840
+384 -184 +962
+369 -207 +628
+296 -208 +505
+028 -338 +704
-014 -329 +616
-042 -130 +373
-272 +000 +160
-360 -096 +370
-465 -146 +568
-624 -048 +912
-627 +014 +886
-631 +093 +712
-642 +228 +648
-640 +155 +707
-647 +125 +727
-712 +076 +718
-694 +162 +659
-705 +181 +639
-680 +160 +952
-671 +108 +856
-688 +071 +948
-678 +184 +720
-657 +310 +561
-666 +294 +680
-702 +218 +704
-706 +236 +592
-712 +255 +648
-666 +324 +754
-685 +236 +757
-699 +232 +733
-712 +236 +798
-695 +281 +684
-697 +275 +765
-686 +188 +780
-727 +236 +424
-692 +492 +398
-716 +556 +478
-710 +498 +489
-734 +393 +474
-784 +264 +464
-777 +309 +521
-782 +314 +561
-802 +296 +638
-825 +290 +639
-809 +313 +611
-754 +376 +482
-716 +398 +434
-668 +388 +381
-536 +330 +262
-497 +315 +248
-451 +305 +238
-354 +288 +458
-334 +216 +412
-331 +136 +400
-314 -046 +714
-294 -013 +754
-213 +042 +826
-012 -028 +096
+018 +074 +075
+016 +134 +987
-152 -310 +432
-215 -365 +711
-296 -318 +874
-516 -464 +938
-498 -399 +989
-428 -327 +994
-266 -256 +778
-226 -146 +656
-194 -107 +549
-134 +002 +562
-124 -045 +418
-133 -133 +261
-116 -196 +798
-139 -163 +690
-167 -099 +547
-224 +020 +342
-240 +059 +392
-262 +088 +392
-272 -024 +118
-263 +017 +043
-260 +079 +022
-186 +252 +090
-159 +255 +150
-150 +163 +291
-096 -010 +682
-083 -029 +730
-082 -102 +866
-022 -018 +410
-010 -041 +463
+005 -317 +566
-072 -684 +032
-080 -546 +885
-116 -490 +880
-160 -216 +040
-172 -224 +958
-179 -197 +918
-158 -288 +846
-121 -297 +696
-100 -267 +430
+022 -078 +866
+002 -192 +946
+011 -242 +900
-004 -244 +708
-005 -138 +678
-060 -109 +591
-218 -118 +542
-280 -117 +572
-332 -107 +607
-422 +042 +872
-453 +034 +815
-503 -063 +738
-520 -020 +820
-521 +053 +855
-521 +155 +933
-540 +124 +916
-546 +123 +907
-524 +162 +894
-592 +100 +758
-605 +122 +729
-634 +177 +674
-688 +286 +496
-715 +313 +521
-729 +370 +575
-778 +334 +766
-769 +299 +693
-778 +223 +686
-764 +074 +620
-753 +105 +623
-748 +249 +669
-766 +308 +454
-769 +223 +523
-765 +177 +590
-764 +210 +768
-766 +230 +777
-756 +213 +769
-738 +100 +672
-740 +149 +666
-741 +348 +589
-740 +368 +553
-744 +456 +472
-750 +404 +525
-727 +464 +513
-734 +516 +516
-742 +490 +503
-775 +381 +516
-864 +140 +652
-852 +151 +742
-822 +193 +794
-698 +274 +848
-669 +299 +854
-636 +385 +725
-558 +432 +320
-545 +380 +220
-484 +317 +137
-274 +212 +030
-219 +235 +018
-090 +292 +050
+266 +146 +356
+251 -180 +631
+222 -265 +908
+190 -030 +280
+149 -048 +547
+010 -246 +794
-216 -386 +040
-238 -367 +040
-302 -431 +040
-154 -126 +040
-090 -049 +895
-015 -062 +880
+176 -142 +592
+159 -217 +397
+072 -329 +227
+072 -048 +750
+047 -003 +539
-041 -133 +479
-186 -398 +316
-170 -288 +095
-154 -046 -167
-138 +324 -572
-168 +277 -158
-144 +159 +205
-228 -316 +200
-198 -297 +334
-172 -214 +613
-026 -162 +142
-047 -329 +313
-098 -377 +269
-008 -180 +944
+034 -271 +199
+029 -313 +620
-150 -700 +958
-179 -571 +895
-262 -573 +949
-368 -384 +040
-320 -449 +014
-262 -325 +993
-112 -398 +632
-056 -456 +500
+085 -280 +311
+282 -102 +718
+250 -129 +512
+182 -155 +472
-064 -336 +108
-119 -306 +025
-208 -202 +184
-574 -208 +492
-586 -026 +570
-557 +126 +666
-606 -058 +840
-636 -086 +801
-637 +064 +770
-626 +240 +854
-628 +101 +895
-633 +044 +916
-652 -066 +756
-669 -114 +784
-646 -046 +807
-646 -140 +792
-645 -128 +761
-646 -139 +751
-678 -012 +854
-677 +040 +877
-667 +083 +825
-626 +220 +788
-622 +175 +794
-627 +125 +761
-620 +004 +802
-662 -017 +768
-684 -015 +810
-690 +062 +754
-644 +133 +548
-678 +091 +724
-652 +056 +766
-677 +025 +725
-740 +266 +713
-746 +389 +751
-758 +500 +908
-758 +372 +918
-731 +345 +811
-666 +344 +714
-663 +262 +696
-652 +199 +639
-604 +216 +600
-612 +250 +617
-613 +252 +643
-594 +288 +626
-576 +320 +562
-559 +312 +508
-548 +158 +324
-521 +141 +284
-475 +131 +300
-354 +174 +506
-313 +160 +572
-266 +059 +662
-066 -158 +698
-095 +028 +750
-077 +046 +788
-080 -148 +164
-079 -197 +362
-114 -274 +440
-206 -368 +614
-212 -319 +603
-212 -294 +542
-168 -238 +576
-142 -168 +657
-121 -087 +726
-120 -032 +674
-126 -018 +586
-112 -086 +579
-066 -246 +390
-064 -235 +270
-070 -194 +177
-086 -168 +032
-098 -139 +996
-117 -141 +913
-188 -200 +714
-216 -194 +645
-246 -176 +554
-312 -048 +426
-326 -029 +431
-328 +028 +397
-298 +134 +342
-287 +127 +367
-265 +120 +377
-240 -026 +358
-189 +023 +476
-150 -002 +638
-058 -318 +902
-056 -159 +895
-016 +046 +882
+094 +058 +190
+094 -113 +306
+089 -166 +519
+046 -278 +568
+044 -271 +561
+041 -266 +604
+052 -272 +542
+062 -272 +458
+066 -290 +379
-004 -246 +376
+013 -130 +477
-005 -170 +554
-012 -294 +788
-014 -363 +751
+016 -322 +636
+106 -250 +198
+108 -221 +145
+104 -228 +009
+054 -302 +658
+027 -266 +645
-030 -238 +596
-188 -208 +346
-223 -149 +462
-273 -100 +545
-376 -012 +560
-418 -012 +671
-452 +008 +766
-472 +038 +766
-473 +064 +750
-481 +200 +846
-484 +218 +994
-487 +132 +966
-541 +132 +912
-610 +220 +808
-608 +217 +830
-591 +176 +853
-594 +148 +764
-585 +217 +705
-578 +314 +712
-592 +322 +874
-595 +257 +810
-604 +220 +895
-682 -010 +700
-643 +054 +893
-602 +145 +761
-574 +076 +752
-585 +152 +798
-594 +148 +760
-582 +146 +768
-592 +168 +822
-589 +121 +823
-584 +154 +016
-585 +114 +956
-576 +077 +774
-610 +124 +960
-616 +069 +894
-620 +085 +946
-626 +118 +810
-444 +231 +007
-456 +374 +011
-552 +338 +294
-539 +327 +286
-549 +408 +198
-584 +478 +000
-611 +440 +978
-602 +405 +850
-500 +462 +616
-404 +411 +426
-395 +302 +344
-434 +510 +104
-448 +362 +872
-454 +303 +702
-460 +034 +574
-422 +175 +577
-370 +304 +489
-352 +112 +524
-369 +096 +568
-330 +186 +580
-174 +266 +490
-133 +265 +368
-074 +040 +285
+086 -272 +512
+132 -238 +693
+170 -372 +993
+186 -678 +360
+174 -706 +468
+120 -824 +607
-022 -818 +904
-065 -780 +924
-094 -677 +982
-084 -628 +040
-044 -580 +030
+002 -564 +805
+082 -510 +332
+068 -543 +288
+075 -456 +178
+062 -322 +852
+033 -318 +804
-018 -279 +684
-118 -150 +306
-159 -178 +301
-195 -183 +312
-264 -098 +324
-272 -015 +309
-272 +085 +296
-306 +040 +252
-272 +014 +247
-235 -031 +279
-134 -102 +582
-077 -099 +645
-047 -187 +723
+090 -234 +878
+100 -334 +923
+175 -362 +013
+204 -764 +124
+193 -845 +145
+222 -715 +400
+136 -898 +494
+088 -929 +518
+077 -870 +676
+070 -606 +902
+079 -519 +723
+073 -586 +703
+120 -636 +748
+160 -611 +615
+172 -649 +356
+148 -612 +158
+180 -579 +109
+182 -488 +985
+224 -308 +750
+183 -333 +677
+148 -233 +665
-010 -106 +408
-077 -163 +295
-190 -206 +376
-406 -244 +612
-433 -145 +615
-471 -062 +693
-518 -012 +806
-505 -007 +798
-514 +025 +837
-548 +190 +988
-561 +232 +944
-587 +197 +921
-674 +110 +978
-665 +083 +928
-672 +050 +899
-654 +070 +714
-640 +119 +686
-658 +056 +671
-762 +410 +776
-730 +166 +795
-732 -021 +751
-702 -216 +738
-680 -008 +762
-679 +004 +790
-702 -308 +834
-693 -041 +812
-677 -017 +766
-680 +068 +752
-653 +078 +813
-626 +069 +829
-562 +330 +791
-550 +417 +708
-530 +544 +040
-529 +430 +033
-522 +384 +919
-540 +514 +694
-521 +548 +706
-503 +488 +731
-466 +288 +644
-450 +275 +608
-442 +293 +563
-440 +380 +410
-405 +309 +456
-369 +164 +487
-244 +012 +548
-203 +030 +638
-156 -020 +574
-080 -214 +468
-044 -126 +642
-030 -206 +828
+022 -446 +056
+061 -476 +137
+052 -585 +284
-026 -758 +512
-022 -694 +430
-037 -690 +415
-698 +192 +554
-719 +192 +677
-736 +225 +760
-770 +218 +706
-817 +160 +736
-847 +168 +838
-760 +644 +154
-686 +792 +975
-565 +848 +852
-282 +918 +464
-223 +785 +294
-164 +547 +121
-076 +040 +246
-098 -112 +113
-100 -262 -020
-106 -718 +190
-080 -792 +392
-077 -806 +715
-002 -566 +488
+005 -451 +663
-014 -517 +800
-114 -850 +682
-082 -840 +655
-027 -733 +492
+086 -646 +252
+157 -576 +183
+221 -577 +195
+300 -238 +208
+345 -095 +391
+361 +052 +710
+350 +246 +964
+354 +328 +818
+358 +411 +672
+278 +406 +286
+265 +386 +152
+227 +427 +051
+122 +402 +764
+062 +380 +679
-019 +385 +565
-234 +294 +342
-296 +279 +356
-340 +279 +362
-466 +134 +460
-498 +085 +458
-566 +038 +475
-682 -044 +600
-697 -102 +615
-727 -156 +642
-800 -190 +686
-808 -140 +668
-813 -101 +693
-738 +590 +118
-770 +290 +954
-808 +002 +858
-806 -292 +566
-788 -019 +669
-765 +147 +666
-778 -016 +724
-774 +009 +725
-766 +025 +704
-764 +114 +496
-773 +126 +574
-773 +163 +591
-806 +114 +700
-794 +157 +638
-793 +156 +621
-790 +144 +570
-797 +151 +570
-784 +169 +577
-786 +196 +610
-803 +147 +615
-794 +113 +707
-782 +186 +666
-785 +158 +681
-775 +161 +694
-774 +124 +650
-772 +186 +627
-782 +132 +653
-794 +270 +548
-785 +272 +567
-780 +217 +579
-766 +212 +562
-727 +111 +577
-775 +078 +702
-774 +218 +854
-763 +213 +762
-766 +198 +642
-766 +260 +620
-772 +237 +629
-765 +159 +631
-842 +300 +512
-827 +311 +573
-808 +150 +725
-773 +211 +693
-762 +216 +658
-776 +223 +640
-786 +292 +606
-730 +478 +558
-672 +555 +566
-556 +611 +509
-364 +472 +284
-331 +354 +266
-294 +165 +265
-232 -246 +336
-215 -372 +335
-154 -452 +330
+042 -414 +010
-013 -507 +183
-009 -398 +300
-088 -416 +442
-134 -557 +586
-164 -765 +568
-070 -970 +374
-024 -831 +422
+053 -683 +329
+208 -476 +162
+242 -364 +328
+273 -204 +600
+352 +230 +848
+370 +188 +777
+392 +291 +654
+468 +536 +418
+456 +497 +366
+417 +396 +283
+292 +236 +912
+212 +253 +804
+108 +322 +704
-072 +514 +566
-091 +548 +473
-139 +555 +392
-272 +560 +336
-309 +525 +378
-343 +475 +381
-468 +228 +422
-528 +122 +456
-600 +033 +543
-758 -096 +692
-796 -088 +695
-804 -036 +672
-838 -022 +592
-847 -034 +597
-867 +008 +613
-878 +030 +634
-865 +055 +632
-843 +072 +616
-874 +356 +758
-865 +141 +548
-851 +103 +623
-844 +134 +636
-844 +116 +600
-818 +140 +515
-800 +255 +620
-780 +335 +608
-794 +304 +632
-791 +309 +607
-797 +293 +561
-826 +398 +538
-794 +554 +560
-702 +720 +499
-494 +696 +230
-477 +511 +239
-437 +269 +215
-238 +166 +056
-174 +076 +156
-124 -116 +442
-052 -580 +760
-047 -625 +808
-014 -537 +970
+054 -360 +440
+002 -348 +578
-123 -576 +770
-210 -972 +204
-180 -816 +160
-077 -632 +327
+112 -458 +312
+195 -255 +544
+078 +018 +792
+158 -072 +492
+201 -013 +602
+223 +066 +820
+286 +358 +766
+305 +426 +691
+311 +392 +561
+250 +234 +198
+207 +265 +049
+116 +326 +832
-120 +468 +506
-123 +533 +472
-166 +499 +479
-290 +232 +482
-310 +223 +470
-365 +202 +503
-500 +142 +530
-547 +081 +520
-600 +043 +519
-706 -016 +524
-737 -024 +569
-768 -035 +676
-794 -018 +726
-790 +003 +678
-763 +416 +721
-846 -256 +832
-812 -003 +772
-805 -011 +769
-782 -032 +708
-778 +034 +639
-772 +110 +618
-786 +146 +476
-782 +161 +579
-794 +145 +621
-765 +274 +571
-756 +281 +592
-750 +294 +574
-753 +305 +600
-746 +311 +632
-776 +326 +652
-792 +354 +560
-787 +488 +549
-756 +680 +574
-714 +705 +556
-647 +701 +521
-434 +572 +324
-383 +394 +375
-339 +192 +502
-254 +024 +546
-268 -025 +472
-250 -113 +497
-134 -232 +626
-115 -235 +694
-119 -411 +797
-136 -496 +278
-163 -395 +360
-179 -332 +462
-144 -662 +344
-130 -823 +146
-085 -903 +034
+022 -856 +192
+040 -803 +089
+010 -769 +105
+192 -420 +698
+090 -459 +594
+092 -407 +719
+194 -100 +770
+194 -126 +638
+202 -164 +582
+178 +042 +442
+191 +175 +424
+156 +243 +320
+064 +318 +040
+051 +404 +026
+046 +448 +930
-014 +408 +734
-032 +389 +657
-111 +331 +559
-298 +172 +424
-335 +194 +368
-377 +239 +342
-512 +200 +420
-519 +193 +498
-565 +149 +563
-710 -050 +694
-760 -047 +689
-777 +001 +681
-792 +128 +710
-798 +187 +750
-777 +239 +753
-788 +266 +752
-780 +225 +764
-772 +160 +748
-748 +084 +658
-750 +098 +632
-756 +086 +629
-750 +096 +664
-724 +368 +485
-728 +224 +594
-696 +188 +600
-693 +237 +654
-714 +229 +635
-778 +120 +508
-763 +226 +571
-699 +263 +689
-694 +264 +700
-700 +262 +712
-694 +271 +750
-675 +288 +779
-592 +682 +682
-576 +629 +664
-538 +633 +568
-450 +634 +414
-400 +573 +406
-352 +442 +351
-280 +082 +174
-242 -001 +265
-201 -115 +436
-064 -322 +194
-060 -295 +242
-132 -388 +152
-200 -370 +982
-185 -420 +121
-176 -524 +465
-252 -016 +714
-308 -008 +567
-213 -897 +521
-016 -800 +202
+085 -634 +313
+158 -320 +333
+178 +410 +606
+133 +299 +801
+117 +189 +859
+178 +202 +822
+194 +266 +692
+204 +372 +412
+118 +588 +794
+069 +549 +689
+039 +570 +660
-054 +484 +600
-124 +402 +524
-204 +350 +465
-346 +338 +526
-370 +266 +570
-428 +251 +603
-504 +270 +450
-535 +201 +466
-598 +034 +508
-748 -234 +664
-778 -225 +664
-812 -170 +667
-806 -030 +770
-783 +427 +171
-775 +258 +977
-806 -248 +552
-817 -204 +560
-806 -074 +601
-802 -130 +694
-787 -040 +623
-777 +015 +675
-764 +052 +558
-754 +154 +572
-739 +150 +629
-798 +184 +518
-783 +216 +596
-774 +258 +544
-826 +082 +670
-804 +189 +627
-797 +232 +604
-752 +246 +662
-766 +239 +658
-771 +223 +651
-758 +150 +682
-789 +279 +612
-796 +246 +640
-758 +178 +636
-747 +165 +613
-738 +225 +586
-766 +468 +582
-742 +547 +626
-694 +613 +657
-596 +548 +570
-555 +392 +479
-514 +220 +300
-348 +022 +030
-298 -005 +103
-244 -111 +217
-158 -250 +372
-114 -315 +558
-075 -361 +875
-064 -640 +350
-100 -715 +444
-146 -818 +540
-270 -236 +762
-231 -019 +697
-206 -925 +517
-022 -708 +084
+028 -683 +141
+121 -509 +358
+210 -382 +676
+221 -289 +721
+238 -078 +784
+270 +370 +572
+251 +345 +481
+200 +197 +369
+104 +052 +050
+093 +112 +058
+045 +160 +999
-028 +246 +720
-060 +286 +699
-106 +338 +613
-190 +396 +438
-247 +380 +434
-369 +306 +477
-594 +074 +502
-636 -007 +437
-716 -178 +440
-850 -490 +638
-855 -479 +630
-819 -408 +682
-816 -242 +718
-822 -171 +686
-829 -003 +629
-858 +300 +384
-880 +272 +323
-872 +280 +302
-858 +278 +522
-881 +753 +440
-928 +402 +258
-950 +216 +100
-959 +169 +117
-948 +230 +418
-960 +026 +572
-920 +071 +425
-894 +203 +446
-878 +288 +392
-875 +276 +404
-877 +236 +428
-894 +242 +264
-883 +281 +496
-862 +285 +459
-858 +289 +431
-864 +306 +398
-866 +304 +436
-869 +309 +465
-900 +364 +450
-952 +343 +393
-992 +321 +282
-976 +530 +528
-899 +630 +641
-770 +794 +609
-410 +132 +222
-321 +094 +121
-219 +855 +024
-026 +198 +024
+008 +032 +130
+071 -180 +342
+112 -636 +830
+108 -736 +929
+098 -805 +048
+148 -462 +340
+106 -488 +402
+068 -502 +627
-014 -444 +994
-026 -504 +723
+011 -567 +615
+154 -502 +546
+233 -395 +473
+259 -348 +566
+386 +160 +714
+374 +132 +660
+381 +142 +656
+386 +332 +664
+374 +309 +565
+340 +285 +441
+272 +356 +228
+260 +363 +117
+218 +384 +023
+134 +542 +826
+110 +582 +676
+081 +612 +555
-002 +636 +166
-050 +592 +073
-168 +417 +158
-530 -108 +468
-635 -270 +625
-777 -409 +722
-934 -266 +630
-906 -100 +543
-855 +068 +508
-834 +202 +560
-833 +145 +553
-828 +138 +572
-888 +590 +826
-906 +206 +759
-897 -001 +579
-842 +096 +356
-812 +110 +549
-792 +143 +529
-818 +356 +494
-829 +305 +513
-835 +254 +519
-601 +314 +729
-588 +366 +706
-560 +612 +780
-589 +441 +851
-609 +284 +892
-702 +144 +020
-701 +252 +030
-699 +379 +931
-638 +598 +644
-629 +587 +560
-586 +668 +489
-520 +012 +204
-423 +160 +078
-343 +090 +042
-266 +480 +124
-193 +399 +087
-119 +266 +133
-174 -290 +664
-121 -078 +562
-049 +031 +559
+036 -406 +200
+031 -410 +193
+106 -099 +358
+184 +112 +818
+160 -070 +904
+129 +315 +972
+086 +302 +776
+051 +046 +802
+108 +039 +566
+242 +334 +526
+282 +343 +478
+367 +666 +412
+426 +550 +468
+416 +556 +592
+368 +240 +571
+224 +740 +280
+227 +657 +151
+114 +315 -052
-314 -884 +674
-368 -609 +812
-439 -252 +748
-536 +358 +628
-567 +352 +763
-583 +395 +744
-640 +322 +608
-632 +332 +632
-626 +370 +702
-600 +508 +764
-609 +474 +728
-605 +464 +711
-624 +480 +670
-629 +433 +665
-632 +409 +686
-650 +308 +746
-638 +386 +682
-632 +428 +604
-636 +432 +592
-642 +395 +584
-647 +392 +598
-632 +344 +740
-637 +347 +767
-646 +498 +710
-706 +170 +940
-697 +030 +803
-653 +362 +768
-662 +236 +704
-647 +289 +649
-648 +397 +669
-668 +212 +692
-662 +293 +717
-645 +329 +714
-650 +322 +660
-651 +324 +717
-653 +379 +711
-664 +394 +712
-660 +361 +697
-649 +348 +701
-658 +328 +692
-645 +381 +684
-645 +395 +808
-658 +468 +763
-718 +588 +800
-734 +546 +787
-713 +542 +707
-762 +392 +542
-755 +352 +620
-720 +517 +675
-652 +594 +584
-586 +814 +552
-545 +021 +501
-348 +336 +274
-316 +051 +110
-302 +691 -086
-270 +372 +098
-308 +265 +234
-328 +176 +362
-376 +148 +324
-352 +152 +367
-364 +177 +431
-312 +156 +790
-306 +154 +865
-282 +149 +922
-224 +290 +034
-180 +344 +122
-205 +208 +190
-086 +320 +362
-051 +346 +353
-036 +350 +328
+142 +946 +350
+065 +638 +429
+087 +702 +372
+130 +042 +168
+089 +856 +215
+096 +895 +179
+128 +940 +224
+112 +870 +178
+115 +909 +067
+154 +044 +102
+141 +935 +011
+140 +009 +903
+094 +898 +774
+069 +808 +729
+023 +726 +679
-078 +742 +776
-107 +691 +703
-143 +759 +635
-208 +812 +516
-268 +560 +571
-319 +474 +571
-392 +510 +572
-426 +416 +572
-458 +341 +635
-528 +252 +564
-543 +200 +582
-598 +069 +579
-642 +146 +706
-666 +074 +616
-672 +091 +572
-706 +188 +716
-675 +293 +728
-684 +285 +728
-680 +248 +762
-697 +223 +762
-677 +288 +695
-688 +264 +672
-710 +627 +867
-750 +319 +726
-680 +706 +736
-731 +195 +623
-742 -144 +616
-664 +280 +798
-673 +326 +782
-684 +307 +682
-700 +212 +586
-702 +210 +744
-708 +230 +667
-732 +092 +680
-726 +196 +642
-740 +226 +637
-702 +334 +780
-702 +304 +673
-706 +269 +728
-718 +182 +634
-704 +202 +693
-703 +238 +665
-718 +228 +808
-689 +173 +727
-704 +185 +604
-694 +310 +864
-692 +282 +806
-684 +260 +762
-718 +172 +714
-740 +227 +686
-764 +283 +720
-750 +150 +918
-704 +306 +838
-677 +428 +713
-614 +970 +638
-529 +206 +602
-483 +985 +544
-414 +224 +442
-396 +191 +312
-389 +117 +191
-354 +346 +474
-331 +385 +574
-325 +213 +628
-280 +020 +708
-266 -066 +789
-269 -163 +836
-210 -022 +782
-215 +045 +925
-203 +072 +132
-152 +128 +430
-112 +336 +505
-105 +283 +562
-126 +150 +610
-034 +815 +417
-052 +951 +521
+014 +908 +654
+088 +122 +480
+138 +192 +315
+144 +868 +080
+162 +962 +978
+102 +945 +971
+010 +954 +870
+012 +043 +827
-024 +888 +733
-134 +352 +578
-169 +392 +543
-211 +404 +478
-340 +414 +446
-348 +472 +494
-344 +568 +508
-462 +352 +638
-434 +379 +606
-464 +210 +586
-580 -084 +520
-639 -107 +559
-660 +016 +599
-712 +156 +636
-703 +173 +713
-686 +257 +795
-662 +260 +758
-667 +174 +692
-657 +256 +692
-640 +170 +724
-650 +203 +743
-657 +227 +799
-674 +306 +712
-686 +237 +638
-691 +283 +791
-690 +422 +666
-700 +309 +733
-694 +224 +748
-654 +364 +520
-671 +286 +620
-674 +249 +692
-668 +280 +636
-685 +126 +739
-685 +201 +746
-702 +210 +730
-678 +233 +738
-688 +156 +710
-672 +318 +590
-683 +246 +705
-684 +215 +717
-694 +178 +706
-683 +227 +705
-683 +196 +718
-676 +238 +726
-683 +218 +777
-684 +240 +737
-688 +176 +804
-697 +176 +774
-678 +198 +766
-702 +120 +628
-697 +179 +697
-692 +179 +726
-678 +224 +716
-690 +215 +682
-694 +209 +677
-704 +258 +710
-719 +109 +774
-685 +172 +731
-694 +104 +744
-694 +174 +709
-690 +196 +745
-698 +108 +674
-692 +196 +744
-698 +212 +704
-688 +276 +834
-689 +262 +758
-686 +228 +717
-662 +314 +788
-671 +319 +770
-678 +311 +773
-712 +254 +832
-694 +417 +819
-669 +791 +597
-564 +982 +390
-514 +860 +551
-454 +664 +522
-382 +374 +200
-387 +255 +216
-337 +248 +325
-328 +044 +548
-317 +199 +609
-283 +248 +515
-246 -110 +580
-233 -269 +835
-205 -070 +966
-160 +506 +072
-175 +492 +131
-182 +348 +159
-164 +160 +602
-161 +300 +547
-143 +382 +630
+010 +812 +620
+041 +883 +472
+054 +732 +498
+234 +280 +234
+213 +316 +133
+210 +332 +050
+158 +106 +970
+189 +100 +993
+186 +038 +877
+166 +060 +748
+132 +075 +742
+082 +997 +734
+018 +038 +616
+022 +972 +477
-043 +707 +387
-212 +284 +370
-271 +301 +362
-368 +280 +304
-536 -098 +736
-567 -140 +593
-570 -082 +490
-618 -022 +756
-622 +051 +832
-646 +129 +726
-702 +252 +614
-693 +196 +677
-704 +180 +744
-648 +382 +728
-678 +311 +751
-676 +249 +704
-680 +114 +770
-674 +205 +760
-674 +186 +738
-670 +316 +726
-668 +336 +724
-673 +474 +855
-718 -068 +816
-686 +097 +753
-687 +150 +696
-712 +038 +570
-702 +153 +726
-704 +139 +680
-698 +174 +608
-703 +263 +750
-722 +126 +717
-672 +246 +728
-698 +158 +701
-700 +157 +741
-724 +204 +592
-716 +201 +667
-711 +189 +671
-735 +243 +631
-723 +223 +678
-702 +272 +718
-714 +254 +681
-727 +224 +685
-744 +216 +712
-718 +242 +716
-714 +190 +747
-652 +230 +712
-628 +315 +751
-618 +317 +729
-594 +752 +564
-574 +934 +527
-566 +978 +482
-514 +578 +458
-433 +567 +461
-353 +469 +316
-242 +058 +080
-152 +019 +038
-043 -235 +191
+122 -450 +854
+110 -408 +973
+097 -264 +149
+056 +222 +810
+037 +061 +925
+101 +203 +799
-038 +834 +602
-013 +732 +520
+024 +633 +503
+202 +190 +390
+194 +072 +236
+159 +835 +187
+224 +090 +092
+171 +914 +059
+168 +884 +167
+114 +928 +950
+125 +867 +061
+127 +856 +010
+036 +618 +938
+023 +594 +860
-013 +592 +858
-088 +642 +782
-111 +645 +783
-123 +608 +746
-204 +490 +718
-238 +478 +682
-308 +362 +649
-416 +422 +728
-418 +501 +653
-434 +487 +657
-466 +462 +640
-458 +461 +620
-467 +299 +623
-542 -120 +700
-567 -157 +639
-613 -172 +680
-674 -008 +762
-674 +061 +771
-685 +095 +740
-700 +162 +722
-699 +160 +673
-700 +136 +673
-712 +152 +730
-713 +208 +719
-706 +274 +755
-712 +172 +668
-706 +145 +676
-709 +199 +768
-720 +008 +304
-715 +068 +534
-707 +165 +534
-720 +214 +696
-712 +158 +793
-723 +249 +736
-720 +142 +694
-713 +219 +758
-700 +218 +747
-728 +122 +746
-718 +171 +788
-738 +112 +827
-700 +044 +754
-713 +121 +663
-726 +169 +653
-716 +196 +766
-706 +168 +734
-696 +224 +732
-700 +122 +636
-695 +162 +691
-701 +188 +694
-718 +110 +756
-713 +194 +721
-714 +168 +757
-710 +220 +744
-721 +205 +755
-723 +186 +714
-716 +284 +684
-720 +192 +642
-719 +167 +682
-700 +146 +614
-709 +154 +657
-704 +182 +677
-714 +216 +750
-708 +218 +768
-723 +239 +596
-718 +104 +878
-721 +141 +794
-705 +163 +808
-680 +128 +610
-680 +244 +667
-688 +186 +720
-700 +180 +768
-696 +231 +767
-710 +122 +742
-688 +216 +684
-689 +199 +681
-712 +138 +744
-748 +264 +538
-740 +174 +650
-726 +184 +676
-730 +118 +766
-708 +162 +645
-717 +123 +713
-724 +166 +826
-723 +142 +709
-724 +215 +726
-738 +050 +720
-729 +113 +716
-713 +156 +738
-746 +122 +606
-749 +174 +654
-717 +177 +663
-710 +112 +640
-713 +154 +717
-721 +120 +766
-720 +198 +546
-710 +222 +966
-701 +199 +868
-712 +151 +748
-734 +174 +762
-734 +247 +746
-748 +245 +707
-820 +124 +806
-804 +314 +845
-801 +390 +837
-674 +986 +756
-649 +965 +693
-548 +991 +564
-340 +704 +056
-284 +493 -018
-269 +065 +000
-178 -004 +432
-204 +068 +420
-278 -052 +530
-372 -270 +050
-344 -163 +253
-335 -044 +200
-250 +254 +904
-224 +224 +921
-195 +107 +043
-048 +072 +170
-008 +217 +294
+023 +199 +468
+142 +268 +868
+207 +468 +517
+178 +668 +504
+238 +442 +310
+176 +303 +316
+171 +223 +287
+156 +956 +584
+177 +978 +352
+189 +013 +272
+270 +018 +032
+279 +004 +957
+273 +034 +899
-116 +750 +070
-113 +655 +028
-098 +508 +878
-086 +510 +912
-085 +499 +947
-094 +414 +954
-104 +383 +951
-105 +368 +980
-122 +268 +972
-133 +265 +952
-153 +223 +991
-178 +210 +026
-187 +206 +042
-188 +215 +061
-196 +246 +166
-216 +211 +132
-239 +167 +047
-280 +148 +098
-275 +177 +100
-275 +145 +091
-280 +142 +944
-283 +181 +961
-285 +195 +952
-288 +232 +920
-276 +286 +925
-270 +314 +912
-240 +370 +556
-249 +300 +770
-268 +290 +857
-300 +262 +944
-314 +265 +952
-306 +279 +003
-304 +384 +004
-715 +438 +521
-723 +463 +569
-752 +608 +608
-767 +496 +507
-768 +339 +335
-784 +088 +246
-759 +050 +344
-722 +005 +453
-622 -016 +634
-606 -033 +625
-562 +053 +630
-428 +324 +848
-390 +406 +846
-401 +369 +838
-372 +334 +692
-362 +317 +787
-329 +423 +876
-294 +518 +974
-272 +620 +082
-267 +725 +112
-318 +800 +834
-318 +765 +869
-298 +712 +972
-242 +710 +080
-230 +721 +005
-213 +715 +975
-168 +666 +874
-159 +629 +870
-145 +583 +914
-140 +520 +944
-161 +471 +937
-178 +425 +915
-218 +394 +096
-230 +353 +105
-248 +303 +035
-264 +228 +074
-269 +236 +038
-274 +233 +978
-280 +152 +824
-263 +231 +943
-255 +331 +971
-264 +304 +028
-271 +266 +002
-284 +228 +006
-312 +194 +048
-318 +197 +006
-319 +197 +976
-330 +188 +938
-323 +220 +946
-325 +246 +938
-330 +258 +900
-332 +295 +917
-330 +318 +911
-304 +426 +904
-304 +414 +930
-304 +365 +923
-318 +274 +984
-321 +271 +958
-329 +277 +957
-340 +246 +912
-338 +280 +915
-331 +265 +905
-674 +318 +517
-674 +394 +457
-722 +236 +464
-725 +188 +504
-719 +161 +549
-692 -006 +600
-668 -087 +613
-602 -091 +625
-470 +090 +580
-435 +101 +635
-384 +134 +729
-278 +108 +808
-248 +210 +862
-207 +290 +942
-108 +308 +030
-114 +354 +083
-100 +386 +184
-084 +406 +316
-048 +465 +215
-046 +503 +250
+028 +764 +322
+029 +729 +311
+033 +619 +279
+050 +468 +164
+039 +407 +142
+029 +334 +105
+000 +188 +146
-009 +163 +111
-030 +129 +115
-064 +106 +020
-071 +099 +033
-082 +075 +023
-098 +122 +060
-104 +098 +047
-117 +063 +073
-152 -020 +022
-158 -020 +029
-171 -027 +053
-208 -052 +062
-222 -037 +035
-230 -032 +026
-260 +008 +006
-263 +002 +018
-272 -009 +980
-288 +044 +960
-285 +064 +978
-281 +096 +984
-260 +274 +998
-263 +210 +997
-275 +109 +978
-282 +030 +886
-271 +071 +941
-262 +123 +006
-256 +160 +044
-256 +114 +015
-249 +174 +069
-242 +158 +074
-226 +118 +034
-235 +186 +069
-731 +300 +632
-709 +319 +596
-738 +262 +390
-743 +183 +365
-749 +112 +370
-710 -036 +462
-707 -042 +486
-677 -074 +510
-560 -040 +636
-553 +043 +703
-525 +145 +773
-458 +194 +896
-419 +208 +906
-381 +238 +948
-330 +226 +106
-294 +325 +052
-285 +384 +991
-282 +282 +184
-247 +419 +124
-221 +611 +116
-198 +786 +160
-191 +778 +141
-185 +729 +128
-162 +478 +110
-155 +421 +038
-134 +374 +980
-072 +456 +870
-084 +387 +847
-102 +316 +959
-132 +248 +134
-143 +209 +144
-157 +156 +127
-204 +048 +062
-203 +071 +116
-205 +047 +135
-240 -010 +112
-238 +008 +107
-239 +024 +095
-242 +020 +994
-243 +022 +006
-247 +021 +013
-248 +040 +026
-248 +061 +015
-264 +073 +989
-290 +024 +002
-290 +036 +031
-288 +063 +990
-280 +084 +912
-274 +118 +948
-278 +166 +901
-302 +118 +996
-307 +121 +995
-310 +108 +965
-308 +138 +988
-306 +151 +994
-312 +131 +971
-310 +156 +080
-689 +220 +562
-702 +201 +509
-714 +212 +530
-712 +204 +552
-706 +163 +550
-686 +132 +592
-664 +101 +594
-644 -005 +562
-598 -096 +672
-553 -014 +748
-525 +022 +778
-444 +016 +830
-440 -008 +859
-396 +025 +867
-340 +288 +990
-323 +223 +013
-280 +245 +988
-206 +330 +060
-215 +319 +091
-219 +361 +086
-236 +396 +268
-214 +502 +275
-201 +529 +255
-172 +510 +230
-160 +514 +231
-145 +467 +153
-118 +316 +976
-119 +296 +988
-116 +249 +011
-114 +248 +954
-114 +249 +023
-122 +241 +059
-144 +154 +046
-154 +151 +056
-167 +149 +056
-190 +106 +954
-185 +088 +015
-179 +080 +077
-196 +028 +016
-197 +020 +023
-190 +026 +072
-186 +056 +122
-204 +002 +052
-212 -005 +061
-226 +014 +054
-233 -019 +025
-242 -035 +028
-260 -008 +002
-266 -029 +007
-274 -030 +006
-272 +052 +000
-269 +085 +002
-270 +131 +987
-278 +218 +016
-271 +211 +043
-281 +138 +003
-318 +028 +016
-306 +085 +035
-296 +087 +003
-268 +216 +042
-273 +139 +033
-269 +186 +970
-784 +234 +482
-787 +207 +482
-738 +256 +522
-729 +250 +559
-713 +244 +506
-678 +144 +404
-680 +108 +445
-665 +066 +464
-628 +024 +422
-595 +045 +531
-559 +021 +659
-492 -008 +752
-441 +047 +804
-414 +078 +925
-338 +212 +156
-314 +312 +048
-300 +335 +031
-272 +378 +122
-268 +369 +182
-250 +443 +227
-224 +648 +210
-205 +615 +172
-188 +595 +201
-166 +466 +070
-161 +424 +056
-146 +418 +043
-122 +360 +038
-135 +298 +001
-138 +250 +008
-154 +152 +080
-166 +111 +084
-179 +086 +045
-194 +126 +980
-203 +100 +031
-215 +064 +078
-220 +028 +098
-235 +002 +062
-243 -009 +030
-256 +088 +042
-259 +022 +072
-268 -033 +063
-280 -012 +000
-290 -013 +991
-305 -059 +016
-308 -086 +110
-304 -067 +039
-297 -015 +986
-270 +196 +830
-267 +250 +803
-265 +220 +952
-270 +106 +076
-288 +079 +031
-297 +096 +046
-326 +120 +038
-324 +109 +012
-309 +146 +991
-288 +060 +964
-287 +108 +000
-750 +289 +426
-771 +270 +438
-776 +256 +570
-763 +275 +542
-753 +252 +559
-706 +304 +504
-702 +245 +488
-687 +135 +510
-662 -120 +622
-642 -141 +634
-609 -120 +685
-528 +030 +642
-498 +026 +666
-460 +080 +719
-348 +212 +938
-314 +304 +984
-316 +335 +999
-284 +480 +066
-285 +448 +096
-274 +486 +152
-284 +386 +994
-294 +381 +027
-275 +480 +107
-240 +516 +182
-219 +541 +192
-193 +567 +168
-146 +580 +904
-139 +545 +920
-136 +499 +914
-116 +414 +980
-118 +379 +967
-125 +303 +011
-144 +250 +990
-143 +259 +048
-144 +236 +064
-154 +150 +138
-154 +141 +103
-164 +135 +053
-194 +066 +990
-194 +066 +063
-201 +067 +084
-248 -038 +024
-247 -019 +011
-248 +028 +000
-246 +074 +020
-248 +057 +032
-257 +051 +010
-278 +002 +028
-268 +023 +023
-268 +069 +019
-266 +118 +008
-262 +137 +984
-254 +161 +973
-232 +296 +966
-230 +191 +949
-222 +186 +017
-218 +246 +108
-226 +181 +095
-236 +184 +087
-232 +258 +038
-240 +201 +006
-237 +187 +962
-741 +344 +578
-755 +305 +482
-730 +266 +570
-722 +250 +585
-715 +184 +520
-718 +008 +502
-690 +027 +548
-634 +129 +600
-520 +254 +848
-517 +229 +840
-511 +196 +798
-462 +236 +786
-454 +229 +820
-430 +230 +913
-362 +346 +948
-363 +322 +972
-353 +345 +980
-278 +432 +138
-264 +452 +191
-246 +522 +113
-198 +618 +002
-194 +602 +051
-180 +604 +069
-148 +638 +010
-148 +577 +031
-149 +546 +019
-144 +458 +944
-155 +407 +973
-158 +360 +973
-176 +312 +972
-188 +281 +957
-196 +260 +986
-214 +080 +998
-201 +139 +035
-179 +195 +064
-166 +128 +088
-169 +146 +108
-180 +119 +092
-216 +066 +036
-224 +041 +056
-230 +050 +077
-250 +026 +046
-256 +019 +020
-267 -007 +006
-280 -018 +050
-284 +016 +045
-288 +003 +016
-288 +046 +962
-285 +088 +975
-279 +109 +995
-264 +172 +004
-270 +172 +009
-266 +209 +057
-280 +124 +928
-274 +163 +966
-267 +139 +991
-252 +124 +028
-258 +106 +008
-264 +107 +002
-276 +100 +998
-271 +134 +991
-269 +166 +030
-743 +361 +559
-756 +357 +549
-768 +388 +476
-772 +373 +446
-775 +342 +486
-782 +206 +612
-778 +165 +583
-767 +118 +579
-706 +080 +576
-676 +120 +572
-669 +139 +558
-620 +176 +684
-622 +160 +656
-608 +130 +615
-512 +044 +630
-482 +077 +649
-437 +069 +661
-318 +116 +034
-311 +333 +987
-308 +536 +947
-338 +576 +102
-343 +538 +094
-342 +469 +065
-314 +394 +160
-316 +414 +102
-281 +452 +093
-206 +584 +042
-186 +639 +998
-175 +631 +954
-130 +636 +048
-125 +627 +007
-118 +573 +971
-108 +440 +962
-110 +402 +015
-130 +315 +050
-168 +230 +134
-174 +246 +112
-182 +226 +098
-192 +146 +070
-191 +163 +072
-190 +160 +033
-198 +128 +002
-194 +146 +040
-190 +156 +034
-202 +066 +976
-221 +052 +982
-231 +080 +992
-248 +114 +022
-252 +094 +002
-263 +086 +018
-294 +038 +970
-296 +046 +968
-301 +068 +960
-288 +078 +014
-283 +103 +034
-279 +152 +009
-278 +128 +884
-277 +129 +914
-262 +193 +970
-246 +166 +996
-246 +207 +992
-251 +196 +017
-258 +202 +922
-739 +301 +592
-753 +401 +470
-768 +500 +536
-772 +457 +624
-784 +357 +612
-782 +116 +444
-757 +104 +451
-719 +118 +491
-660 +150 +524
-652 +123 +522
-636 +119 +483
-598 +112 +520
-567 +186 +545
-535 +230 +588
-494 +182 +792
-478 +214 +786
-462 +213 +834
-410 +282 +884
-417 +256 +900
-384 +329 +985
-346 +436 +218
-363 +310 +118
-351 +306 +050
-298 +510 +054
-297 +535 +084
-290 +550 +089
-254 +532 +082
-253 +615 +107
-234 +625 +099
-198 +502 +254
-188 +451 +154
-183 +391 +068
-178 +306 +932
-177 +314 +936
-180 +293 +961
-198 +222 +012
-199 +238 +031
-204 +223 +041
-234 +118 +986
-231 +171 +040
-225 +201 +046
-230 +154 +046
-226 +144 +038
-231 +135 +040
-254 +110 +990
-265 +096 +978
-269 +125 +953
-276 +116 +032
-274 +078 +080
-272 +070 +054
-258 +112 +962
-260 +123 +973
-256 +157 +956
-266 +178 +958
-268 +159 +979
-271 +137 +975
-258 +274 +056
-272 +194 +999
-294 +122 +998
-294 +136 +062
-294 +120 +008
-292 +138 +995
-288 +132 +964
-576 +362 +799
-586 +333 +782
-600 +240 +758
-595 +248 +742
-600 +203 +726
-588 -034 +658
-578 -132 +639
-563 -193 +568
-502 -078 +456
-452 -027 +542
-426 +083 +639
-370 +136 +756
-381 +133 +793
-352 +108 +899
-330 +158 +126
-290 +177 +158
-269 +238 +126
-200 +152 +112
-194 +139 +191
-177 +075 +245
-122 +142 +336
-119 +111 +302
-120 +089 +260
-134 +082 +140
-140 +071 +129
-125 +099 +101
-098 +166 +164
-096 +161 +162
-086 +152 +165
-074 +134 +144
-069 +112 +130
-067 +104 +103
-078 +078 +052
-076 +098 +072
-072 +112 +084
-090 +028 +028
-097 -004 +054
-104 -007 +047
-106 +030 +032
-106 +055 +043
-109 +038 +060
-094 -014 +096
-104 +001 +073
-107 -002 +074
-126 +020 +100
-136 +002 +093
-142 -007 +056
-194 -026 +984
-215 -045 +999
-221 -057 +006
-200 +004 +058
-198 +027 +031
-199 +017 +020
-220 -002 +942
-226 -037 +946
-239 -051 +001
-182 +178 +224
-198 +123 +117
-214 +091 +055
-248 +002 +976
-256 +039 +979
-247 +081 +981
-244 +112 +998
-254 +057 +992
-251 +066 +997
-268 +110 +002
-272 +124 +001
-274 +125 +020
-260 +100 +982
-666 +439 +654
-676 +410 +632
-698 +362 +518
-683 +392 +511
-678 +380 +507
-674 +288 +548
-667 +220 +574
-644 +152 +573
-590 +096 +554
-578 +145 +593
-567 +198 +650
-480 +230 +730
-430 +244 +775
-371 +248 +783
-276 +254 +750
-288 +269 +808
-266 +330 +972
-236 +584 +050
-206 +529 +055
-174 +523 +051
-090 +482 +108
-093 +558 +139
-070 +599 +122
-032 +670 +186
-033 +678 +172
-015 +695 +102
-036 +536 +072
-029 +483 +068
-025 +434 +076
-026 +324 +044
-052 +248 +019
-067 +229 +031
-080 +372 +998
-072 +312 +019
-088 +274 +009
-138 +106 +038
-138 +073 +057
-155 +054 +049
-178 +046 +052
-179 +050 +083
-173 +086 +082
-172 +088 +058
-180 +064 +062
-190 +046 +051
-226 +020 +028
-235 +038 +017
-239 +040 +997
-254 +042 +992
-257 +064 +994
-256 +077 +988
-248 +114 +044
-241 +143 +055
-234 +168 +015
-234 +206 +946
-228 +384 +003
-258 +160 +042
-270 +080 +000
-270 +069 +973
-291 +050 +982
-336 +028 +982
-343 +047 +974
-355 +018 +982
-689 +367 +648
-720 +315 +688
-720 +272 +460
-742 +222 +483
-715 +246 +448
-646 +288 +400
-652 +230 +436
-642 +102 +501
-594 -172 +616
-574 -113 +686
-534 -008 +755
-468 -044 +878
-443 -047 +862
-374 +010 +857
-226 +280 +908
-228 +423 +991
-204 +427 +102
-166 +372 +058
-177 +328 +105
-182 +320 +121
-158 +322 +166
-143 +332 +167
-123 +316 +180
-098 +388 +132
-089 +336 +152
-065 +378 +139
-030 +426 +204
-010 +408 +211
+005 +383 +177
+034 +260 +070
+012 +258 +055
+011 +242 +050
-050 +114 +074
-065 +059 +073
-075 +045 +051
-090 -006 +022
-081 +024 +029
-083 +024 +021
-070 +014 +070
-071 +019 +095
-077 -011 +073
-104 -032 +008
-093 -027 +992
-091 -006 +957
-070 +056 +098
-066 +028 +139
-074 -021 +151
-112 -098 +100
-127 -090 +092
-145 -123 +084
-182 -150 +032
-179 -141 +003
-187 -142 +958
-202 -158 +938
-194 -131 +014
-173 -084 +077
-144 -006 +122
-138 +020 +106
-144 +041 +083
-096 +502 +066
-120 +280 +014
-150 +121 +993
-216 -044 +034
-218 -050 +052
-204 -038 +033
-184 -010 +030
-175 +037 +971
-186 +001 +975
-202 -046 +074
-199 -030 +054
-700 +293 +725
-699 +202 +694
-766 +180 +512
-729 +202 +520
-701 +229 +539
-656 +384 +570
-644 +315 +551
-623 +242 +560
-558 +082 +636
-522 +062 +664
-538 +070 +645
-514 +038 +846
-511 +073 +860
-464 +142 +879
-330 +138 +086
-326 +091 +038
-304 +153 +015
-224 +362 +096
-229 +295 +125
-198 +289 +163
-152 +376 +166
-145 +343 +202
-149 +257 +258
-142 +210 +168
-128 +257 +082
-109 +232 +070
-046 +276 +060
-011 +343 +035
+013 +301 +059
+038 +280 +126
+036 +301 +107
+034 +278 +144
+028 +176 +190
+022 +121 +142
+014 +037 +078
-030 -222 +946
-043 -233 +035
-059 -214 +109
-094 -288 +066
-090 -233 +037
-082 -157 +047
-072 -158 +058
-079 -148 +066
-093 -185 +050
-132 -172 +988
-140 -191 +992
-150 -206 +037
-158 -184 +038
-162 -199 +016
-164 -185 +042
-168 -172 +076
-161 -175 +059
-160 -119 +036
-156 -032 +988
-157 -023 +004
-158 +015 +985
-164 +012 +938
-168 -012 +940
-190 +012 +016
-204 -078 +018
-196 -056 +006
-199 -084 +037
-174 -072 +014
-178 -042 +030
-177 -011 +043
-657 +344 +673
-674 +255 +622
-684 +212 +614
-668 +253 +578
-666 +254 +561
-668 +046 +588
-651 -012 +594
-610 +012 +578
-512 +044 +644
-503 +027 +696
-452 +035 +743
-314 +196 +864
-296 +239 +935
-278 +274 +013
-230 +408 +054
-251 +313 +121
-249 +293 +145
-170 +454 +178
-157 +490 +217
-137 +532 +206
-094 +678 +074
-076 +592 +150
-059 +540 +185
-026 +430 +120
-028 +391 +070
-036 +382 +982
-044 +264 +872
-054 +195 +975
-073 +162 +049
-072 +128 +154
-069 +156 +196
-086 +089 +210
-140 -114 +092
-145 -130 +064
-143 -131 +013
-122 -020 +032
-124 -010 +057
-129 -059 +070
-146 -144 +090
-153 -103 +065
-165 -087 +075
-192 -072 +072
-203 -078 +037
-221 -083 +977
-258 -158 +972
-253 -133 +005
-246 -104 +051
-212 -030 +062
-198 +029 +008
-194 +070 +996
-188 +094 +072
-167 +198 +083
-162 +159 +058
-222 -004 +764
-205 +063 +877
-202 +036 +977
-196 +100 +184
-197 +046 +079
-189 +013 +022
-678 +368 +608
-667 +310 +447
-662 +140 +532
-657 +106 +483
-675 +036 +481
-698 -198 +568
-667 -185 +645
-584 -077 +638
-464 -026 +646
-442 -105 +749
-384 -078 +941
-250 +160 +216
-231 +218 +230
-187 +338 +195
-164 +494 +074
-138 +444 +080
-098 +449 +128
-024 +490 +214
-025 +498 +266
-005 +517 +290
+004 +486 +294
+004 +425 +238
-002 +347 +165
-002 +276 +984
-010 +251 +963
-030 +164 +985
-102 +010 +084
-109 -005 +091
-124 -004 +056
-136 +014 +994
-135 +015 +001
-141 -037 +033
-166 -194 +092
-167 -172 +104
-167 -144 +094
-166 -126 +094
-164 -085 +085
-165 -092 +042
-162 -084 +006
-167 -097 +038
-175 -130 +051
-210 -154 +092
-213 -160 +058
-218 -158 +027
-232 -128 +050
-229 -121 +069
-216 -073 +065
-190 +030 +026
-193 +038 +043
-187 +026 +048
-168 +048 +046
-164 +089 +041
-100 +089 +985
-190 -068 +152
-183 -011 +115
-210 -074 +083
-214 +012 +986
-221 +020 +016
-223 +073 +989
-238 +044 +002
-717 +442 +475
-736 +316 +464
-718 +372 +412
-723 +331 +423
-723 +268 +465
-712 +124 +552
-712 +075 +577
-688 +036 +608
-600 +078 +604
-578 +069 +639
-542 +060 +699
-410 +148 +826
-342 +313 +818
-297 +423 +859
-240 +212 +134
-213 +321 +123
-194 +423 +113
-154 +414 +020
-145 +427 +959
-116 +427 +988
-030 +610 +078
-028 +639 +078
-002 +670 +171
+012 +560 +358
+034 +541 +320
+058 +468 +260
+088 +246 +130
+083 +245 +082
+059 +226 +999
-058 -042 +982
-088 -083 +994
-097 -061 +043
-128 -050 +222
-134 -111 +223
-666 -150 -158
-612 -033 +134
-512 +000 +185
-248 +116 +554
-259 +084 +779
-263 -010 +046
-348 -162 +624
-360 -209 +717
-405 -288 +778
-398 -298 +630
-347 -191 +404
-334 -207 +228
-358 -208 +118
-335 -084 +101
-354 +026 +039
-346 +204 +960
-400 +253 +903
-444 +291 +909
-542 +434 +750
-518 +380 +623
-603 +204 +407
-808 -208 -010
-815 -231 -018
-785 -247 +111
-664 -234 +434
-637 -164 +541
-607 -116 +618
-570 +054 +872
-588 +117 +883
-597 +190 +953
-626 +224 +982
-610 +186 +985
-589 +217 +985
-556 +310 +960
-560 +337 +962
-555 +340 +952
-550 +450 +904
-574 +457 +846
-576 +400 +783
-568 +282 +736
-568 +331 +725
-553 +400 +782
-508 +582 +892
-486 +656 +887
-442 +768 +855
-446 +910 +754
-451 +784 +724
-485 +523 +673
-626 +010 +668
-686 +014 +575
-761 +021 +436
-862 -136 +286
-843 -246 +356
-786 -281 +574
-636 -234 +880
-614 -247 +880
-538 -244 +010
-462 -120 +364
-403 +003 +419
-345 +069 +408
-298 +194 +130
-297 +246 +017
-332 +271 +881
-424 +292 +526
-422 +284 +436
-416 +265 +367
-418 +238 +454
-383 +199 +600
-337 +169 +690
-280 +098 +904
-268 +113 +025
-245 +182 +988
-150 +338 +042
-165 +265 +076
-158 +212 +164
-128 +164 +332
-103 +190 +377
-095 +219 +427
-098 +296 +520
-093 +272 +442
-070 +204 +243
-112 +062 +012
-143 +074 +091
-172 +130 +133
-240 +270 +214
-241 +299 +201
-254 +295 +121
-318 +230 +042
-325 +241 +964
-355 +309 +831
-506 +254 +632
-538 +231 +628
-578 +253 +633
-648 +348 +418
-676 +301 +324
-732 +161 +242
-786 -124 +270
-782 -098 +349
-755 +068 +538
-690 +558 +670
-686 +638 +690
-681 +583 +687
-664 +294 +530
-668 +143 +487
-647 -026 +377
-452 -112 -066
-352 -064 -021
-217 -060 +243
-106 -186 +590
-155 -153 +773
-142 -116 +631
-090 -034 +520
-090 +025 +434
-065 +083 +249
-034 +110 +118
-022 +108 +138
-005 +105 +192
+006 +100 +478
+030 +132 +496
+034 +166 +441
+018 +144 +224
-004 +126 +173
-050 +120 +091
-156 +122 +968
-176 +103 +895
-200 +088 +821
-244 +158 +682
-253 +194 +699
-259 +248 +703
-246 +356 +712
-242 +367 +770
-223 +380 +827
-182 +444 +896
-171 +467 +909
-152 +504 +921
-102 +552 +958
-082 +537 +995
-053 +490 +039
+022 +404 +160
+049 +460 +171
+092 +539 +222
+092 +502 +242
+095 +421 +233
+063 +329 +214
-004 +212 +094
-038 +223 +058
-098 +221 +030
-182 +132 +888
-191 +023 +870
-260 -079 +898
-412 -224 +910
-217 -201 +926
-349 -339 +945
-514 -652 +940
-510 -629 +912
-517 -638 +958
-576 -680 +090
-544 -623 +014
-516 -470 +928
-504 -110 +884
-498 +007 +862
-496 +092 +832
-504 +350 +786
-492 +341 +734
-493 +401 +755
-492 +518 +774
-494 +559 +777
-509 +596 +721
-520 +472 +596
-510 +436 +607
-457 +963 +953
-442 +384 +588
-488 +392 +689
-525 +450 +731
-560 +438 +636
-542 +471 +674
-530 +453 +682
-520 +418 +658
-526 +446 +694
-689 +669 +758
-624 +197 +293
-408 +396 +104
-407 +947 +463
-410 +276 +645
-584 -604 +728
-575 -822 +258
+301 -683 +154
+744 +882 +836
+106 +961 +420
+699 +001 +365
+762 +920 -658
+404 -560 -750
+005 -300 -151
+846 -776 +040
+729 +632 +783
+505 +336 +460
+658 +040 +362
+709 +838 +930
+280 -601 -448
+350 -040 -672
+387 -379 +684
+245 +276 +362
+184 +040 +538
+497 +040 -010
+576 +767 -025
+564 -040 -722
+262 -040 +659
+329 -830 +350
-348 +040 +040
+181 +040 +368
+277 +684 -333
-242 -040 -040
-152 -040 -031
+045 -797 +005
+342 +040 +890
+264 +040 +148
+014 +957 +150
-780 -040 +946
-625 -019 +713
-516 +232 +999
-522 +514 +484
-574 +098 +727
-563 +007 +758
-480 +484 +858
-490 +494 +640
-528 +228 +728
-518 +198 +056
-511 +287 +941
-516 +374 +839
-526 +470 +828
-543 +403 +669
-539 +292 +780
-488 +482 +916
-510 +348 +827
-519 +362 +843
-526 +294 +666
-532 +321 +753
-517 +329 +760
-615 +137 +935
-521 +426 +780
-528 +132 +420
-329 +346 +607
-245 +262 +476
+230 +206 -192
+301 +865 +331
+312 +453 +403
+344 +040 +614
+487 +028 +281
+633 +901 -053
+820 +810 -496
+727 +136 -627
+389 -900 -292
+196 -504 -318
+328 -765 +184
+333 +517 +986
+206 +608 +708
+356 +824 +871
+460 +932 +730
+696 +040 +028
+805 +803 +083
+667 +913 -087
+092 -326 -248
+079 -396 -350
+050 -435 -323
+016 -020 -116
+053 -102 +361
+141 -788 +917
+304 +896 +906
+331 +468 +973
+255 +413 +914
+034 +472 +302
+021 +345 +381
+048 +337 +301
+086 +518 +000
+051 +389 +938
+020 +229 +913
-042 +094 +840
-074 +307 +990
-091 +086 +863
-142 +036 +130
-088 +235 +052
-129 +263 +038
-098 +218 +964
-114 +267 +004
-103 +201 +982
-136 +292 +990
-144 +280 +066
-148 +163 +997
-168 +206 +012
-390 +382 +942
-393 +632 +965
-368 +086 +280
-392 +902 +119
-489 +617 +061
-394 +730 +940
-472 +413 +796
-684 -404 +809
-850 -138 +452
-678 -973 +448
-514 -195 +334
+128 -910 +650
+550 -380 +241
+883 +285 -215
+784 +040 +036
+672 +040 +356
+595 +040 +398
+576 +772 +182
+349 +034 +611
+014 +228 +820
-614 -692 +040
-612 -812 +020
-421 -735 +591
+136 -786 +658
+296 -444 +498
+467 +128 +385
+600 +436 -044
+565 +642 -071
+534 +793 -004
+426 +504 +012
+436 +515 +250
+304 +815 +488
-160 -578 +998
-165 -374 +010
-073 -099 +822
-058 -030 +304
-044 +202 +018
-053 +229 +919
-120 -044 +028
-096 +180 +963
-107 +185 +920
-102 +296 +936
-102 +266 +982
-102 +289 +984
-092 +378 +996
-049 +566 +012
-122 +190 +047
-080 +264 +986
-099 +195 +017
-098 +202 +005
-122 +202 +002
-128 +244 +993
-139 +224 +191
-122 +252 +834
-117 +313 +072
-116 +217 +984
-124 +278 +054
-118 +231 +026
-126 +198 +010
-118 +264 +112
-637 +269 +859
-725 +333 +990
-846 +266 +142
-678 +557 +290
-479 +039 +956
+010 +834 +364
+055 +622 +294
+193 +420 -202
+606 +020 -234
+698 +794 -089
+637 +357 -509
+136 -346 +440
+026 -332 +445
-201 -624 +992
-600 -564 +040
-545 -085 +040
-488 +418 +040
-118 +960 +612
+073 +156 +909
+306 +418 +362
+648 +040 +032
+646 +982 +004
+592 +757 -161
+488 +986 -240
+464 +890 -192
+427 +760 +030
+268 +086 +690
+133 -209 +799
+018 -325 +882
-166 -230 +374
-192 -246 +462
-155 -263 +646
-028 +376 +988
+082 +614 +789
+209 +827 +516
+526 +148 +386
+614 +275 +223
+626 +367 +004
+292 +752 +818
+205 +614 +744
+136 +608 +772
+044 +404 +928
+032 +325 +923
+019 +220 +901
-082 -118 +874
-058 +074 +875
-046 +146 +955
-008 +436 +916
-039 +448 +184
-063 +257 +069
-038 +154 +996
-040 +150 +002
-028 +171 +927
-014 +224 +182
-038 +166 +130
-054 +146 +107
-074 +164 +048
-077 +127 +992
-040 +244 +036
-076 +138 +042
-383 +027 +060
-306 +228 +947
+000 +270 +772
-036 +317 +685
-036 +613 +430
-206 +284 +306
-179 +625 +458
-070 +799 +410
+480 +820 +120
+524 +641 +766
+733 +406 +272
+122 +040 -102
+012 +747 -316
+003 +214 -428
+960 +780 -460
+890 +734 -954
+786 +216 -563
+400 -652 -722
+416 -493 -673
+417 -638 -531
+236 -086 +112
+224 -035 +241
+250 +266 +168
+330 +736 -008
+446 +204 -255
+687 +622 -671
+940 +040 -252
+974 +040 -092
+016 +774 -951
+128 +820 -424
+143 +676 -349
+127 +222 -416
+928 -764 -056
+843 -720 -142
+727 -571 -993
+346 -730 -346
+282 -586 +096
+216 -246 +349
+104 +082 +390
+061 -004 +635
+105 -004 +155
+440 +040 +342
+421 +979 +156
+469 +811 +910
+310 +226 +514
+318 +330 +663
+347 +235 +759
+386 +112 +608
+319 +934 +548
+243 +983 +620
+138 +044 +726
+120 +817 +772
+073 +640 +830
-014 +302 +824
-015 +577 +792
-033 +643 +773
-076 +536 +856
-090 +553 +844
-104 +518 +861
-134 +434 +952
-111 +490 +945
-092 +476 +883
-056 +470 +938
-076 +449 +917
-082 +449 +939
-066 +404 +958
-074 +404 +980
-058 +460 +999
-094 +494 +004
-080 +440 +946
-381 +550 +955
-343 +660 +930
-398 +966 +818
-349 +932 +731
-429 +740 +564
-274 +706 +342
-258 +600 +317
-121 +524 -057
+028 +650 -960
+080 +691 -753
+232 +826 -317
+176 +328 -566
+098 +233 -136
+114 +300 +367
+442 +282 -228
+678 +661 -891
+874 +660 -425
+256 +968 -040
+338 +600 -775
+138 -342 -033
+436 -324 -168
+448 -106 +256
+347 -161 +148
+094 +378 +806
+073 +271 +556
+271 +656 +119
+652 +040 -524
+748 +040 -760
+897 +940 -759
+016 +222 -420
+936 +524 -258
+766 -274 -203
+568 -042 +412
+461 -688 +856
+371 -051 +160
+294 +122 +742
+307 +264 +050
+430 +152 +641
+428 +040 +836
+397 +885 +810
+334 +425 +786
+180 +810 +026
+188 +798 +934
+164 +819 +817
+110 +746 +828
+091 +633 +824
+055 +578 +720
+040 +450 +622
+014 +616 +699
+009 +709 +771
-008 +794 +674
-030 +659 +723
-023 +886 +501
-018 +552 +942
-054 +419 +033
-095 +520 +860
-070 +778 +878
-063 +758 +830
-050 +792 +812
-072 +750 +836
-075 +572 +888
-056 +700 +855
-046 +666 +842
-055 +612 +793
-071 +567 +810
-098 +698 +818
-089 +621 +778
-085 +659 +840
-082 +680 +770
-067 +620 +793
-065 +661 +808
-330 +623 +108
-368 +718 +403
-486 +976 +700
-488 +960 +774
-538 +821 +681
-570 +768 +864
-667 +769 +655
-713 +789 +465
-826 +246 +716
-713 +187 +807
-497 +313 +540
-132 +304 +120
-083 +239 +394
+099 +645 +166
+392 +836 -684
+425 +715 -570
+565 +840 -389
+772 +784 +086
+726 +346 +583
+469 +055 +243
-222 +884 +040
-203 +987 +040
-205 +726 +040
-136 +238 +612
-098 -026 +362
-126 +056 +350
-014 +230 +668
+003 +073 +429
-076 -361 -050
-194 -492 -350
-098 -091 -916
-013 +097 -766
+306 -230 -398
+479 -008 -125
+653 +281 +047
+028 +838 +784
+927 +716 +813
+977 +878 +035
+992 +850 +188
+982 +945 +233
+965 +993 +166
+026 +844 -064
+985 +582 -400
+942 +330 -263
+844 +418 -382
+761 +224 -438
+506 +005 -242
+014 +100 +212
-139 +140 +412
-241 +248 +558
-524 +610 +548
-505 +556 +285
-494 +488 +088
-452 +404 +992
-459 +286 +941
-442 +467 +853
-382 +584 +828
-397 +517 +846
-410 +415 +819
-436 +330 +946
-439 +282 +870
-449 +318 +780
-484 +406 +826
-481 +356 +913
-476 +446 +739
-458 +358 +888
-435 +462 +936
-446 +322 +916
-418 +366 +816
-435 +409 +844
-436 +411 +855
-695 +426 +376
-694 +816 +157
-534 +532 +642
-518 +404 +642
-438 +156 +261
-330 +730 -358
-322 +571 -246
-292 +270 -232
-140 -506 -560
-071 -662 -619
+132 -892 -719
+924 -496 -926
+358 -794 -600
+699 +623 +079
+414 +040 +160
+061 +040 +175
+707 +040 +187
+216 +040 +260
+203 +833 +167
+215 +198 +111
+080 +302 +012
+046 +044 +681
-046 -221 +459
-244 -456 +462
-255 -539 +360
-180 -631 +333
+160 -846 +318
+443 -540 +473
+700 +272 +298
+124 +040 -156
+909 +040 +171
+741 +996 +166
+304 +276 +344
+259 +301 +345
+240 +169 +356
+152 +836 +336
+148 +820 +516
+085 +698 +450
+014 +814 +382
+005 +804 +572
-014 +775 +720
-090 +696 +676
-135 +638 +614
-137 +817 +593
-162 +612 +860
-193 +335 +954
-185 +494 +890
-160 +524 +452
-194 +598 +644
-200 +736 +781
-248 +590 +588
-227 +609 +776
-219 +596 +771
-224 +578 +704
-229 +610 +749
-232 +608 +808
-252 +726 +968
-241 +697 +867
-244 +610 +824
-236 +636 +666
-240 +634 +686
-285 +583 +833
-244 +834 +480
-259 +781 +647
-259 +698 +739
-278 +600 +762
-270 +645 +759
-271 +603 +736
-264 +650 +720
-257 +644 +708
-261 +629 +728
-248 +610 +778
-251 +616 +794
-263 +599 +772
-250 +578 +774
-268 +559 +787
-345 +538 +809
-325 +668 +809
-276 +638 +866
-289 +588 +800
-284 +546 +743
-268 +464 +758
-269 +420 +761
-278 +473 +786
-358 +666 +912
-419 +652 +961
-503 +651 +956
-690 +588 +768
-726 +551 +744
-696 +568 +911
-714 +438 +874
-622 +542 +551
-553 +542 +663
-330 +550 +706
-297 +422 +631
-139 +537 +752
+130 +456 +972
+187 +435 +984
+275 +503 +041
+336 +442 +222
+251 +295 +107
+178 +369 +012
-042 +380 +890
-040 +501 +892
-040 +529 +884
-046 +376 +038
-016 +392 +047
+019 +462 +066
+034 +430 +162
+013 +449 +036
+054 +513 +845
-352 +014 +812
-404 +146 +639
-482 +441 +644
-674 +236 +922
-605 +269 +026
-542 +407 +067
-364 +338 +054
-359 +354 +944
-305 +381 +848
-248 +572 +906
-256 +534 +022
-270 +291 +926
-232 +234 +838
-243 +361 +886
-249 +314 +875
-284 +182 +830
-276 +350 +872
-279 +330 +938
-272 +404 +998
-605 +468 +616
-616 +488 +546
-606 +502 +642
-609 +565 +709
-622 +770 +693
-602 +142 +572
-669 +029 +639
-692 +017 +668
-824 +826 +608
-813 +864 +643
-751 +847 +683
-642 +446 +702
-636 +368 +657
-563 +405 +521
-512 +318 +244
-511 +232 +238
-480 +081 +250
-440 -410 +282
-412 -679 +346
-285 -972 +302
+412 -258 +536
+710 -341 +958
+872 +756 +109
+700 +040 +238
+549 +040 +235
+473 +040 +049
+402 +850 -240
+460 +692 -464
+560 +454 -338
+640 +728 +262
+651 +618 +507
+612 +514 +874
+268 +480 +834
+205 +531 +795
+085 +648 +840
-034 +998 +996
-013 +954 +922
+045 +010 +675
+098 +044 +296
+166 +947 +173
+227 +928 +920
+274 +870 +070
+218 +698 +048
+153 +501 +000
-086 +300 -372
-136 +372 -298
-217 +409 -200
-370 +686 +166
-403 +725 +249
-442 +749 +278
-526 +822 +226
-516 +801 +326
-502 +818 +339
-476 +300 +444
-487 +966 +388
-504 +734 +447
-494 +782 +486
-493 +789 +426
-494 +781 +423
-486 +756 +454
-487 +835 +424
-501 +798 +381
-504 +686 +486
-501 +746 +486
-489 +774 +481
-504 +792 +378
-495 +776 +444
-486 +724 +409
-484 +652 +286
-467 +745 +361
-474 +783 +413
-470 +742 +330
-468 +762 +324
-461 +860 +399
-492 +706 +324
-454 +773 -301
-499 +793 +105
-512 +558 +676
-482 +500 +489
-455 +180 +504
-230 -010 +266
-125 +124 +422
-017 +579 +376
+144 +274 +042
+162 +480 +124
+260 +667 +157
+354 +040 +122
+451 +040 -180
+551 +040 -602
+634 +332 -230
+601 +994 -982
+522 +685 -681
+246 -024 -544
+213 -062 -451
+094 +059 -078
-176 +256 +244
-178 +262 +141
-161 +382 +275
-102 +570 +462
-124 +893 +719
-155 +149 +738
-180 +394 +174
-209 +443 -096
-132 +545 -288
-220 +364 +032
-206 +420 +447
-188 +136 +454
-116 +950 +078
-135 +123 -134
-122 +230 -264
+050 +088 -556
+076 +895 -804
+058 +519 -091
+014 +206 -282
+023 +424 -088
+008 +232 -708
-006 +040 -492
+097 +040 -512
+056 +204 -451
-286 -226 +300
-379 -222 +197
-434 +037 +124
-486 +302 +054
-465 +112 -028
-447 -334 -107
+040 -974 +108
+600 -994 +261
+837 +523 +145
+646 +040 -438
+534 +559 -317
+421 +355 -098
+366 +488 -292
+355 +593 -060
+318 +471 +023
+354 +268 +086
+341 +241 +168
+301 +088 +058
+268 +018 +200
+266 +074 +154
+278 +075 +117
+226 +936 +312
+213 +953 +290
+178 +960 +304
+132 +934 +324
+112 +946 +352
+095 +955 +326
+060 +036 +212
+047 +971 +154
+032 +881 +377
+006 +768 +456
-007 +857 +400
-011 +890 +219
-038 +746 +508
-032 +916 +456
-030 +890 +509
-036 +934 +438
-029 +954 +489
-020 +932 +452
-036 +882 +372
-564 +528 +547
-526 +643 +566
-530 +582 +662
-537 +577 +625
-533 +589 +633
-538 +668 +642
-546 +614 +624
-553 +597 +603
-534 +580 +584
-544 +534 +612
-542 +606 +653
-530 +672 +658
-540 +566 +651
-535 +548 +669
-512 +642 +648
-522 +560 +671
-511 +591 +634
-490 +742 +644
-512 +688 +609
-521 +707 +521
-534 +574 +604
-528 +536 +659
-520 +578 +649
-540 +512 +640
-546 +524 +662
-542 +615 +653
-524 +576 +634
-537 +546 +666
-537 +558 +663
-540 +572 +554
-537 +551 +615
-527 +617 +658
-524 +590 +562
-531 +615 +621
-520 +767 +660
-560 -470 +748
-548 -155 +674
-387 +943 +201
-592 -272 +214
-525 -755 +375
-409 +643 +458
-656 -906 +794
-526 +391 +801
-533 +057 +783
-528 +458 +532
-464 +249 +549
-570 -223 +699
-412 +032 +898
-427 +236 +489
-518 +052 +845
-304 +040 +798
-442 +976 +300
-463 +754 +719
-494 +654 +338
-495 +630 +981
-481 +679 +626
-516 +224 +668
-494 +402 +678
-479 +457 +684
-482 +598 +722
-483 +692 +685
-492 +610 +743
-488 +522 +712
-493 +505 +703
-502 +503 +778
-502 +556 +672
-500 +515 +738
-514 +552 +669
-486 +532 +778
-492 +528 +743
-485 +555 +752
-488 +516 +618
-489 +531 +675
-496 +552 +705
-490 +574 +690
-495 +557 +669
-483 +520 +708
-480 +576 +776
-490 +504 +727
-480 +575 +760
-490 +580 +652
-596 +449 +695
-577 +654 +660
-590 +666 +908
-587 +596 +953
-575 +559 +741
-572 +312 +272
-537 +513 +368
-513 +705 +389
-590 +512 +644
-044 -594 +510
-027 -639 +605
-017 -699 +688
+046 -530 +852
+045 -564 +736
+036 -546 +559
+048 -434 +348
+040 -403 +292
+036 -382 +176
+010 -420 +922
-009 -386 +827
-027 -304 +684
-082 -192 +482
-120 -179 +493
-160 -123 +454
-256 +008 +324
-277 +023 +346
-277 +076 +394
-274 +070 +504
-265 +066 +528
-225 +040 +606
-178 +036 +532
-141 +010 +556
-088 -044 +675
+114 -078 +986
+109 -202 +973
+089 -366 +966
+202 -392 +160
+174 -487 +292
+127 -547 +472
+036 -556 +618
+011 -536 +550
-009 -516 +512
+054 -436 +400
+068 -466 +407
+070 -489 +549
+052 -560 +694
+078 -568 +585
+103 -532 +458
+152 -320 +180
+144 -338 +093
+112 -287 +030
+020 -190 +816
-025 -235 +796
-051 -228 +817
-098 -134 +826
-139 -137 +739
-188 -104 +699
-272 -140 +780
-323 -224 +785
-387 -206 +782
-446 +070 +580
-454 +081 +574
-500 +072 +625
-594 +094 +854
-606 +068 +843
-609 +092 +816
-606 +178 +846
-616 +161 +845
-614 +112 +876
-610 +050 +922
-614 +043 +913
-616 +081 +879
-598 +204 +794
-597 +233 +757
-605 +234 +723
-624 +166 +700
-626 +242 +553
-600 +362 +902
-618 +206 +880
-617 +170 +791
-595 +176 +781
-604 +196 +884
-616 +188 +825
-489 +463 +143
-513 +524 +986
-560 +554 +828
-577 +484 +766
-618 +412 +657
-634 +364 +534
-618 +355 +557
-592 +390 +609
-570 +382 +664
-582 +357 +613
-594 +304 +657
-632 +166 +840
-626 +176 +886
-630 +191 +856
-594 +226 +750
-563 +210 +775
-530 +207 +778
-462 +348 +572
-437 +369 +539
-400 +302 +575
-330 +032 +724
-318 +056 +797
-299 +079 +784
-218 +060 +604
-179 -011 +685
-143 -074 +753
-068 -066 +594
-021 +004 +602
+047 -066 +613
+240 -332 +776
+301 -176 +812
+398 -075 +936
+406 -446 +234
+397 -538 +396
+354 -603 +561
+260 -702 +838
+237 -559 +741
+237 -412 +736
+240 -570 +024
+276 -543 +008
+350 -511 +915
+388 -574 +586
+382 -545 +439
+349 -470 +250
+270 -252 +932
+235 -240 +947
+201 -234 +899
+100 -092 +664
+044 -104 +595
-028 -085 +505
-142 +052 +370
-156 +059 +312
-174 +050 +195
-204 +038 +068
-203 +047 +096
-108 +127 +142
+078 +246 +218
+084 +066 +156
+160 -076 +139
+504 -060 +958
+539 -044 +305
+498 -307 +410
+538 -306 +362
+528 -291 +496
+445 -503 +735
+266 -838 +860
+283 -804 +869
+290 -678 +895
+304 -430 +786
+289 -423 +720
+310 -431 +635
+358 -476 +570
+373 -375 +482
+375 -370 +374
+400 -376 +088
+367 -371 +070
+333 -297 +953
+214 -056 +648
+170 -054 +622
+095 -122 +564
-066 -244 +482
-109 -247 +453
-155 -224 +451
-256 -124 +672
-279 -125 +726
-289 -074 +748
-306 +006 +802
-326 -043 +823
-339 -074 +853
-328 +028 +982
-315 +099 +050
-302 +074 +080
-332 -076 +990
-329 -035 +016
-326 +002 +035
-346 -242 +168
-320 -225 +004
-340 -019 +977
-344 +148 +004
-337 +101 +036
-371 +100 +002
-368 +158 +914
-382 +149 +866
-396 +045 +931
-752 +190 +885
-763 +331 +813
-746 +326 +740
-761 +286 +728
-777 +264 +686
-778 +254 +582
-761 +239 +556
-716 +248 +494
-582 +344 +570
-567 +336 +570
-582 +278 +607
-630 +258 +822
-648 +276 +855
-637 +286 +840
-580 +246 +662
-547 +267 +558
-491 +304 +323
-358 +382 -044
-311 +330 +095
-257 +233 +339
-120 +172 +574
-097 +139 +538
-112 +097 +611
-058 +212 +234
-112 +182 +316
-166 +119 +277
-266 +118 +652
-325 +209 +827
-444 +200 +934
-626 +322 +040
-590 +257 +040
-485 +297 +979
-264 +356 +514
-212 +325 +345
-145 +204 +286
-026 -128 +060
-032 -095 +834
-078 -097 +571
-222 -108 +196
-243 -034 +209
-277 +046 +156
-312 +128 +054
-310 +151 +120
-318 +140 +089
-288 +092 +096
-249 +098 +223
-221 +133 +379
-132 +138 +602
-137 +150 +643
-101 +115 +865
-152 -046 +300
-159 +031 +407
-164 +116 +532
-206 +308 +900
-281 +214 +940
-376 +151 +990
-530 +206 +966
-542 +276 +897
-537 +287 +771
-510 +182 +426
-478 +147 +362
-428 +144 +190
-324 +090 +844
-297 +094 +857
-271 +043 +809
-298 -100 +524
-309 -153 +373
-322 -110 +316
-436 -054 +360
-473 -037 +422
-542 +008 +512
-704 +110 +542
-725 +182 +507
-726 +317 +501
-716 +354 +634
-710 +327 +678
-720 +280 +666
-768 +164 +552
-770 +191 +561
-773 +204 +622
-772 +182 +698
-761 +177 +691
-754 +170 +680
-738 +148 +730
-741 +159 +685
-822 +331 +595
-760 +056 +812
-767 -028 +837
-754 -023 +768
-738 +008 +728
-725 +216 +798
-747 +180 +676
-702 +122 +770
-696 +135 +685
-700 +107 +744
-722 +038 +696
-724 +091 +736
-698 +578 +797
-724 +432 +809
-714 +306 +810
-706 +339 +745
-724 +356 +669
-730 +336 +690
-706 +333 +680
-656 +368 +623
-558 +358 +414
-556 +303 +352
-552 +279 +282
-504 +262 +194
-495 +187 +250
-461 +069 +391
-256 +040 +538
-190 +120 +529
-111 +102 +662
+006 -098 +828
-044 -146 +040
-130 -119 +169
-278 +244 +748
-326 +302 +875
-395 +313 +958
-458 +330 +988
-420 +326 +912
-359 +281 +757
-262 +072 +362
-261 +076 +349
-247 +155 +253
-214 +278 +124
-220 +256 +109
-243 +146 +997
-286 +024 +756
-297 +076 +687
-327 +051 +649
-382 +052 +618
-387 +065 +548
-392 +060 +429
-386 -002 +230
-361 +016 +276
-287 +076 +394
-198 +068 +266
-217 +037 +191
-217 +111 +299
-164 +370 +832
-148 +279 +875
-163 +113 +023
-168 +030 +200
-157 +063 +175
-141 +150 +284
-172 +162 +814
-183 +150 +738
-220 +085 +664
-268 +066 +674
-256 +107 +679
-256 +188 +644
-274 +072 +746
-259 +056 +689
-250 -064 +634
-206 -134 +374
-176 -043 +328
-135 -045 +232
-080 -092 +994
-111 -194 +898
-152 -191 +805
-218 +030 +568
-244 +039 +480
-283 +087 +437
-402 +110 +566
-436 +072 +568
-484 +096 +592
-572 +070 +600
-585 +075 +606
-588 +092 +665
-584 +218 +856
-606 +189 +880
-629 +221 +844
-676 +226 +852
-675 +181 +824
-678 +152 +825
-694 +088 +796
-695 +093 +773
-683 +111 +776
-664 +156 +772
-655 +141 +833
-653 +126 +851
-662 +148 +776
-676 +148 +722
-684 +160 +682
-670 +246 +714
-665 +216 +735
-667 +143 +738
-656 +306 +726
-670 +315 +754
-692 +357 +748
-730 +080 +786
-737 +015 +818
-738 +032 +731
-712 +082 +776
-709 +080 +759
-693 +111 +681
-654 +156 +696
-662 +133 +720
-761 +236 +579
-764 +372 +579
-756 +374 +662
-757 +325 +639
-748 +269 +588
-788 +184 +552
-790 +218 +598
-789 +241 +631
-756 +248 +688
-726 +245 +650
-678 +206 +557
-552 +118 +294
-518 +119 +184
-456 +118 +067
-168 +082 -042
-132 +036 +151
-130 +036 +281
-126 +246 +490
-097 +246 +876
-150 +160 +221
-252 -060 +588
-259 -052 +492
-250 +064 +638
-280 +240 +848
-292 +213 +881
-302 +185 +919
-370 -002 +958
-350 +042 +887
-305 +053 +798
-206 +004 +566
-180 +021 +437
-160 +032 +241
-138 -076 +096
-158 -103 +035
-188 -069 +879
-300 +058 +528
-324 +096 +572
-367 +075 +623
-422 +122 +650
-427 +143 +582
-431 +178 +510
-428 +168 +318
-424 +143 +270
-421 +137 +233
-420 +228 +204
-377 +262 +185
-316 +285 +374
-252 +256 +722
-257 +222 +663
-282 +199 +581
-286 +058 +704
-284 +144 +908
-290 +125 +111
-320 +224 +372
-339 +181 +450
-369 +216 +464
-382 +218 +336
-389 +129 +284
-388 +076 +452
-446 +052 +802
-476 +056 +802
-493 +066 +768
-438 +266 +522
-418 +171 +498
-363 +138 +411
-320 +050 +084
-279 +154 +022
-238 +137 +995
-224 -080 +852
-224 -090 +848
-227 -042 +759
-308 +066 +576
-365 -109 +511
-384 -044 +581
-456 +052 +530
-499 +028 +443
-527 +217 +445
-560 +396 +688
-580 +420 +747
-616 +427 +685
-714 +178 +534
-701 +208 +639
-684 +216 +739
-680 +220 +758
-678 +230 +736
-686 +261 +713
-686 +276 +688
-685 +236 +711
-676 +246 +753
-678 +168 +784
-695 +147 +760
-684 +168 +673
-678 +244 +766
-681 +236 +842
-685 +266 +795
-708 +302 +686
-717 +299 +680
-713 +309 +625
-652 +424 +922
-677 +218 +799
-708 +221 +703
-734 +208 +562
-724 +215 +638
-722 +252 +736
-750 +345 +653
-728 +417 +639
-706 +408 +672
-713 +350 +619
-720 +314 +567
-688 +314 +636
-690 +268 +669
-687 +221 +666
-666 +294 +744
-641 +363 +746
-633 +315 +685
-664 +210 +540
-653 +244 +560
-633 +232 +594
-584 +218 +678
-542 +291 +689
-494 +262 +562
-462 +092 +250
-441 +123 +259
-367 +235 +452
-262 +290 +778
-254 +225 +810
-230 +281 +777
-248 +106 +646
-239 +017 +802
-225 +052 +067
-158 +106 +288
-148 +087 +251
-192 -124 +149
-240 -332 +418
-232 -195 +696
-223 -015 +758
-246 +140 +862
-223 +166 +885
-190 +139 +848
-080 +038 +528
-067 +038 +374
-076 +020 +236
-118 -012 +238
-136 -004 +203
-159 +056 +137
-176 +058 +098
-210 -038 +068
-235 -032 +914
-312 +074 +702
-322 +105 +676
-333 +133 +625
-418 +078 +498
-444 +135 +525
-444 +167 +534
-434 +086 +364
-425 +048 +315
-398 +098 +229
-348 +260 +076
-314 +287 +176
-270 +248 +435
-266 +004 +094
-249 +018 +932
-243 +159 +802
-208 +478 +682
-203 +409 +824
-186 +347 +023
-136 +326 +298
-105 +341 +322
-109 +143 +402
-280 -070 +402
-276 +173 +508
-318 +312 +652
-398 +400 +040
-370 +347 +957
-292 +255 +757
-122 +070 +190
-141 +019 +116
-122 +053 +168
-146 -072 +246
-164 -114 +202
-180 -088 +143
-224 -098 +932
-244 -093 +846
-243 -008 +764
-228 +114 +614
-247 +084 +671
-295 +064 +737
-416 -046 +530
-406 +056 +522
-445 +039 +686
-508 +138 +766
-522 +134 +691
-543 +175 +717
-596 +130 +790
-608 +114 +863
-615 +157 +857
-654 +212 +742
-642 +202 +738
-635 +178 +810
-640 +170 +798
-642 +204 +784
-643 +182 +756
-676 +082 +774
-657 +100 +781
-642 +139 +755
-648 +198 +758
-648 +223 +757
-657 +200 +761
-666 +208 +742
-664 +223 +725
-660 +220 +728
-674 +150 +720
-680 +128 +856
-655 +239 +538
-686 +210 +970
-672 +189 +844
-663 +157 +740
-690 +140 +796
-671 +156 +859
-640 +277 +781
-666 +293 +686
-674 +453 +637
-702 +444 +672
-716 +354 +618
-745 +257 +527
-792 +142 +404
-769 +189 +485
-733 +226 +549
-642 +272 +522
-611 +244 +430
-591 +202 +341
-502 +254 +234
-487 +274 +288
-439 +253 +378
-366 +154 +462
-317 +118 +458
-276 +126 +566
-172 +186 +012
-168 +219 +082
-184 +195 +213
-182 +252 +250
-159 +237 +155
-163 +223 +163
-200 +050 +584
-222 +021 +671
-252 +065 +643
-258 +300 +688
-242 +325 +664
-236 +249 +712
-176 +188 +778
-163 +215 +515
-168 +239 +340
-182 +228 +140
-188 +181 +126
-201 +112 +117
-256 +078 +906
-281 +097 +845
-325 +074 +801
-410 +046 +736
-440 +113 +654
-471 +146 +589
-510 +156 +538
-507 +138 +475
-496 +107 +341
-452 +152 +154
-427 +165 +191
-407 +097 +245
-386 +004 +214
-356 +059 +281
-335 +124 +446
-250 +306 +970
-272 +246 +008
-292 +244 +937
-228 +384 +010
-227 +274 +067
-217 +263 +246
-228 +264 +646
-271 +219 +632
-328 +241 +590
-378 +416 +458
-387 +426 +488
-382 +446 +553
-396 +326 +602
-388 +256 +513
-366 +229 +373
-330 +196 +140
-320 +220 +124
-320 +197 +122
-326 +132 +040
-358 +086 +955
-371 +085 +890
-342 +140 +830
-321 +079 +764
-309 +040 +652
-382 -014 +470
-420 -050 +419
-438 +024 +429
-584 +028 +448
-646 +031 +622
-669 +142 +692
-706 +292 +542
-719 +276 +557
-732 +253 +672
-752 +168 +888
-745 +145 +837
-746 +129 +769
-748 +128 +626
-740 +121 +650
-737 +088 +660
-716 +054 +706
-730 +077 +694
-737 +139 +666
-764 +208 +620
-758 +239 +565
-735 +207 +569
-754 -024 +988
-737 +025 +779
-766 +096 +734
-702 +384 +332
-694 +264 +474
-713 +170 +601
-742 +170 +648
-671 +176 +792
-651 +316 +578
-652 +420 +952
-685 +341 +916
-678 +376 +770
-634 +400 +616
-635 +325 +625
-592 +256 +597
-480 +104 +458
-455 +073 +426
-424 +092 +412
-326 +250 +528
-311 +280 +585
-284 +204 +572
-266 +044 +814
-232 +065 +865
-179 +077 +977
-120 +062 +136
-109 +049 +138
-111 +099 +089
-128 +076 +396
-121 +047 +554
-104 +097 +548
-094 +128 +538
-096 +114 +565
-092 +134 +567
-118 +188 +622
-134 +092 +663
-151 -025 +607
-132 +162 +422
-126 +204 +377
-109 +166 +359
-082 +018 +306
-103 +022 +242
-119 +039 +099
-168 +098 +850
-195 +092 +756
-239 +058 +623
-366 +024 +418
-387 +039 +418
-409 +090 +405
-436 +186 +358
-443 +168 +367
-466 +109 +405
-434 +168 +166
-425 +129 +142
-372 +147 +277
-286 +356 +760
-288 +282 +808
-297 +178 +931
-312 +068 +010
-291 +234 +897
-264 +348 +986
-274 +084 +982
-279 -013 +043
-256 -090 +170
-202 -044 +384
-198 +000 +355
-192 +000 +337
-136 +028 +442
-140 -008 +419
-165 -058 +328
-212 +004 +386
-216 +043 +440
-227 +087 +483
-218 +186 +582
-211 +154 +554
-190 +093 +454
-140 -012 +248
-139 -020 +215
-157 -055 +147
-208 -084 +030
-217 -073 +987
-224 -030 +974
-262 -002 +870
-274 -018 +829
-303 -015 +837
-360 +024 +840
-375 +026 +796
-407 +028 +750
-462 +004 +646
-487 +017 +628
-511 +018 +632
-566 +024 +630
-569 +068 +643
-583 +125 +674
-618 +160 +738
-640 +116 +738
-655 +147 +741
-696 +174 +692
-689 +190 +732
-672 +170 +759
-650 +110 +848
-652 +152 +818
-659 +184 +757
-690 +196 +690
-674 +195 +708
-671 +189 +693
-684 +154 +698
-694 +116 +715
-704 +073 +707
-740 +194 +784
-710 +186 +710
-689 +073 +728
-678 +072 +806
-688 +079 +791
-688 +150 +755
-710 +088 +760
-698 +081 +832
-682 +111 +808
-680 +134 +802
-684 +132 +774
-673 +291 +823
-675 +432 +893
-642 +518 +954
-638 +434 +886
-641 +320 +822
-640 +216 +730
-626 +234 +686
-610 +245 +643
-554 +202 +538
-550 +208 +496
-521 +291 +433
-454 +414 +276
-436 +334 +278
-368 +254 +336
-208 +016 +502
-202 +078 +511
-134 +184 +564
-124 +154 +808
-095 +154 +937
-085 +154 +871
-002 +074 +126
-017 +048 +560
-078 -037 +795
-150 +032 +874
-166 +060 +842
-190 +057 +874
-208 +066 +794
-197 +034 +708
-168 +021 +642
-092 +026 +536
-074 +043 +463
-051 +093 +310
-046 +102 +998
-072 +033 +014
-115 -039 +968
-228 -040 +740
-247 +001 +685
-269 +043 +638
-334 +070 +514
-347 +085 +478
-367 +121 +419
-376 +178 +286
-389 +162 +231
-387 +194 +191
-374 +268 +278
-276 +264 +338
-227 +215 +433
-172 +012 +570
-122 +121 +693
-063 +203 +741
+000 +160 +956
-004 +204 +029
+023 +202 +179
-008 -240 +594
-002 -097 +752
-043 -045 +814
-152 +008 +756
-117 +035 +862
-058 +105 +820
-010 +012 +538
-031 -024 +503
-045 -010 +478
-008 +098 +454
-005 +120 +352
-011 +101 +254
-034 +012 +990
-053 -005 +976
-081 -029 +920
-124 +028 +812
-140 +028 +813
-174 +022 +823
-274 -012 +708
-320 -024 +597
-377 +071 +537
-502 +138 +530
-522 +120 +580
-543 +123 +604
-590 +246 +710
-591 +247 +709
-592 +262 +742
-580 +320 +900
-588 +266 +888
-589 +211 +884
-582 +138 +830
-588 +125 +803
-579 +147 +781
-574 +258 +802
-579 +255 +776
-571 +285 +775
-538 +278 +804
-571 +170 +799
-596 +138 +841
-594 +274 +868
-579 +317 +865
-536 +590 +824
-570 +272 +838
-590 +180 +852
-604 +174 +796
-638 +288 +780
-645 +254 +873
-610 +459 +455
-594 +292 +844
-592 +257 +822
-589 +281 +777
-606 +258 +896
-610 +241 +795
-587 +282 +792
-602 +274 +832
-606 +244 +820
-607 +255 +950
-601 +293 +706
-640 +326 +652
-605 +353 +835
-601 +304 +921
-646 +268 +750
-648 +316 +707
-652 +333 +738
-580 +370 +832
-561 +357 +781
-544 +317 +681
-494 +294 +456
-470 +319 +426
-438 +321 +403
-324 +252 +528
-286 +227 +543
-244 +195 +379
-128 +182 +302
-117 +257 +547
-089 +322 +749
-088 +326 +868
-071 +310 +892
-086 +243 +119
-218 +346 +884
-250 +486 +962
-349 +420 +001
-484 +328 +040
-406 +441 +955
-324 +471 +624
-238 +306 +332
-211 +258 +307
-205 +138 +217
-198 -052 +014
-198 +008 +867
-213 +065 +706
-296 +180 +468
-309 +213 +450
-319 +238 +380
-300 +260 +084
-309 +261 +064
-337 +260 +009
-382 +288 +014
-361 +284 +151
-308 +286 +428
-238 +274 +788
-200 +215 +759
-174 +196 +828
-110 +010 +902
-060 +130 +013
-030 +193 +143
-026 +100 +778
-098 +091 +819
-163 +103 +880
-282 +204 +890
-296 +200 +866
-303 +214 +746
-270 +256 +534
-241 +252 +473
-216 +219 +389
-174 +116 +168
-168 +067 +103
-178 -007 +015
-170 +090 +920
-204 +010 +839
-250 -041 +760
-306 -024 +698
-345 -077 +601
-380 +006 +658
-488 +050 +514
-499 +243 +524
-531 +207 +498
-558 +424 +712
-585 +374 +710
-622 +232 +719
-626 +194 +818
-636 +156 +773
-636 +158 +740
-656 +194 +730
-640 +201 +730
+242 +014 +568
+201 +971 +582
+153 +806 +593
+040 +542 +504
-011 +399 +439
-104 +293 +386
-358 -240 +332
-437 -453 +423
-533 -422 +550
-612 +082 +642
-647 -015 +704
-667 +059 +699
-664 +332 +690
-670 +375 +786
-679 +252 +775
-678 +132 +716
-650 +248 +774
-650 +234 +815
-646 +240 +726
-656 +179 +731
-681 +101 +758
-628 +206 +684
-674 +512 +787
-687 +308 +848
-244 -874 +056
-898 -324 +805
-753 +007 +701
-670 +046 +756
-680 +106 +805
-690 +097 +618
-696 +250 +692
-698 +164 +828
-722 +237 +782
-670 +344 +852
-686 +258 +844
-689 +273 +642
-688 +220 +846
-691 +215 +783
-696 +203 +709
-668 +276 +756
-673 +208 +715
-678 +231 +675
-706 +215 +853
-703 +220 +746
-688 +236 +890
-676 +228 +823
-666 +241 +758
-668 +208 +730
-661 +203 +717
-667 +203 +716
-684 +210 +692
-677 +226 +733
-682 +242 +771
-658 +398 +772
-671 +382 +786
-666 +448 +830
-556 +826 +764
-532 +947 +673
-474 +978 +483
-336 +582 +498
-304 +422 +484
-301 +176 +475
-376 -088 +216
-319 +104 +231
-289 +070 +476
-272 -250 +844
-285 -191 +859
-265 -142 +914
-234 -040 +134
-152 +157 +237
-119 +198 +248
-122 -158 +706
-061 +032 +668
-040 +195 +523
+048 +180 +388
+094 +447 +423
+103 +555 +416
+188 +048 +242
+180 +057 +190
+162 +004 +309
+266 +268 +298
+256 +265 +158
+237 +146 +970
+174 +002 +888
+185 +076 +854
+148 +985 +725
+078 +834 +484
+048 +772 +569
+008 +677 +532
-158 +350 +540
-202 +349 +536
-250 +418 +558
-406 +196 +580
-407 +246 +548
-451 +151 +669
-534 -152 +762
-563 -149 +811
-586 -095 +794
-600 +112 +772
-611 +141 +770
-617 +184 +780
-630 +114 +732
-617 +173 +712
-622 +169 +757
-630 +210 +750
-613 +278 +738
-632 +164 +736
-636 +214 +774
-630 +265 +715
-639 +219 +749
-674 +184 +836
-662 +213 +765
-666 +233 +837
-634 +196 +678
-661 +197 +580
-650 +244 +688
-718 +112 +710
-672 +177 +779
-673 +151 +779
-634 +298 +706
-641 +281 +754
-644 +223 +736
-644 +262 +768
-641 +244 +764
-645 +239 +767
-638 +188 +806
-641 +209 +772
-640 +196 +787
-624 +240 +814
-630 +218 +780
-629 +206 +820
-663 +219 +731
-680 +222 +654
-682 +212 +840
-676 +242 +765
-657 +262 +773
-660 +194 +924
-644 +228 +892
-636 +249 +862
-650 +434 +782
-661 +566 +743
-608 +838 +663
-462 +910 +496
-448 +823 +401
-416 +550 +397
-332 -072 +676
-356 -103 +673
-365 +071 +651
-368 +162 +676
-391 +107 +593
-363 +093 +494
-308 -092 +882
-304 -043 +922
-263 +070 +977
-198 +128 +086
-186 +078 +201
-147 +170 +145
-048 +098 +428
-019 +174 +663
+005 +553 +667
-084 +736 +016
-092 +530 +242
-018 +738 +250
+038 +544 +360
+079 +617 +353
+151 +959 +215
+098 +780 +116
+121 +855 +075
+170 +074 +089
+236 +340 +096
+221 +197 +994
+171 +966 +820
+056 +738 +650
-011 +665 +618
-074 +620 +538
-188 +474 +410
-214 +472 +524
-223 +474 +615
-298 +392 +644
-333 +304 +626
-401 +072 +628
-580 -380 +654
-576 -224 +623
-602 -170 +700
-616 -052 +798
-626 +035 +790
-627 +087 +765
-632 +162 +750
-620 +176 +765
-626 +216 +829
-624 +184 +688
-641 +125 +694
-641 +127 +762
-656 +084 +792
-665 +062 +828
-667 +162 +801
-668 +230 +708
-650 +263 +809
-661 +180 +707
-692 +100 +756
-695 +097 +782
-702 +149 +744
-676 +216 +742
-683 +196 +789
-672 +135 +649
-716 +144 +816
-712 +119 +758
-694 +123 +661
-662 +286 +924
-671 +187 +858
-663 +151 +817
-658 +248 +686
-667 +168 +769
-627 +226 +827
-646 +160 +702
-644 +170 +742
-660 +157 +739
-664 +258 +670
-668 +242 +703
-665 +160 +751
-634 +234 +934
-628 +249 +906
-661 +171 +819
-708 +256 +606
-690 +398 +690
-690 +434 +783
-646 +674 +938
-566 +734 +879
-484 +680 +823
-416 +326 +450
-389 +311 +374
-369 +248 +290
-262 +030 +194
-285 -091 +305
-242 -016 +404
-176 +304 +016
-214 +138 +133
-235 +065 +038
-200 +234 +006
-186 +216 +089
-162 +239 +282
-118 +178 +432
-127 +187 +436
-071 +397 +489
-010 +768 +228
-012 +585 +268
-018 +428 +406
+206 +546 +066
+149 +394 +998
+056 +935 +140
+196 +024 +430
+261 +203 +452
+317 +254 +196
+340 +214 +732
+357 +311 +764
+318 +145 +624
+190 +726 +420
+130 +676 +523
+048 +584 +500
-166 +450 +616
-206 +385 +625
-280 +284 +605
-416 +292 +514
-453 +192 +529
-485 +169 +595
-578 -076 +674
-586 -054 +711
-588 +039 +677
-634 -006 +638
-649 +048 +719
-639 +132 +686
-672 +110 +678
-639 +166 +682
-647 +111 +688
-696 +016 +848
-705 +055 +784
-703 +103 +690
-716 +074 +712
-711 +112 +789
-714 +057 +850
-716 +048 +412
-726 +133 +654
-712 +164 +635
-686 +098 +700
-686 +105 +712
-689 +161 +756
-664 +068 +736
-665 +199 +728
-666 +194 +730
-678 +056 +834
-676 +125 +784
-687 +145 +780
-686 +126 +722
-683 +141 +630
-687 +164 +715
-696 +234 +812
-699 +214 +768
-691 +186 +730
-708 +112 +748
-690 +150 +783
-690 +184 +783
-670 +342 +732
-686 +319 +758
-700 +235 +813
-690 +456 +966
-660 +508 +940
-642 +510 +898
-540 +628 +598
-468 +775 +528
-427 +644 +355
-444 +198 +248
-421 +318 +207
-377 +377 +305
-402 +114 +836
-395 +137 +817
-391 +079 +717
-318 +036 +672
-299 -045 +724
-282 -103 +921
-220 -030 +148
-236 -014 +030
-204 -021 +095
-052 +424 +566
-093 +426 +558
-082 +467 +387
-110 +178 +390
-023 +337 +329
+028 +390 +324
+270 +102 +018
+288 +349 +220
+218 +972 +290
+368 +358 +214
+368 +434 +176
+352 +278 +115
+338 +168 +684
+314 +145 +713
+264 +023 +764
+120 +740 +536
+049 +781 +558
+011 +773 +678
-080 +700 +652
-090 +623 +537
-138 +558 +582
-258 +402 +576
-264 +452 +471
-321 +277 +502
-458 -038 +560
-503 -098 +560
-593 -235 +562
-692 +066 +672
-697 +162 +686
-713 +138 +630
-728 +154 +598
-700 +230 +625
-679 +255 +697
-658 +170 +832
-676 +141 +837
-696 +224 +737
-728 +208 +516
-738 +156 +625
-730 +214 +674
-720 +162 +710
-717 +210 +696
-731 +210 +660
-748 +258 +644
-731 +276 +643
-744 +185 +697
-752 +262 +898
-754 +185 +632
-739 +195 +679
-684 +336 +272
-717 +213 +556
-716 +242 +614
-710 +258 +714
-714 +171 +693
-711 +164 +692
-698 +332 +708
-725 +197 +745
-703 +216 +706
-716 +220 +704
-716 +198 +730
-727 +183 +689
-718 +168 +696
-723 +204 +702
-733 +198 +751
-729 +142 +711
-708 +262 +764
-703 +280 +710
-708 +239 +709
-742 +074 +690
-731 +172 +670
-741 +222 +681
-766 +148 +798
-755 +172 +819
-724 +341 +830
-738 +554 +656
-714 +526 +645
-681 +543 +628
-532 +980 +396
-500 +858 +365
-472 +584 +420
-416 +284 +346
-388 +346 +312
-381 +258 +381
-348 +150 +502
-339 +031 +644
-319 +005 +678
-242 +046 +702
-247 +038 +821
-265 +011 +921
-216 +302 +090
-214 +295 +085
-193 +256 +268
-068 +730 +256
-084 +748 +310
-105 +464 +519
+086 +826 +382
+118 +985 +462
+130 +121 +360
+216 +820 +048
+232 +601 +344
+272 +295 +353
+368 +182 +752
+323 +203 +707
+298 +171 +696
+178 +106 +752
+164 +001 +746
+127 +866 +692
-030 +512 +454
-047 +593 +381
-089 +523 +293
-228 +302 +338
-257 +253 +400
-365 -060 +488
-612 -316 +530
-651 -217 +597
-674 -079 +669
-680 +340 +598
-700 +250 +661
-704 +197 +678
-688 +206 +662
-685 +238 +711
-678 +297 +742
-668 +420 +604
-681 +370 +667
-679 +314 +678
-672 +268 +580
-667 +257 +644
-681 +232 +697
-710 +260 +690
-721 +254 +678
-703 +414 +819
-720 +186 +598
-737 +100 +648
-720 +152 +601
-700 +194 +770
-692 +274 +713
-704 +183 +708
-676 +342 +722
-698 +236 +749
-702 +222 +741
-702 +216 +706
-711 +167 +718
-705 +182 +726
-706 +182 +726
-701 +180 +727
-694 +193 +733
-690 +202 +716
-704 +236 +509
-714 +231 +686
-722 +112 +784
-715 +165 +732
-710 +179 +746
-704 +192 +764
-712 +218 +714
-709 +271 +711
-736 +262 +798
-724 +387 +777
-693 +577 +767
-676 +702 +704
-612 +818 +577
-555 +710 +520
-450 +276 +568
-444 +203 +451
-401 +173 +347
-330 +072 +336
-318 +090 +470
-310 +128 +472
-310 -022 +658
-326 -178 +771
-289 -223 +969
-262 -038 +904
-220 +001 +927
-195 +050 +241
-134 +150 +668
-107 +317 +528
-087 +511 +537
-026 +518 +752
+044 +688 +611
+102 +883 +511
+210 +444 +034
+208 +274 +328
+308 +460 +522
+460 +666 +874
+423 +522 +826
+379 +376 +886
+332 +022 +868
+282 +897 +638
+171 +739 +440
-012 +620 +492
-079 +439 +497
-118 +504 +351
-224 +134 +286
-340 -147 +474
-439 -181 +524
-572 -138 +628
-601 -109 +641
-624 -038 +663
-672 +194 +676
-671 +210 +689
-692 +153 +737
-694 +226 +708
-687 +257 +761
-675 +324 +814
-686 +244 +768
-681 +220 +746
-675 +240 +711
-664 +232 +682
-673 +238 +745
-667 +239 +738
-690 +186 +696
-671 +256 +681
-676 +255 +668
-690 +168 +738
-707 +180 +732
-705 +143 +708
-692 +240 +626
-686 +261 +728
-688 +224 +611
-668 +368 +868
-682 +299 +774
-689 +248 +790
-672 +340 +740
-682 +249 +716
-693 +231 +708
-688 +214 +704
-690 +206 +729
-737 +251 +714
-728 +213 +718
-716 +218 +708
-710 +234 +701
-704 +258 +700
-710 +198 +712
-703 +256 +718
-701 +260 +710
-712 +310 +684
-711 +303 +703
-719 +317 +711
-680 +640 +700
-658 +762 +641
-623 +726 +603
-520 +472 +584
-498 +456 +456
-449 +478 +244
-322 +272 +108
-319 +180 +344
-285 +111 +479
-226 +112 +648
-208 -032 +609
-215 -240 +691
-128 -240 +140
-099 -123 +186
-053 -086 +344
+096 +252 +330
+130 +577 +685
+119 +613 +590
+180 +236 +376
+191 +127 +623
+251 +116 +633
+446 +862 +232
+454 +933 +109
+445 +682 +121
+468 +288 +844
+444 +270 +858
+385 +205 +716
+202 +150 +240
+120 +976 +292
+038 +758 +292
-118 +502 +320
-132 +494 +250
-141 +408 +186
-272 +074 +452
-321 -005 +554
-384 -009 +697
-538 -010 +744
-575 -008 +716
-614 +021 +703
-682 +064 +740
-694 +128 +784
-684 +254 +759
-678 +232 +700
-678 +186 +736
-672 +264 +766
-694 +230 +734
-679 +255 +726
-668 +254 +743
-658 +212 +720
-664 +159 +726
-672 +144 +727
-686 +278 +684
-682 +283 +681
-662 +355 +789
-688 +212 +714
-672 +217 +477
-677 +208 +748
-696 +194 +702
-690 +222 +690
-693 +252 +715
-700 +166 +748
-696 +184 +734
-676 +223 +689
-696 +196 +806
-684 +215 +764
-696 +228 +830
-714 +166 +660
-720 +216 +806
-718 +204 +758
-708 +188 +740
-718 +116 +718
-704 +128 +701
-722 +169 +735
-742 +204 +802
-742 +279 +805
-712 +373 +773
-616 +792 +694
-586 +839 +657
-523 +863 +570
-396 +528 +308
-382 +483 +237
-326 +476 +098
-284 +068 +238
-290 -049 +338
-290 -042 +571
-258 -154 +792
-250 -266 +739
-201 -173 +919
-044 +374 +172
-056 +282 +234
-088 +128 +376
-104 +528 +878
-060 +468 +807
-018 +413 +584
+180 +278 +054
+160 +329 +097
+151 +026 +320
+296 +878 +342
+372 +324 +143
+381 +552 +025
+342 +194 +954
+346 +290 +808
+349 +364 +691
+178 +944 +568
+167 +025 +545
+128 +002 +438
-040 +606 +392
-092 +492 +448
-151 +526 +340
-238 +428 +180
-275 +338 +368
-325 +278 +489
-432 +080 +490
-458 +034 +580
-512 -067 +774
-602 +008 +800
-620 +004 +675
-642 +014 +756
-688 +096 +832
-673 +169 +707
-664 +183 +798
-664 +152 +888
-671 +158 +782
-675 +157 +692
-664 +204 +698
-662 +218 +756
-646 +262 +780
-702 +078 +812
-694 +114 +791
-685 +162 +712
-700 +566 +028
-700 +355 +898
-702 +247 +732
-690 +172 +274
-712 +101 +553
-685 +254 +653
-676 +174 +692
-685 +166 +716
-704 +221 +774
-698 +152 +652
-760 +146 +417
-739 +203 +605
-690 +228 +818
-699 +205 +753
-700 +181 +741
-706 +118 +658
-711 +142 +663
-725 +113 +686
-742 +096 +718
-755 +117 +718
-748 +346 +686
-654 +844 +480
-654 +692 +709
-588 +815 +861
-338 +272 +642
-285 +075 +503
-276 +637 +474
-290 -110 +294
-293 -155 +252
-242 -011 +357
-204 -060 +696
-222 -141 +763
-250 -182 +830
-298 -366 +916
-271 -255 +029
-205 +015 +198
-188 +366 +596
-179 +510 +627
-177 +554 +770
-018 +044 +374
-058 +037 +358
-010 +058 +352
+144 +492 +494
+167 +650 +445
+215 +745 +335
+224 +302 +638
+196 +156 +616
+183 +161 +656
+210 +338 +336
+194 +194 +219
+121 +986 +289
-044 +506 +282
-097 +459 +193
-205 +245 +273
-412 +122 +412
-456 +036 +359
-507 -029 +635
-606 +070 +950
-619 +088 +864
-654 +049 +844
-678 +176 +764
-682 +259 +606
-670 +230 +508
-654 +142 +786
-663 +116 +871
-659 +263 +733
-678 +174 +558
-704 +144 +695
-677 +145 +707
-742 +008 +784
-716 +138 +777
-733 +134 +736
-716 +126 +740
-719 +174 +763
-698 +180 +726
-700 +218 +728
-716 +134 +772
-702 +214 +779
-724 +170 +822
-707 +179 +795
-694 +185 +767
-678 +186 +778
-684 +152 +719
-703 +058 +664
-684 +180 +684
-680 +306 +788
-683 +279 +747
-685 +216 +723
-684 +112 +692
-687 +130 +704
-687 +129 +751
-754 +150 +758
-765 +202 +778
-689 +578 +896
-504 +170 +684
-494 +206 +477
-412 +194 +336
-206 +624 +520
-201 +300 +496
-198 +080 +354
-138 -082 +406
-157 -114 +610
-188 -185 +719
-206 -224 +910
-230 -299 +888
-196 -154 +967
-160 +248 +494
-198 +267 +480
-178 +454 +441
-102 +036 +804
-148 +826 +827
-067 +981 +637
+082 +958 +448
+140 +924 +488
+279 +388 +253
+354 +662 +706
+314 +466 +797
+276 +424 +973
+224 +378 +730
+185 +251 +770
+123 +982 +711
-064 +606 +412
-110 +516 +407
-134 +551 +393
-174 +342 +364
-241 +259 +393
-330 +242 +347
-432 +244 +528
-481 +081 +652
-557 -051 +701
-596 +166 +610
-624 +085 +701
-646 +020 +787
-664 +118 +678
-660 +136 +661
-658 +127 +718
-636 +256 +690
-645 +204 +710
-676 +043 +760
-694 +132 +696
-689 +172 +661
-718 +106 +777
-680 +500 +908
-696 +304 +778
-699 +230 +725
-724 +038 +792
-716 +176 +587
-704 +180 +672
-714 +128 +848
-705 +175 +775
-697 +196 +678
-720 +166 +794
-718 +125 +757
-686 +237 +733
-718 +022 +746
-709 +071 +765
-728 +168 +579
-729 +167 +682
-726 +170 +788
-737 +143 +732
-743 +139 +749
-794 +142 +702
-765 +182 +728
-746 +210 +790
-688 +178 +792
-700 +168 +782
-678 +422 +685
-480 +350 +396
-513 +221 +336
-497 +030 +300
-410 +478 +252
-395 +252 +226
-365 -046 +427
-352 -240 +724
-336 -169 +570
-292 -135 +510
-210 -070 +844
-213 -042 +013
-191 +019 +033
-164 +216 +166
-136 +182 +305
-080 +168 +299
+010 +430 +736
+075 +744 +526
+062 +892 +394
+082 +622 +482
+141 +793 +502
+238 +375 +280
+224 +474 +104
+211 +323 +135
+233 +451 +036
+264 +322 +930
+239 +209 +870
+187 +103 +777
+024 +732 +754
-003 +633 +713
-044 +722 +564
-114 +694 +250
-141 +674 +278
-183 +597 +354
-260 +498 +252
-320 +337 +279
-386 +193 +418
-556 -056 +576
-591 -149 +639
-629 -081 +693
-648 +222 +614
-681 +089 +659
-685 +099 +634
-640 +288 +574
-682 +248 +687
-687 +251 +680
-732 +166 +644
-744 +059 +709
-765 +086 +734
-768 +468 +744
-820 +077 +775
-785 -008 +720
-730 +172 +702
-746 +191 +822
-721 +124 +691
-714 +122 +828
-710 +129 +713
-722 +161 +701
-714 +170 +744
-704 +175 +746
-712 +153 +740
-732 +076 +724
-721 +128 +689
-730 +112 +697
-690 +204 +714
-696 +190 +725
-731 +189 +741
-714 +161 +712
-694 +256 +704
-710 +167 +704
-702 +176 +683
-704 +142 +740
-717 +158 +733
-723 +172 +742
-726 +298 +796
-738 +385 +790
-715 +499 +739
-674 +684 +648
-615 +853 +460
-516 +942 +279
-334 +510 +268
-311 +309 +416
-304 +199 +436
-164 +074 +468
-179 -034 +663
-183 -260 +796
-190 -582 +852
-103 -319 +867
-081 +011 +989
-020 +054 +400
-025 +042 +445
+041 +317 +474
+068 +062 +850
+054 +065 +731
+086 +427 +827
+152 +546 +090
+088 +175 +190
+199 +572 +214
+278 +030 +126
+284 +832 +014
+267 +469 +988
+146 +656 +720
+108 +640 +629
+053 +642 +470
-048 +612 +440
-079 +481 +413
-100 +469 +329
-250 +538 +054
-323 +383 +185
-437 +209 +372
-630 -148 +754
-650 -171 +659
-689 -081 +590
-754 +022 +818
-733 +103 +817
-691 +191 +749
-710 +016 +664
-699 +113 +673
-678 +121 +694
-738 -070 +900
-731 +029 +824
-721 +130 +797
-756 -110 +802
-657 +109 +517
-692 +079 +659
-708 +220 +474
-725 +126 +641
-734 +140 +748
-738 +048 +782
-740 +042 +794
-736 +018 +696
-742 +060 +594
-747 +049 +669
-736 +069 +701
-736 +060 +762
-715 +125 +729
-635 +163 +671
-655 +205 +682
-638 +258 +744
-650 +132 +812
-668 +070 +870
-724 +230 +936
-719 +224 +929
-771 +153 +896
-778 +134 +804
-650 +277 +680
-135 -114 +160
-124 -018 +998
-130 -027 +027
-137 -067 +027
-172 -162 +002
-177 -161 +998
-187 -175 +022
-188 -170 +088
-185 -116 +085
-190 -079 +044
-200 -086 +022
-206 -089 +032
-214 -093 +032
-208 -136 +068
-205 -092 +057
-202 -039 +012
-202 -034 +016
-206 -016 +037
-199 -006 +037
-184 +008 +010
-185 -012 +020
-183 -012 +046
-176 +038 +042
-157 +029 +041
-165 +009 +019
-190 -018 +040
-193 -022 +069
-193 -036 +055
-180 +022 +082
-172 -007 +064
-179 -043 +007
-184 -002 +048
-197 -031 +001
-753 +426 +460
-750 +449 +377
-734 +460 +510
-728 +402 +486
-733 +297 +467
-740 +042 +366
-722 -001 +381
-670 -018 +438
-494 +158 +648
-444 +200 +724
-410 +228 +800
-380 +326 +830
-393 +307 +807
-385 +199 +796
-332 +192 +876
-301 +271 +920
-257 +268 +036
-134 +336 +432
-117 +474 +337
-083 +538 +266
-022 +476 +300
-006 +571 +268
-004 +638 +197
-002 +610 +196
+001 +564 +147
-003 +457 +097
-020 +302 +996
-029 +231 +003
-044 +171 +020
-078 +086 +026
-088 +074 +041
-093 +070 +061
-100 -020 +094
-109 -025 +093
-122 -032 +083
-158 -054 +126
-163 -104 +106
-167 -145 +034
-184 -186 +912
-187 -196 +944
-182 -176 +033
-184 -082 +134
-188 -077 +098
-203 -078 +073
-218 -070 +014
-230 -089 +993
-237 -094 +985
-246 -094 +018
-243 -078 +008
-243 -065 +004
-234 -054 +054
-222 +022 +105
-220 +005 +972
-224 +068 +084
-229 +096 +017
-234 +048 +044
-238 +042 +030
-239 +105 +994
-236 +078 +071
-208 +088 +934
-226 +076 +980
-234 +082 +021
-773 +266 +517
-735 +267 +465
-726 +186 +646
-712 +170 +571
-707 +160 +594
-696 +158 +600
-674 +167 +566
-650 +123 +581
-592 -004 +654
-572 -043 +656
-532 -038 +727
-404 +178 +960
-360 +249 +981
-345 +322 +996
-316 +276 +066
-309 +220 +073
-283 +216 +091
-220 +326 +176
-203 +288 +200
-172 +368 +142
-096 +550 +054
-080 +581 +119
-057 +613 +148
-016 +600 +118
-016 +565 +116
-023 +487 +138
-034 +356 +046
-045 +316 +021
-057 +258 +019
-102 +186 +028
-109 +126 +069
-110 +042 +126
-118 +008 +160
-128 -024 +123
-140 -045 +094
-158 +006 +052
-161 -023 +069
-171 -064 +055
-204 -120 +996
-213 -103 +994
-225 -118 +988
-256 -146 +012
-254 -122 +035
-260 -108 +065
-272 -138 +124
-272 -103 +114
-273 -053 +065
-276 +010 +976
-277 +034 +967
-258 +138 +925
-232 +250 +064
-235 +135 +930
-252 +136 +944
-276 +128 +978
-287 +093 +017
-296 +086 +011
-292 +048 +014
-651 +289 +604
-662 +208 +516
-602 +262 +444
-560 +199 +448
-548 +083 +484
-534 -142 +780
-516 -020 +772
-497 +063 +809
-454 -026 +902
-457 -031 +849
-407 -027 +925
-324 -084 +108
-274 +041 +128
-229 +153 +218
-188 +118 +314
-157 +178 +301
-117 +296 +246
-100 +422 +310
-084 +427 +260
-089 +417 +207
-094 +412 +158
-088 +400 +134
-090 +356 +133
-084 +274 +090
-077 +260 +092
-070 +254 +086
-052 +188 +020
-061 +132 +001
-075 +090 +979
-092 +040 +962
-094 +014 +960
-110 -070 +018
-146 -188 +074
-151 -144 +097
-142 -065 +154
-138 -088 +116
-141 -081 +091
-139 -048 +087
-144 -098 +090
-147 -130 +083
-157 -149 +065
-170 -108 +012
-181 -130 +016
-181 -121 +050
-182 -074 +066
-182 -100 +069
-185 -093 +033
-176 -058 +958
-179 -048 +975
-183 -036 +999
-188 -002 +008
-188 +009 +031
-187 +025 +996
-184 -016 +108
-181 +008 +092
-171 +011 +080
-186 +090 +198
-186 +016 +094
-192 +000 +075
-178 +060 +114
-175 +027 +088
-185 -010 +055
-206 +166 +004
-205 +129 +986
-214 +090 +025
-673 +432 +591
-700 +347 +668
-714 +286 +464
-694 +283 +497
-670 +242 +537
-628 +110 +596
-621 +088 +616
-593 +075 +626
-546 +130 +692
-522 +181 +750
-482 +240 +816
-360 +320 +926
-363 +351 +959
-356 +329 +969
-342 +122 +942
-333 +175 +941
-297 +273 +013
-242 +346 +092
-216 +387 +126
-203 +422 +133
-176 +376 +136
-167 +412 +095
-165 +411 +081
-138 +386 +158
-114 +454 +134
-095 +490 +147
-072 +418 +118
-055 +399 +078
-040 +391 +026
-080 +240 +932
-092 +209 +950
-107 +202 +966
-156 +036 +990
-161 +043 +001
-155 +112 +033
-136 +162 +020
-148 +089 +063
-158 +036 +102
-166 -002 +122
-174 -022 +090
-181 -064 +076
-180 -046 +046
-187 -053 +039
-200 -078 +023
-226 -090 +026
-231 -104 +025
-232 -103 +007
-232 -076 +964
-229 -078 +002
-213 -006 +044
-216 -126 +082
-223 -107 +045
-229 -067 +007
-236 -082 +926
-222 -016 +957
-210 +045 +986
-222 +038 +142
-227 -006 +095
-237 -037 +057
-238 +004 +060
-511 +241 +576
-532 +334 +485
-580 +396 +574
-589 +377 +580
-595 +366 +559
-630 +278 +516
-645 +251 +517
-659 +174 +526
-676 +016 +524
-682 +012 +546
-672 -032 +584
-664 -090 +680
-646 -060 +645
-618 -052 +650
-520 +048 +706
-484 +036 +690
-465 +019 +671
-372 +054 +924
-341 +151 +968
-325 +165 +996
-274 +174 +010
-269 +161 +986
-264 +084 +008
-208 +188 +168
-207 +210 +174
-199 +129 +194
-104 +314 +126
-109 +323 +133
-105 +281 +209
-094 +218 +322
-080 +221 +345
-070 +208 +305
-034 +180 +192
-029 +196 +160
-023 +182 +127
-014 +132 +080
-010 +136 +052
-010 +090 +001
-016 +010 +974
-015 +006 +022
-035 -020 +059
-082 -152 +064
-090 -166 +059
-098 -189 +048
-112 -202 +034
-116 -180 +061
-120 -216 +065
-130 -286 +050
-127 -248 +051
-123 -231 +035
-134 -194 +050
-129 -166 +031
-141 -143 +020
-168 -128 +006
-169 -143 +042
-153 -117 +074
-130 -048 +104
-122 +009 +054
-130 -019 +013
-170 -088 +000
-186 -100 +974
-200 -108 +025
-194 -046 +050
-191 -027 +061
-186 -025 +072
-164 -158 +028
-153 -096 +017
-145 -079 +043
-150 -032 +024
-703 +289 +460
-682 +338 +379
-656 +248 +502
-676 +162 +523
-688 +043 +545
-674 -088 +584
-642 -089 +618
-584 -088 +661
-460 -144 +854
-433 -168 +903
-356 -129 +946
-202 -016 +114
-179 +162 +095
-180 +169 +121
-178 +338 +108
-161 +361 +140
-164 +323 +120
-084 +232 +050
-064 +278 +128
-057 +262 +194
-032 +326 +172
-020 +369 +196
-013 +442 +237
-020 +388 +168
-024 +302 +131
-017 +275 +112
-014 +248 +064
-016 +189 +117
-017 +140 +133
-030 +022 +112
-036 +019 +072
-052 -043 +073
-070 -096 +014
-078 -105 +013
-084 -120 +061
-112 -124 +102
-118 -113 +026
-125 -116 +992
-128 -050 +098
-128 -051 +091
-134 -053 +078
-074 -030 +786
-082 -057 +867
-087 -058 +107
-088 +012 +350
-102 -030 +171
-130 -071 +071
-158 +028 +970
-167 +015 +994
-173 +000 +018
-178 -108 +834
-182 -041 +946
-198 -033 +989
-242 -182 +916
-223 -063 +016
-208 -037 +015
-190 -020 +986
-181 +000 +033
-174 +014 +044
-643 +188 +757
-656 +162 +704
-630 +294 +668
-622 +276 +722
-616 +205 +719
-612 +084 +628
-616 +069 +590
-601 +009 +575
-582 +028 +560
-554 +037 +615
-529 +013 +686
-466 +000 +834
-421 +116 +836
-374 +176 +855
-332 +140 +874
-303 +139 +888
-291 +101 +991
-190 +318 +174
-185 +295 +155
-183 +282 +170
-160 +350 +198
-163 +309 +195
-146 +282 +212
-094 +318 +316
-078 +341 +302
-055 +375 +272
-034 +278 +142
-028 +273 +095
-025 +236 +052
-020 +152 +016
-018 +147 +034
-012 +154 +049
-018 +066 +040
-033 +054 +013
-049 +005 +029
-074 -134 +096
-074 -128 +098
-077 -086 +115
-100 -104 +082
-098 -114 +066
-100 -119 +122
-080 -058 +068
-074 -047 +063
-065 -041 +066
-096 -100 +116
-109 -137 +075
-145 -144 +990
-202 -204 +872
-202 -185 +934
-187 -122 +967
-162 -106 +990
-160 -112 +033
-161 -064 +126
-146 -082 +854
-145 -002 +020
-143 -020 +087
-104 -006 +054
-119 -035 +081
-125 -045 +081
-674 +314 +678
-636 +421 +455
-650 +258 +402
-637 +222 +385
-613 +207 +359
-532 +100 +608
-512 +161 +632
-499 +220 +716
-534 +222 +880
-542 +163 +907
-535 +110 +916
-488 +074 +962
-484 +054 +989
-455 +067 +018
-356 +180 +042
-334 +199 +051
-293 +274 +067
-248 +334 +082
-254 +264 +080
-243 +223 +064
-202 +382 +040
-200 +382 +074
-195 +350 +107
-172 +388 +136
-160 +432 +147
-145 +416 +149
-112 +388 +128
-099 +344 +098
-083 +310 +054
-066 +252 +012
-065 +220 +000
-065 +187 +011
-120 +106 +054
-126 +067 +043
-145 +018 +044
-210 -086 +100
-209 -058 +080
-195 -027 +056
-178 +000 +166
-172 -007 +124
-175 -020 +081
-202 -090 +048
-204 -063 +015
-199 -056 +006
-172 -096 +112
-165 -050 +133
-165 -014 +129
-176 -008 +062
-184 -017 +007
-186 -035 +979
-182 -018 +974
-185 -023 +972
-189 -003 +965
-212 +034 +112
-204 +070 +039
-191 +045 +068
-210 -042 +988
-214 -057 +990
-216 -057 +026
-581 +191 +535
-580 +176 +550
-583 +203 +564
-603 +193 +569
-612 -022 +586
-586 +008 +631
-560 -005 +746
-516 -016 +856
-507 -024 +883
-496 -068 +862
-400 +006 +850
-397 +048 +861
-371 +048 +875
-276 +018 +976
-277 +049 +129
-273 +127 +212
-264 +052 +214
-257 +112 +159
-236 +140 +133
-194 +116 +176
-180 +158 +219
-167 +205 +253
-122 +358 +174
-113 +357 +161
-103 +281 +127
-088 +212 +066
-075 +209 +083
-058 +182 +091
-046 +100 +026
-049 +060 +016
-061 -004 +019
-106 -144 +020
-114 -164 +043
-118 -172 +069
-112 -206 +094
-114 -219 +097
-124 -225 +084
-150 -282 +076
-157 -281 +056
-166 -260 +050
-202 -264 +968
-207 -246 +974
-213 -235 +972
-202 -214 +978
-212 -212 +029
-203 -159 +045
-198 -052 +972
-210 -099 +978
-196 -007 +966
-198 -024 +016
-196 -037 +040
-201 -027 +091
-250 -076 +964
-230 -050 +994
-225 -044 +073
-204 +028 +916
-203 +010 +984
-209 -018 +047
-224 -044 +056
-660 +282 +585
-631 +279 +585
-576 +182 +520
-571 +086 +546
-541 +027 +597
-540 -102 +466
-512 -093 +524
-489 -031 +650
-368 +198 +886
-367 +179 +901
-362 +109 +016
-304 +124 +200
-274 +155 +205
-239 +274 +228
-196 +366 +260
-182 +339 +175
-173 +340 +188
-138 +404 +266
-139 +343 +232
-140 +271 +161
-104 +274 +084
-091 +349 +081
-081 +351 +082
-080 +192 +140
-071 +212 +131
-063 +236 +099
-062 +182 +048
-065 +173 +040
-076 +122 +057
-066 -046 +040
-084 -049 +027
-097 -055 +034
-120 -098 +038
-128 -133 +061
-137 -154 +070
-164 -192 +032
-139 -081 +997
-121 +003 +005
-114 -028 +012
-128 -095 +031
-140 -125 +048
-150 -096 +094
-157 -125 +134
-160 -136 +131
-184 -194 +038
-192 -204 +017
-191 -174 +015
-196 -106 +972
-180 -072 +987
-163 -030 +053
-138 +044 +138
-131 +084 +129
-151 +013 +071
-070 +184 +690
-130 +056 +871
-158 +023 +967
-196 -028 +018
-209 -055 +039
-213 -052 +013
-651 +207 +697
-654 +223 +748
-614 +468 +680
-626 +300 +634
-640 +112 +605
-608 -028 +608
-588 -038 +617
-558 -088 +655
-496 -122 +696
-465 -146 +812
-411 -096 +891
-296 +108 +934
-267 +131 +914
-250 +109 +917
-190 +096 +052
-176 +141 +138
-144 +216 +129
-132 +526 +158
-125 +504 +193
-124 +439 +243
-124 +282 +300
-121 +280 +271
-100 +342 +217
-062 +392 +168
-059 +385 +170
-044 +377 +154
-022 +368 +064
-023 +310 +062
-034 +266 +006
-066 +172 +952
-067 +147 +980
-083 +104 +002
-098 +058 +994
-094 +058 +035
-097 -012 +083
-116 -054 +104
-119 -065 +086
-130 -082 +066
-138 -020 +080
-142 -026 +090
-149 -045 +065
-146 -052 +038
-150 -083 +020
-142 -130 +064
-134 -146 +118
-141 -154 +036
-149 -150 +989
-162 -080 +994
-164 -086 +997
-159 -097 +027
-162 -062 +090
-159 -051 +047
-168 -079 +086
-138 -002 +896
-143 -012 +011
-140 -013 +977
-128 -026 +104
-135 -056 +141
-124 -004 +076
-122 -004 +056
-122 +024 +049
-619 +117 +772
-615 +074 +611
-656 +042 +568
-601 +022 +583
-560 +053 +509
-482 +034 +474
-454 +034 +579
-442 -008 +706
-320 -036 +002
-323 +000 +983
-321 +089 +969
-244 +298 +978
-232 +341 +025
-217 +273 +044
-210 +086 +260
-199 +072 +335
-160 +192 +308
-128 +392 +290
-132 +364 +230
-139 +313 +098
-122 +262 +036
-106 +329 +106
-078 +378 +177
-036 +332 +162
-024 +320 +145
-021 +285 +122
-022 +136 +050
-031 +072 +032
-046 +025 +065
-070 +050 +082
-075 +047 +036
-091 +010 +047
-126 -100 +084
-129 -114 +092
-129 -108 +065
-130 -090 +984
-125 -101 +950
-121 -125 +950
-134 -242 +076
-124 -248 +121
-104 -183 +108
-082 -072 +036
-084 -078 +022
-081 -056 +963
-074 -110 +002
-081 -134 +067
-070 -121 +028
-092 +104 +078
-068 +028 +125
-084 -106 +121
-088 -098 +938
-077 -069 +895
-074 -015 +034
-046 -012 +036
-051 -006 +024
-044 -044 +039
-038 -006 +038
-029 -011 +073
-655 +030 +753
-604 +129 +583
-600 +262 +710
-598 +200 +749
-586 +151 +766
-564 -042 +868
-542 -035 +856
-516 -004 +821
-480 -090 +786
-436 -122 +784
-432 -050 +751
-368 +130 +758
-379 +086 +791
-358 +028 +853
-320 +112 +992
-292 +148 +025
-260 +152 +095
-220 +214 +230
-212 +253 +191
-219 +240 +122
-194 +222 +070
-166 +213 +087
-135 +226 +090
-096 +274 +286
-076 +325 +268
-051 +356 +222
-034 +272 +226
-031 +275 +218
-026 +248 +161
-022 +162 +084
-024 +142 +053
-024 +095 +024
-034 +052 +086
-040 +037 +059
-043 -016 +028
-050 -150 +088
-046 -143 +120
-046 -148 +098
-038 -138 +056
-032 -138 +054
-026 -148 +024
-026 -208 +998
-031 -219 +032
-033 -222 +043
-042 -248 +066
-043 -233 +074
-045 -237 +045
-052 -246 +014
-051 -240 +001
-052 -246 +989
-052 -226 +958
-055 -223 +979
-062 -206 +089
-084 -250 +026
-102 -233 +986
-098 -231 +973
-070 -188 +938
-062 -197 +000
-054 -180 +015
-052 -266 +078
-039 -173 +038
-040 -205 +038
-036 -110 +090
-039 -118 +070
-047 -078 +033
-042 -174 +072
-046 -161 +077
-025 -099 +021
-715 +490 +618
-740 +489 +491
-722 +624 +692
-700 +652 +787
-693 +655 +810
-726 +538 +816
-711 +550 +796
-683 +571 +735
-624 +562 +668
-573 +549 +751
-544 +457 +836
-538 +114 +782
-546 +021 +628
-547 -110 +376
-522 -318 -076
-501 -395 -106
-462 -513 -099
-282 -682 -060
-185 -664 +056
-069 -555 +269
+106 -232 +032
+030 -278 +197
-070 -293 +530
-082 +340 +040
-097 +444 +040
-156 +363 +912
-176 +230 +510
-165 +246 +378
-123 +352 +351
-044 +470 +286
-033 +411 +224
-015 +329 +144
+080 +196 +032
+108 +180 +032
+174 +198 +061
+316 +256 +102
+319 +137 +072
+277 -094 +979
+028 -770 +920
-032 -861 +957
-102 -875 +073
-234 -902 +938
-254 -800 +936
-254 -653 +936
-248 -436 +920
-249 -403 +916
-244 -333 +936
-222 -280 +036
-231 -269 +032
-233 -251 +016
-236 -238 +994
-240 +084 +244
-245 +044 +985
-362 -342 -272
-311 -172 +502
-286 -137 +796
-272 -110 +010
-260 -104 +047
-250 -063 +028
-226 -024 +030
-229 -012 +050
-217 -006 +062
-270 +114 +810
-256 +106 +904
-253 +004 +018
-220 -054 +024
-232 +047 +045
-248 +051 +011
-308 -004 +960
-265 +002 +026
-227 +006 +011
-214 +090 +090
-219 +017 +103
-244 +000 +090
-765 +418 +559
-787 +377 +417
-710 +492 +456
-701 +511 +546
-701 +454 +560
-670 +270 +380
-622 +243 +346
-575 +170 +244
-496 -172 +020
-419 -255 +122
-359 -299 +251
-178 -342 +594
-119 -308 +733
-053 -161 +027
+054 +174 +720
+058 +347 +846
+022 +374 +816
-026 +134 +660
-027 +151 +735
+000 +399 +685
+088 +712 +354
+116 +620 +244
+176 +536 +244
+290 +308 +248
+314 +239 +202
+345 +162 +140
+336 -042 +114
+305 -105 +051
+226 -241 +942
+088 -308 +818
+076 -351 +851
+007 -476 +925
-122 -648 +242
-137 -683 +234
-166 -649 +129
-228 -554 +948
-225 -492 +971
-223 -428 +981
-232 -314 +978
-237 -231 +002
-234 -137 +064
-210 -062 +046
-221 -086 +965
-228 -012 +044
-282 -096 +848
-273 -001 +775
-261 +059 +872
-246 -004 +014
-256 +009 +003
-279 +084 +990
-278 +032 +988
-252 +101 +021
-254 +059 +052
-266 +066 +964
-264 +066 +973
-263 +062 +001
-270 +020 +006
-264 +065 +990
-262 +048 +995
-250 +072 +986
-258 +092 +009
-248 +069 +060
-268 +204 +972
-249 +176 +941
-248 +108 +016
-244 +040 +016
-259 +047 +010
-256 +079 +040
-298 -008 +990
-294 -017 +020
-276 +064 +994
-256 -002 +920
-267 +053 +965
-225 -044 +051
-282 +008 +978
-286 +010 +986
-270 +101 +991
-260 +062 +046
-261 +066 +030
-256 +074 +060
-256 +136 +986
-268 +096 +999
-276 +044 +012
-278 +042 +966
-280 +042 +962
-274 +055 +019
-264 -012 +020
-279 +029 +950
-791 +289 +410
-783 +235 +360
-754 +334 +438
-750 +371 +477
-743 +375 +491
-688 +320 +410
-658 +234 +293
-593 +030 +139
-536 -568 -082
-432 -613 +022
-583 +412 +611
-576 +494 +578
-562 +972 +604
-543 +024 +583
-577 +938 +490
-526 +754 +370
-585 -234 +711
-487 -779 +826
-134 +040 -576
-138 +040 -165
-335 +000 +176
-172 -170 +040
-236 +935 +344
-400 +475 -065
-626 -454 +040
-467 +293 +141
-526 +162 +378
-568 -584 +560
-491 +557 +137
-542 +561 +692
-532 +502 +754
-535 +473 +707
-520 +619 +689
-516 +790 +424
-519 +627 +546
-522 +568 +605
-546 +444 +708
-545 +517 +632
-543 +577 +582
-524 +590 +598
-530 +577 +757
-540 +671 +713
-568 +430 +648
-552 +462 +686
-533 +534 +643
-536 +584 +692
-528 +576 +652
-526 +582 +655
-516 +560 +514
-520 +564 +656
-288 +555 +892
-264 +547 +670
-154 +788 +702
-132 +835 +812
-146 +802 +918
-226 +524 +062
-258 +416 +976
-313 +287 +885
-414 -136 +868
-450 -154 +845
-468 -197 +877
-458 -066 +784
-499 -119 +900
-555 -204 +060
-676 -440 +332
-687 -568 +339
-673 -630 +266
-622 -534 +008
-592 -523 +895
-574 -552 +756
-512 -456 +480
-504 -377 +382
-499 -252 +275
-486 +006 +100
-480 +036 +064
-463 +062 +109
-392 +068 +424
-356 +163 +525
-306 +242 +577
-160 +336 +736
-110 +341 +757
-051 +409 +746
+152 +578 +754
+157 +572 +865
+194 +565 +032
+266 +492 +454
+273 +437 +450
+310 +298 +347
+396 -124 +246
+418 -150 +166
+453 -112 +137
+542 -070 +092
+534 -105 +166
+560 -158 +132
+580 -324 +198
+584 -303 +218
+599 -258 +247
+638 -234 +348
+659 -243 +327
+628 -289 +263
+554 -262 +146
+522 -262 +113
+462 -244 +114
+328 -144 +142
+300 -145 +154
+255 -178 +143
+128 -258 +138
+083 -259 +117
+046 -219 +095
-094 -106 +004
-115 -111 +990
-158 -098 +946
-278 -190 +740
-312 -082 +721
-347 +063 +663
-442 +278 +624
-469 +271 +627
-490 +249 +636
-520 +232 +584
-524 +236 +583
-522 +279 +591
-514 +388 +560
-510 +414 +593
-504 +463 +622
-494 +540 +644
-488 +546 +670
-485 +550 +693
-458 +558 +740
-456 +577 +733
-450 +594 +741
-446 +650 +772
-438 +674 +771
-319 +898 +841
-466 +286 +832
-483 +328 +722
-514 +432 +848
-528 +534 +832
-540 +507 +779
-546 +494 +767
-550 +352 +754
-557 +422 +734
-554 +413 +694
-557 +530 +577
-532 +576 +689
-532 +708 +596
-577 +680 +643
-634 +579 +756
-786 +256 +870
-824 +113 +811
-845 -033 +664
-852 -156 +384
-844 -208 +370
-809 -230 +347
-648 -172 +248
-587 -082 +314
-500 -009 +425
-298 +082 +564
-236 +173 +602
-134 +318 +624
+052 +674 +750
+101 +654 +740
+167 +598 +836
+286 +464 +076
+325 +567 +132
+333 +550 +121
+378 +202 +116
+388 +092 +093
+435 +056 +049
+550 -048 +942
+578 -073 +028
+613 -107 +088
+738 -078 +108
+777 -118 +134
+845 -098 +179
+002 +000 +206
+051 +012 +242
+086 -032 +302
+072 -040 +450
+060 -088 +397
+005 -156 +283
+810 -218 +104
+727 -222 +126
+633 -185 +145
+446 -174 +236
+414 -121 +197
+351 -067 +155
+210 +036 +924
+137 +032 +831
+034 +057 +768
-190 +056 +686
-230 +079 +652
-293 +134 +631
-420 +222 +636
-430 +199 +600
-451 +220 +536
-474 +262 +478
-480 +273 +486
-468 +323 +541
-452 +364 +706
-439 +423 +709
-418 +469 +742
-374 +614 +786
-370 +638 +791
-360 +647 +806
-352 +682 +784
-352 +714 +766
-354 +729 +756
-344 +722 +732
-347 +731 +734
-347 +701 +726
-360 +662 +702
-352 +682 +680
-381 +645 +691
-426 +586 +980
-428 +550 +861
-430 +503 +796
-464 +466 +728
-460 +498 +699
-468 +503 +724
-603 +455 +667
-554 +692 +482
-524 +706 +754
-553 +563 +839
-585 +435 +901
-674 +202 +964
-686 +207 +894
-706 +170 +811
-740 -032 +664
-744 -061 +604
-755 -084 +465
-760 -206 +284
-720 -214 +310
-646 -202 +311
-450 -022 +382
-371 +006 +453
-254 +121 +588
-014 +368 +784
+032 +389 +799
+092 +446 +795
+220 +452 +930
+250 +457 +975
+308 +395 +962
+494 +250 +876
+539 +217 +067
+584 +154 +169
+632 +024 +344
+633 +004 +333
+648 -002 +197
+596 -050 +862
+687 -116 +911
+796 -095 +919
+008 -134 +282
+046 -086 +362
+084 -116 +477
+184 -052 +594
+189 -137 +492
+162 -281 +309
+918 -416 +030
+847 -308 +048
+745 -189 +041
+492 -070 +990
+393 -204 +000
+336 -253 +961
+176 -138 +876
+109 -149 +794
+041 -071 +740
-154 -022 +734
-167 +041 +780
-191 +097 +762
-238 +272 +726
-265 +272 +686
-289 +272 +608
-318 +334 +508
-312 +339 +526
-312 +393 +599
-272 +512 +708
-263 +590 +732
-243 +641 +759
-234 +816 +770
-233 +810 +769
-231 +810 +762
-248 +766 +792
-253 +775 +783
-259 +759 +772
-298 +716 +750
-305 +675 +736
-321 +623 +732
-392 +560 +958
-378 +558 +809
-395 +532 +775
-412 +524 +674
-419 +520 +751
-429 +488 +780
-452 +410 +686
-444 +486 +695
-442 +476 +686
-416 +578 +792
-544 +706 +510
-502 +831 +506
-444 +918 +546
-466 +867 +604
-539 +739 +664
-730 +236 +702
-772 +070 +681
-820 -085 +600
-848 -364 +464
-817 -380 +424
-755 -378 +366
-576 -336 +180
-494 -263 +225
-360 -103 +270
-034 +168 +520
+056 +199 +647
+166 +310 +819
+364 +566 +024
+430 +660 +017
+566 +569 +905
+798 +270 +104
+804 +086 +078
+837 -218 +992
+904 -398 +110
+854 -455 +134
+007 -179 +168
+172 -486 +466
+222 -385 +675
+348 -240 +701
+440 -446 +416
+407 -417 +232
+290 -386 +119
+972 -322 +074
+897 -323 +144
+810 -301 +231
+616 -246 +202
+549 -246 +165
+444 -251 +106
+222 -172 +878
+151 -114 +816
+041 -038 +707
-218 -008 +486
-247 +015 +457
-300 +092 +421
-372 +250 +170
-408 +249 +235
-416 +223 +356
-400 +298 +580
-372 +349 +530
-350 +403 +561
-292 +582 +696
-281 +665 +724
-268 +768 +767
-254 +918 +928
-260 +869 +936
-250 +854 +883
-246 +844 +856
-189 +161 +831
-308 +795 +021
-392 +462 +706
-422 +444 +649
-448 +385 +713
-432 +612 +740
-398 +591 +690
-397 +570 +649
-416 +486 +854
-424 +455 +791
-427 +503 +753
-434 +570 +788
-435 +558 +736
-447 +537 +716
-490 +446 +828
-614 +510 +488
-601 +630 +512
-562 +602 +728
-566 +600 +715
-595 +500 +783
-690 +098 +958
-714 +012 +961
-746 -111 +966
-764 -280 +842
-768 -323 +785
-753 -350 +707
-680 -424 +544
-619 -311 +473
-561 -119 +400
-486 +160 +416
-469 +151 +454
-424 +205 +505
-334 +346 +606
-286 +380 +617
-246 +398 +637
-112 +358 +600
-088 +418 +676
-038 +448 +756
+170 +410 +878
+240 +431 +855
+280 +447 +008
+404 +314 +088
+436 +298 +082
+486 +188 +016
+600 -050 +054
+618 -131 +024
+578 -368 +034
+814 -178 +194
+858 -150 +083
+929 -171 +136
+964 -214 +186
+991 -181 +066
+018 -149 +943
+004 -114 +882
+986 -135 +931
+978 -127 +989
+922 -160 +120
+902 -149 +111
+869 -194 +133
+780 -116 +146
+733 -094 +147
+658 -043 +142
+492 -040 +152
+442 -041 +118
+366 -032 +096
+190 -042 +150
+158 -032 +110
+110 -076 +035
-012 -188 +896
-036 -130 +809
-074 -014 +720
-160 +272 +520
-197 +322 +527
-235 +390 +526
-322 +450 +516
-360 +447 +492
-402 +414 +506
-464 +396 +556
-463 +461 +568
-462 +474 +626
-454 +530 +766
-439 +565 +769
-425 +592 +810
-402 +584 +970
-402 +618 +967
-398 +620 +926
-240 +436 +716
-354 +821 +833
-397 +696 +679
-520 +180 +918
-483 +470 +008
-477 +425 +827
-466 +484 +644
-463 +484 +681
-476 +473 +720
-494 +512 +608
-489 +503 +590
-495 +546 +647
-600 +450 +604
-554 +727 +564
-492 +684 +770
-501 +646 +710
-536 +542 +765
-734 -108 +096
-787 -308 +059
-819 -472 +019
-776 -632 +836
-736 -602 +609
-666 -588 +393
-424 -342 +036
-318 -201 +092
-187 -058 +268
+042 +258 +646
+118 +258 +678
+250 +423 +700
+450 +934 +810
+511 +912 +864
+635 +848 +014
+704 +590 +342
+750 +368 +170
+840 +305 +193
+120 +176 +936
+196 +410 +272
+311 +338 +557
+364 -572 +040
+201 -348 +040
+100 +014 +040
+088 +198 +008
+067 -076 +906
+961 -401 +777
+572 -894 +304
+463 -790 +120
+344 -517 +847
+092 -298 +262
+041 -259 +265
-032 -193 +234
-078 +248 -104
-115 +289 -157
-095 +241 -104
+014 +314 +202
+083 +352 +290
+151 +489 +434
+440 +454 +576
+502 +514 +637
+607 +544 +723
+940 +480 +948
+996 +495 +975
+071 +459 +033
+302 +592 +688
+287 +491 +737
+215 +475 +736
+198 +490 +798
+199 +424 +641
+136 +176 +559
+912 -086 +574
+830 -150 +454
+684 -198 +430
+436 -120 +378
+417 -091 +281
+345 -009 +029
+076 +010 +662
-021 -016 +583
-101 +047 +490
-270 +330 +528
-285 +366 +493
-319 +341 +447
-364 +474 +488
-371 +537 +483
-377 +613 +522
-438 +644 +590
-438 +651 +628
-422 +734 +607
-476 +550 +902
-488 +557 +823
-512 +468 +777
-524 +474 +780
-539 +490 +722
-541 +298 +503
-624 +728 +362
-603 +476 +089
-604 +559 +344
-598 +360 +892
-601 +361 +795
-590 +355 +779
-604 +440 +972
-595 +382 +864
-622 +399 +659
-618 +376 +970
-542 +456 +576
-577 +384 +683
-610 +460 +782
-595 +460 +723
-649 +501 +720
-612 +497 +616
-524 +528 +618
-507 +599 +652
-508 +647 +697
-552 +618 +780
-587 +547 +817
-619 +442 +865
-680 +210 +860
-689 +125 +851
-731 -056 +842
-804 -524 +882
-814 -590 +843
-813 -674 +778
-750 -638 +558
-709 -566 +519
-631 -404 +457
-498 -082 +266
-471 -021 +273
-412 +051 +323
-266 +160 +524
-212 +178 +572
-146 +242 +608
+114 +228 +662
+186 +303 +725
+302 +450 +856
+562 +836 +996
+606 +805 +047
+671 +712 +041
+800 +464 +064
+863 +378 +995
+964 +142 +825
+186 -250 +954
+203 -137 +163
+141 -148 +380
+132 -052 +528
+143 -031 +538
+167 +009 +506
+184 +146 +316
+148 +098 +206
+060 -022 +127
+820 -246 +200
+757 -264 +210
+662 -277 +164
+422 -184 +998
+352 -126 +014
+255 -099 +989
+084 -010 +824
+036 +027 +742
-042 +102 +642
-250 +374 +466
-276 +371 +439
-314 +447 +427
-412 +506 +314
-442 +510 +353
-461 +501 +369
-470 +546 +568
-457 +582 +597
-430 +631 +666
-424 +724 +728
-384 +951 +788
-358 +020 +775
-504 +190 +630
-526 +250 +678
-540 +302 +714
-540 +312 +642
-506 +525 +722
-486 +560 +839
-492 +496 +792
-469 +262 +765
-525 +266 +679
-500 +692 +030
-507 +619 +780
-510 +802 +313
-566 +400 +972
-571 +394 +888
-565 +466 +784
-526 +622 +682
-526 +528 +675
-546 +492 +691
-572 +464 +706
-571 +436 +731
-573 +445 +704
-589 +496 +505
-528 +712 +491
-482 +892 +666
-480 +816 +705
-497 +729 +746
-582 +474 +796
-636 +304 +834
-713 +070 +813
-884 -456 +698
-891 -554 +652
-860 -588 +554
-706 -460 +328
-649 -395 +291
-555 -275 +224
-284 +018 +152
-204 +036 +303
-091 +079 +458
+182 +350 +768
+219 +439 +825
+277 +431 +922
+506 +448 +084
+609 +499 +134
+651 +558 +202
+700 +514 +030
+753 +358 +960
+813 +165 +996
+956 -178 +976
+950 -339 +821
+044 -166 +924
+126 -256 +142
+174 -181 +080
+192 -117 +276
+256 -220 +280
+241 -236 +321
+149 -241 +238
+080 -120 +052
+053 -006 +141
+981 -058 +123
+788 -150 +064
+701 -206 +033
+594 -159 +989
+368 +034 +902
+277 +058 +881
+172 +037 +845
-052 -030 +718
-105 +032 +675
-169 +133 +733
-284 +294 +734
-304 +276 +619
-343 +259 +479
-380 +274 +296
-358 +339 +292
-330 +494 +356
-278 +768 +546
-291 +824 +578
-306 +838 +640
-338 +822 +748
-347 +811 +739
-282 +087 +742
-404 +456 +828
-367 +554 +612
-406 +568 +731
-486 +546 +746
-470 +549 +708
-469 +548 +729
-496 +514 +656
-489 +596 +642
-489 +579 +672
-508 +518 +644
-514 +534 +713
-582 +396 +703
-549 +580 +584
-530 +832 +780
-535 +759 +831
-549 +664 +865
-616 +332 +934
-645 +159 +911
-698 -109 +828
-810 -636 +584
-820 -720 +470
-782 -699 +286
-602 -468 +022
-522 -353 +084
-404 -172 +206
-180 +244 +510
-147 +298 +599
-086 +345 +657
+136 +316 +876
+217 +370 +912
+306 +448 +951
+394 +430 +008
+465 +409 +058
+549 +368 +033
+738 +290 +916
+764 +163 +947
+814 +050 +015
+988 -076 +956
+045 -152 +011
+118 -136 +038
+072 -224 +360
+081 -138 +319
+060 -193 +255
+030 -214 +062
+005 -217 +013
+956 -161 +059
+902 +076 +148
+873 -006 +136
+821 -064 +129
+676 -144 +064
+620 -161 +081
+524 -117 +110
+302 -134 +116
+265 -115 +076
+190 -115 +076
+050 -018 +058
+006 -025 +963
-059 -001 +819
-218 +108 +628
-243 +125 +668
-266 +153 +642
-318 +254 +434
-342 +295 +434
-361 +363 +427
-406 +518 +478
-407 +566 +499
-405 +593 +551
-422 +650 +684
-416 +651 +681
-427 +642 +725
-434 +644 +792
-429 +640 +791
-428 +630 +771
-438 +568 +752
-438 +562 +752
-425 +617 +841
-480 +396 +634
-472 +482 +648
-494 +405 +681
-528 +398 +876
-506 +459 +804
-506 +471 +826
-556 +535 +618
-523 +604 +560
-542 +558 +820
-552 +529 +793
-584 +400 +844
-670 +124 +936
-674 +084 +859
-664 +016 +790
-598 -038 +626
-559 +028 +571
-512 +094 +513
-410 +196 +484
-382 +163 +491
-313 +215 +521
-166 +266 +568
-114 +248 +604
-015 +224 +658
+254 +332 +864
+289 +355 +914
+351 +281 +076
+510 +286 +428
+546 +325 +328
+585 +281 +173
+642 +154 +842
+692 +024 +841
+761 -086 +823
+858 -254 +874
+952 -265 +767
+999 -239 +968
+182 -096 +314
+184 -184 +386
+191 -219 +360
+142 -294 +202
+096 -229 +141
+024 -158 +074
+892 -104 +952
+853 -135 +012
+776 -129 +044
+584 -202 +028
+519 -197 +035
+420 -145 +012
+198 -092 +082
+169 -083 +064
+103 -098 +058
-008 -104 +994
-031 -074 +944
-082 -028 +799
-208 +138 +578
-240 +152 +616
-262 +171 +621
-274 +268 +538
-286 +371 +512
-297 +434 +505
-324 +550 +478
-326 +605 +539
-338 +637 +626
-340 +668 +718
-330 +668 +741
-337 +667 +762
-350 +664 +846
-353 +637 +836
-355 +616 +817
-294 +870 +004
-351 +617 +042
-417 +451 +823
-478 +482 +802
-480 +457 +785
-487 +396 +753
-534 +450 +718
-505 +470 +741
-526 +438 +726
-524 +446 +602
-456 +686 +676
-452 +654 +736
-458 +630 +782
-528 +452 +900
-562 +353 +930
-619 +251 +930
-764 -018 +952
-761 -133 +890
-752 -215 +758
-726 -288 +502
-702 -288 +504
-645 -236 +471
-504 -082 +432
-446 -014 +451
-352 +101 +502
-164 +448 +612
-130 +422 +647
-073 +340 +731
+122 +264 +746
+191 +314 +728
+276 +336 +815
+506 +414 +060
+548 +375 +079
+602 +283 +116
+704 +156 +030
+755 +096 +055
+836 +058 +092
+012 +018 +224
+057 -005 +231
+063 -071 +282
+048 -170 +240
+030 -160 +191
+014 -147 +091
+940 -208 +900
+912 -230 +917
+868 -233 +986
+790 -290 +130
+760 -197 +191
+727 -164 +214
+574 -204 +192
+527 -163 +121
+454 -148 +056
+292 +010 +120
+243 +021 +109
+187 +030 +085
+022 -050 +986
-006 -035 +879
-072 -009 +759
-202 +156 +588
-226 +173 +614
-251 +196 +583
-298 +272 +474
-303 +325 +518
-298 +397 +548
-280 +606 +636
-279 +644 +679
-288 +671 +741
-294 +638 +834
-303 +636 +845
-313 +621 +827
-322 +550 +756
-334 +556 +768
-298 +784 +965
-372 +306 +702
-329 +506 +627
-382 +510 +796
-434 +330 +684
-434 +347 +768
-391 +687 +775
-412 +498 +734
-435 +463 +789
-443 +506 +744
-489 +514 +762
-476 +492 +719
-436 +588 +730
-420 +611 +744
-416 +619 +804
-416 +626 +918
-448 +598 +915
-491 +517 +941
-596 +258 +982
-615 +165 +958
-645 +023 +879
-676 -220 +700
-671 -239 +634
-624 -221 +589
-450 -044 +428
-389 +005 +452
-294 +074 +469
-068 +240 +590
+000 +310 +632
+069 +413 +672
+242 +526 +910
+299 +525 +906
+373 +619 +852
+468 +414 +952
+513 +378 +928
+578 +299 +003
+768 +256 +182
+797 +173 +253
+822 +108 +214
+868 -156 +090
+901 -149 +090
+944 -108 +055
+998 -174 +030
+997 -111 +038
+995 -046 +076
+958 -094 +132
+947 -148 +146
+912 -143 +149
+812 +000 +234
+786 -040 +179
+725 -057 +151
+596 -072 +058
+546 -081 +058
+459 -042 +074
+286 -020 +078
+248 -021 +090
+199 -039 +123
+088 -018 +000
+052 -016 +946
-008 +024 +844
-144 +116 +636
-181 +136 +655
-219 +155 +658
-272 +248 +574
-286 +305 +505
-300 +399 +485
-342 +514 +580
-341 +529 +600
-334 +562 +650
-312 +568 +760
-306 +608 +759
-301 +667 +775
-298 +716 +842
-289 +981 +979
-316 +693 +950
-350 +484 +534
-395 +487 +653
-414 +491 +767
-410 +516 +766
-413 +519 +791
-408 +513 +818
-396 +500 +696
-414 +493 +739
-443 +526 +786
-434 +503 +755
-360 +684 +812
-356 +771 +806
-363 +796 +774
-426 +608 +794
-466 +501 +812
-524 +363 +859
-678 +082 +922
-691 +022 +902
-692 -065 +863
-666 -210 +752
-639 -229 +707
-583 -182 +632
-446 +004 +518
-392 +062 +545
-305 +161 +535
-116 +374 +580
-088 +424 +633
-051 +443 +700
+056 +432 +882
+122 +390 +889
+210 +391 +938
